sku,producto,handle,estado_producto,diametro,anchura,pcd,et,buje,peso,peso_unidad,unidades_por_juego,acabado,carga,estado_datos,campos_ausentes,datos_anomalos,n_metafields
OYL260416001,Juego de 4 llantas 18 pulgadas Mercedes-Benz – OYL260416001,oyl260416001-18-mercedes-benz,DRAFT,18,8.5,5x112,43,66.5,44,KILOGRAMS,4 (por defecto del tema),,,completo,,,5
OYL260416002,Juego de 4 llantas 18 pulgadas Volkswagen – OYL260416002,oyl260416002-18-volkswagen,DRAFT,18,8.0,5x112,48,57.1,44,KILOGRAMS,4 (por defecto del tema),,,completo,,,5
OYL260416003,Juego de 4 llantas 17 pulgadas Audi – OYL260416003,oyl260416003-17-audi,DRAFT,17,8.0,5x112,38,66.45,40,KILOGRAMS,4 (por defecto del tema),,,completo,,,5
OYL260416004,Juego de 4 llantas 18 pulgadas Audi – OYL260416004,oyl260416004-18-audi,DRAFT,18,8.0,5x112,39,66.5,44,KILOGRAMS,4 (por defecto del tema),,,completo,,,5
OYL260416005,Juego de 4 llantas 16 pulgadas Volkswagen – OYL260416005,oyl260416005-16-volkswagen,DRAFT,16,7.0,5x112,45,57.1,36,KILOGRAMS,4 (por defecto del tema),,,completo,,,5
OYL260416006,Juego de 4 llantas 17 pulgadas Mercedes-Benz – OYL260416006,oyl260416006-17-mercedes-benz,DRAFT,17,7.0,5x112,48,66.5,40,KILOGRAMS,4 (por defecto del tema),,,completo,,,5
OYL260416007,Juego de 4 llantas 18 pulgadas Volkswagen – OYL260416007,oyl260416007-18-volkswagen,DRAFT,18,8.0,5x112,48,57.1,44,KILOGRAMS,4 (por defecto del tema),,,completo,,,5
OYL260416008,Juego de 4 llantas 18 pulgadas Volkswagen – OYL260416008,oyl260416008-18-volkswagen,DRAFT,18,8.0,5x112,44,57.1,44,KILOGRAMS,4 (por defecto del tema),,,completo,,,5
OYL260416009,Juego de 4 llantas 19 pulgadas Audi – OYL260416009,oyl260416009-19-audi,DRAFT,19,8.5,5x112,35,66.45,48,KILOGRAMS,4 (por defecto del tema),,,completo,,,5
OYL260416010,Juego de 4 llantas 18 pulgadas Volkswagen – OYL260416010,oyl260416010-18-volkswagen,DRAFT,18,8.0,5x112,44,57.1,44,KILOGRAMS,4 (por defecto del tema),,,completo,,,5
OYL260416011,Juego de 4 llantas 18 pulgadas Mercedes-Benz – OYL260416011,oyl260416011-18-mercedes-benz,DRAFT,18,8.0,5x112,45,66.5,44,KILOGRAMS,4 (por defecto del tema),,,completo,,,5
OYL260416012,Juego de 4 llantas 18 pulgadas Volkswagen – OYL260416012,oyl260416012-18-volkswagen,DRAFT,18,7.0,5x112,45,57.1,44,KILOGRAMS,4 (por defecto del tema),,,completo,,,5
OYL260416013,Juego de 4 llantas 18 pulgadas Mercedes-Benz – OYL260416013,oyl260416013-18-mercedes-benz,DRAFT,18,8.0,5x112,43,66.5,44,KILOGRAMS,4 (por defecto del tema),,,completo,,,5
OYL260416014,Juego de 4 llantas 18 pulgadas BMW – OYL260416014,oyl260416014-18-bmw,DRAFT,18,8.0,5x120,34,72.6,44,KILOGRAMS,4 (por defecto del tema),,,completo,,,5
OYL260416015,Juego de 4 llantas 18 pulgadas BMW – OYL260416015,oyl260416015-18-bmw,DRAFT,18,8.5,5x120,47,72.6,44,KILOGRAMS,4 (por defecto del tema),,,completo,,,5
OYL260416016,Juego de 4 llantas 17 pulgadas Audi – OYL260416016,oyl260416016-17-audi,DRAFT,17,7.5,5x112,35,66.45,40,KILOGRAMS,4 (por defecto del tema),,,completo,,,5
OYL260416017,Juego de 4 llantas 18 pulgadas Vehículos europeos – OYL260416017,oyl260416017-18-vehiculos-europeos,DRAFT,18,8.0,5x114.3,35,73.1,44,KILOGRAMS,4 (por defecto del tema),,,completo,,,5
OYL260416018,Juego de 4 llantas 19 pulgadas Audi – OYL260416018,oyl260416018-19-audi,DRAFT,19,8.5,5x112,35,66.45,48,KILOGRAMS,4 (por defecto del tema),,,completo,,,5
OYL260416019,Juego de 4 llantas 19 pulgadas Vehículos europeos – OYL260416019,oyl260416019-19-vehiculos-europeos,DRAFT,19,8.5,5x114.3,35,73.1,48,KILOGRAMS,4 (por defecto del tema),,,completo,,,5
OYL260416020,Juego de 4 llantas 20 pulgadas Audi – OYL260416020,oyl260416020-20-audi,DRAFT,20,9.0,5x112,30,66.45,52,KILOGRAMS,4 (por defecto del tema),,,completo,,,5
OYL260416021,Juego de 4 llantas 21 pulgadas Audi – OYL260416021,oyl260416021-21-audi,DRAFT,21,9.0,5x112,30,66.45,56,KILOGRAMS,4 (por defecto del tema),,,completo,,,5
OYL260416022,Juego de 4 llantas 18 pulgadas BMW – OYL260416022,oyl260416022-18-bmw,DRAFT,18,8.0,5x112,30,66.56,44,KILOGRAMS,4 (por defecto del tema),,,completo,,,5
OYL260416023,Juego de 4 llantas 18 pulgadas BMW – OYL260416023,oyl260416023-18-bmw,DRAFT,18,8.0,5x120,31,72.6,44,KILOGRAMS,4 (por defecto del tema),,,completo,,,5
OYL260416024,Juego de 4 llantas 20 pulgadas BMW – OYL260416024,oyl260416024-20-bmw,DRAFT,20,11.0,5x120,37,74.1,52,KILOGRAMS,4 (por defecto del tema),,,completo,,,5
OYL260416025,Juego de 4 llantas 20 pulgadas BMW – OYL260416025,oyl260416025-20-bmw,DRAFT,20,11.0,5x120,37,74.1,52,KILOGRAMS,4 (por defecto del tema),,,completo,,,5
OYL260416026,Juego de 4 llantas 19 pulgadas Mercedes-Benz – OYL260416026,oyl260416026-19-mercedes-benz,DRAFT,19,8.5,5x112,38,66.56,48,KILOGRAMS,4 (por defecto del tema),,,completo,,,5
OYL260416027,Juego de 4 llantas 19 pulgadas Mercedes-Benz – OYL260416027,oyl260416027-19-mercedes-benz,DRAFT,19,9.5,5x112,43,66.56,48,KILOGRAMS,4 (por defecto del tema),,,completo,,,5
OYL260416028,Juego de 4 llantas 20 pulgadas Mercedes-Benz – OYL260416028,oyl260416028-20-mercedes-benz,DRAFT,20,8.5,5x112,38,66.56,52,KILOGRAMS,4 (por defecto del tema),,,completo,,,5
OYL260416029,Juego de 4 llantas 20 pulgadas Mercedes-Benz – OYL260416029,oyl260416029-20-mercedes-benz,DRAFT,20,9.5,5x112,43,66.56,52,KILOGRAMS,4 (por defecto del tema),,,completo,,,5
OYL260416030,Juego de 4 llantas 21 pulgadas Mercedes-Benz – OYL260416030,oyl260416030-21-mercedes-benz,DRAFT,21,10.0,5x112,45,66.5,56,KILOGRAMS,4 (por defecto del tema),,,completo,,,5
OYL260416031,Juego de 4 llantas 21 pulgadas Mercedes-Benz – OYL260416031,oyl260416031-21-mercedes-benz,DRAFT,21,11.0,5x112,42,66.5,56,KILOGRAMS,4 (por defecto del tema),,,completo,,,5
OYL260416032,Juego de 4 llantas 22 pulgadas Mercedes-Benz – OYL260416032,oyl260416032-22-mercedes-benz,DRAFT,22,11.5,5x112,47,66.5,60,KILOGRAMS,4 (por defecto del tema),,,completo,,,5
OYL260416033,Juego de 4 llantas 22 pulgadas Mercedes-Benz – OYL260416033,oyl260416033-22-mercedes-benz,DRAFT,22,11.5,5x112,47,66.5,60,KILOGRAMS,4 (por defecto del tema),,,completo,,,5
OYL260416034,Juego de 4 llantas 19 pulgadas Mercedes-Benz – OYL260416034,oyl260416034-19-mercedes-benz,DRAFT,19,9.5,5x112,43,66.45,48,KILOGRAMS,4 (por defecto del tema),,,completo,,,5
OYL260416035,Juego de 4 llantas 19 pulgadas Mercedes-Benz – OYL260416035,oyl260416035-19-mercedes-benz,DRAFT,19,8.5,5x112,38,66.45,48,KILOGRAMS,4 (por defecto del tema),,,completo,,,5
OYL260416036,Juego de 4 llantas 19 pulgadas Mercedes-Benz – OYL260416036,oyl260416036-19-mercedes-benz,DRAFT,19,9.5,5x112,43,66.45,48,KILOGRAMS,4 (por defecto del tema),,,completo,,,5
OYL260416037,Juego de 4 llantas 20 pulgadas Mercedes-Benz – OYL260416037,oyl260416037-20-mercedes-benz,DRAFT,20,9.5,5x112,43,66.45,52,KILOGRAMS,4 (por defecto del tema),,,completo,,,5
OYL260416038,Juego de 4 llantas 22 pulgadas Mercedes-Benz – OYL260416038,oyl260416038-22-mercedes-benz,DRAFT,22,10.0,5x130,35,84.1,60,KILOGRAMS,4 (por defecto del tema),,,completo,,,5
OYL260416039,Juego de 4 llantas 22 pulgadas Mercedes-Benz – OYL260416039,oyl260416039-22-mercedes-benz,DRAFT,22,10.0,5x130,35,84.1,60,KILOGRAMS,4 (por defecto del tema),,,completo,,,5
OYL260416040,Juego de 4 llantas 18 pulgadas BMW – OYL260416040,oyl260416040-18-bmw,DRAFT,18,8.0,5x120,30,72.6,44,KILOGRAMS,4 (por defecto del tema),,,completo,,,5
OYL260416041,Juego de 4 llantas 17 pulgadas BMW – OYL260416041,oyl260416041-17-bmw,DRAFT,17,8.0,5x120,30,72.6,40,KILOGRAMS,4 (por defecto del tema),,,completo,,,5
OYL260416042,Juego de 4 llantas 20 pulgadas BMW – OYL260416042,oyl260416042-20-bmw,DRAFT,20,11.0,5x112,35,66.6,52,KILOGRAMS,4 (por defecto del tema),,,completo,,,5
OYL260416043,Juego de 4 llantas 20 pulgadas BMW – OYL260416043,oyl260416043-20-bmw,DRAFT,20,10.0,5x112,40,66.5,52,KILOGRAMS,4 (por defecto del tema),,,completo,,,5
OYL260416044,Juego de 4 llantas 20 pulgadas BMW – OYL260416044,oyl260416044-20-bmw,DRAFT,20,11.0,5x112,35,66.6,52,KILOGRAMS,4 (por defecto del tema),,,completo,,,5
OYL260416045,Juego de 4 llantas 20 pulgadas BMW – OYL260416045,oyl260416045-20-bmw,DRAFT,20,10.0,5x120,40,74.1,52,KILOGRAMS,4 (por defecto del tema),,,completo,,,5
OYL260416046,Juego de 4 llantas 20 pulgadas BMW – OYL260416046,oyl260416046-20-bmw,DRAFT,20,11.0,5x120,35,74.1,52,KILOGRAMS,4 (por defecto del tema),,,completo,,,5
OYL260416047,Juego de 4 llantas 20 pulgadas BMW – OYL260416047,oyl260416047-20-bmw,DRAFT,20,10.0,5x120,40,74.1,52,KILOGRAMS,4 (por defecto del tema),,,completo,,,5
OYL260416048,Juego de 4 llantas 20 pulgadas BMW – OYL260416048,oyl260416048-20-bmw,DRAFT,20,11.0,5x120,35,74.1,52,KILOGRAMS,4 (por defecto del tema),,,completo,,,5
OYL260416049,Juego de 4 llantas 20 pulgadas BMW – OYL260416049,oyl260416049-20-bmw,DRAFT,20,10.5,5x112,40,66.5,52,KILOGRAMS,4 (por defecto del tema),,,completo,,,5
OYL260416050,Juego de 4 llantas 20 pulgadas BMW – OYL260416050,oyl260416050-20-bmw,DRAFT,20,10.5,5x112,40,66.5,52,KILOGRAMS,4 (por defecto del tema),,,completo,,,5
OYL260416051,Juego de 4 llantas 22 pulgadas BMW – OYL260416051,oyl260416051-22-bmw,DRAFT,22,9.5,5x112,37,66.5,60,KILOGRAMS,4 (por defecto del tema),,,completo,,,5
OYL260416052,Juego de 4 llantas 22 pulgadas BMW – OYL260416052,oyl260416052-22-bmw,DRAFT,22,9.5,5x120,37,74.1,60,KILOGRAMS,4 (por defecto del tema),,,completo,,,5
OYL260416053,Juego de 4 llantas 22 pulgadas BMW – OYL260416053,oyl260416053-22-bmw,DRAFT,22,9.5,5x120,37,74.1,60,KILOGRAMS,4 (por defecto del tema),,,completo,,,5
OYL260416054,Juego de 4 llantas 22 pulgadas BMW – OYL260416054,oyl260416054-22-bmw,DRAFT,22,10.5,5x112,43,66.5,60,KILOGRAMS,4 (por defecto del tema),,,completo,,,5
OYL260416055,Juego de 4 llantas 18 pulgadas Audi – OYL260416055,oyl260416055-18-audi,DRAFT,18,8.0,5x112,35,66.5,44,KILOGRAMS,4 (por defecto del tema),,,completo,,,5
OYL260416056,Juego de 4 llantas 19 pulgadas Audi – OYL260416056,oyl260416056-19-audi,DRAFT,19,8.5,5x112,35,66.45,48,KILOGRAMS,4 (por defecto del tema),,,completo,,,5
OYL260416057,Juego de 4 llantas 19 pulgadas Audi – OYL260416057,oyl260416057-19-audi,DRAFT,19,8.5,5x112,35,66.45,48,KILOGRAMS,4 (por defecto del tema),,,completo,,,5
OYL260416058,Juego de 4 llantas 18 pulgadas BMW – OYL260416058,oyl260416058-18-bmw,DRAFT,18,8.0,5x120,30,72.6,44,KILOGRAMS,4 (por defecto del tema),,,completo,,,5
OYL260416059,Juego de 4 llantas 17 pulgadas Audi – OYL260416059,oyl260416059-17-audi,DRAFT,17,7.5,5x112,35,66.45,40,KILOGRAMS,4 (por defecto del tema),,,completo,,,5
OYL260416060,Juego de 4 llantas 17 pulgadas Audi – OYL260416060,oyl260416060-17-audi,DRAFT,17,7.5,5x112,35,66.45,40,KILOGRAMS,4 (por defecto del tema),,,completo,,,5
OYL260416061,Juego de 4 llantas 18 pulgadas Audi – OYL260416061,oyl260416061-18-audi,DRAFT,18,8.0,5x112,35,66.45,44,KILOGRAMS,4 (por defecto del tema),,,completo,,,5
OYL260416062,Juego de 4 llantas 19 pulgadas Audi – OYL260416062,oyl260416062-19-audi,DRAFT,19,8.5,5x112,35,66.45,48,KILOGRAMS,4 (por defecto del tema),,,completo,,,5
OYL260416063,Juego de 4 llantas 20 pulgadas Audi – OYL260416063,oyl260416063-20-audi,DRAFT,20,9.0,5x112,30,66.45,52,KILOGRAMS,4 (por defecto del tema),,,completo,,,5
OYL260416064,Juego de 4 llantas 20 pulgadas Audi – OYL260416064,oyl260416064-20-audi,DRAFT,20,9.0,5x112,30,66.45,52,KILOGRAMS,4 (por defecto del tema),,,completo,,,5
OYL260416065,Juego de 4 llantas 19 pulgadas BMW – OYL260416065,oyl260416065-19-bmw,DRAFT,19,8.5,5x112,30,66.5,48,KILOGRAMS,4 (por defecto del tema),,,completo,,,5
OYL260416066,Juego de 4 llantas 19 pulgadas BMW – OYL260416066,oyl260416066-19-bmw,DRAFT,19,9.5,5x120,35,72.6,48,KILOGRAMS,4 (por defecto del tema),,,completo,,,5
OYL260416067,Juego de 4 llantas 20 pulgadas BMW – OYL260416067,oyl260416067-20-bmw,DRAFT,20,9.0,5x112,35,66.5,52,KILOGRAMS,4 (por defecto del tema),,,completo,,,5
OYL260416068,Juego de 4 llantas 20 pulgadas BMW – OYL260416068,oyl260416068-20-bmw,DRAFT,20,10.5,5x112,40,66.5,52,KILOGRAMS,4 (por defecto del tema),,,completo,,,5
OYL260416069,Juego de 4 llantas 20 pulgadas BMW – OYL260416069,oyl260416069-20-bmw,DRAFT,20,10.5,5x112,40,66.5,52,KILOGRAMS,4 (por defecto del tema),,,completo,,,5
OYL260416070,Juego de 4 llantas 20 pulgadas BMW – OYL260416070,oyl260416070-20-bmw,DRAFT,20,9.0,5x120,35,74.1,52,KILOGRAMS,4 (por defecto del tema),,,completo,,,5
OYL260416071,Juego de 4 llantas 20 pulgadas BMW – OYL260416071,oyl260416071-20-bmw,DRAFT,20,10.5,5x120,40,74.1,52,KILOGRAMS,4 (por defecto del tema),,,completo,,,5
OYL260416072,Juego de 4 llantas 20 pulgadas BMW – OYL260416072,oyl260416072-20-bmw,DRAFT,20,10.5,5x120,40,74.1,52,KILOGRAMS,4 (por defecto del tema),,,completo,,,5
OYL260416073,Juego de 4 llantas 20 pulgadas BMW – OYL260416073,oyl260416073-20-bmw,DRAFT,20,10.5,5x112,40,66.5,52,KILOGRAMS,4 (por defecto del tema),,,completo,,,5
OYL260416074,Juego de 4 llantas 20 pulgadas BMW – OYL260416074,oyl260416074-20-bmw,DRAFT,20,10.5,5x120,40,74.1,52,KILOGRAMS,4 (por defecto del tema),,,completo,,,5
OYL260416075,Juego de 4 llantas 22 pulgadas BMW – OYL260416075,oyl260416075-22-bmw,DRAFT,22,9.5,5x112,37,66.56,60,KILOGRAMS,4 (por defecto del tema),,,completo,,,5
OYL260416076,Juego de 4 llantas 22 pulgadas BMW – OYL260416076,oyl260416076-22-bmw,DRAFT,22,10.5,5x112,43,66.56,60,KILOGRAMS,4 (por defecto del tema),,,completo,,,5
OYL260416077,Juego de 4 llantas 22 pulgadas BMW – OYL260416077,oyl260416077-22-bmw,DRAFT,22,9.5,5x112,37,66.56,60,KILOGRAMS,4 (por defecto del tema),,,completo,,,5
OYL260416078,Juego de 4 llantas 22 pulgadas BMW – OYL260416078,oyl260416078-22-bmw,DRAFT,22,10.5,5x120,43,74.1,60,KILOGRAMS,4 (por defecto del tema),,,completo,,,5
OYL260416079,Juego de 4 llantas 22 pulgadas BMW – OYL260416079,oyl260416079-22-bmw,DRAFT,22,9.5,5x112,37,66.5,60,KILOGRAMS,4 (por defecto del tema),,,completo,,,5
OYL260416080,Juego de 4 llantas 22 pulgadas BMW – OYL260416080,oyl260416080-22-bmw,DRAFT,22,10.5,5x120,43,74.1,60,KILOGRAMS,4 (por defecto del tema),,,completo,,,5
OYL260416081,Juego de 4 llantas 18 pulgadas BMW – OYL260416081,oyl260416081-18-bmw,DRAFT,18,8.0,5x112,30,66.56,44,KILOGRAMS,4 (por defecto del tema),,,completo,,,5
OYL260416082,Juego de 4 llantas 18 pulgadas BMW – OYL260416082,oyl260416082-18-bmw,DRAFT,18,8.0,5x120,30,72.6,44,KILOGRAMS,4 (por defecto del tema),,,completo,,,5
OYL260416083,Juego de 4 llantas 18 pulgadas BMW – OYL260416083,oyl260416083-18-bmw,DRAFT,18,8.0,5x112,30,66.56,44,KILOGRAMS,4 (por defecto del tema),,,completo,,,5
OYL260416084,Juego de 4 llantas 18 pulgadas BMW – OYL260416084,oyl260416084-18-bmw,DRAFT,18,8.0,5x112,30,66.56,44,KILOGRAMS,4 (por defecto del tema),,,completo,,,5
OYL260416085,Juego de 4 llantas 17 pulgadas BMW – OYL260416085,oyl260416085-17-bmw,DRAFT,17,8.0,5x120,25,72.6,40,KILOGRAMS,4 (por defecto del tema),,,completo,,,5
OYL260416086,Juego de 4 llantas 19 pulgadas BMW – OYL260416086,oyl260416086-19-bmw,DRAFT,19,8.0,5x120,30,72.56,48,KILOGRAMS,4 (por defecto del tema),,,completo,,,5
OYL260416087,Juego de 4 llantas 19 pulgadas BMW – OYL260416087,oyl260416087-19-bmw,DRAFT,19,8.0,5x120,30,72.56,48,KILOGRAMS,4 (por defecto del tema),,,completo,,,5
OYL260416088,Juego de 4 llantas 18 pulgadas Mercedes-Benz – OYL260416088,oyl260416088-18-mercedes-benz,DRAFT,18,8.0,5x112,43,66.5,44,KILOGRAMS,4 (por defecto del tema),,,completo,,,5
OYL260416089,Juego de 4 llantas 19 pulgadas Audi – OYL260416089,oyl260416089-19-audi,DRAFT,19,8.5,5x112,30,66.45,48,KILOGRAMS,4 (por defecto del tema),,,completo,,,5
OYL260416090,Juego de 4 llantas 19 pulgadas Audi – OYL260416090,oyl260416090-19-audi,DRAFT,19,8.5,5x112,30,66.45,48,KILOGRAMS,4 (por defecto del tema),,,completo,,,5
OYL260416091,Juego de 4 llantas 20 pulgadas Audi – OYL260416091,oyl260416091-20-audi,DRAFT,20,9.0,5x112,30,66.45,52,KILOGRAMS,4 (por defecto del tema),,,completo,,,5
OYL260416092,Juego de 4 llantas 20 pulgadas Audi – OYL260416092,oyl260416092-20-audi,DRAFT,20,9.0,5x112,30,66.45,52,KILOGRAMS,4 (por defecto del tema),,,completo,,,5
OYL260416093,Juego de 4 llantas 20 pulgadas Audi – OYL260416093,oyl260416093-20-audi,DRAFT,20,9.0,5x112,30,66.45,52,KILOGRAMS,4 (por defecto del tema),,,completo,,,5
OYL260416094,Juego de 4 llantas 17 pulgadas Audi – OYL260416094,oyl260416094-17-audi,DRAFT,17,7.5,5x112,35,66.45,40,KILOGRAMS,4 (por defecto del tema),,,completo,,,5
OYL260416095,Juego de 4 llantas 17 pulgadas Vehículos europeos – OYL260416095,oyl260416095-17-vehiculos-europeos,DRAFT,17,7.5,5x112,,66.5,40,KILOGRAMS,4 (por defecto del tema),,,incompleto,offset_et,,4
OYL260416096,Juego de 4 llantas 18 pulgadas Audi – OYL260416096,oyl260416096-18-audi,DRAFT,18,8.0,5x112,35,66.45,44,KILOGRAMS,4 (por defecto del tema),,,completo,,,5
OYL260416097,Juego de 4 llantas 18 pulgadas Audi – OYL260416097,oyl260416097-18-audi,DRAFT,18,8.0,5x112,35,66.45,44,KILOGRAMS,4 (por defecto del tema),,,completo,,,5
OYL260416098,Juego de 4 llantas 18 pulgadas Vehículos europeos – OYL260416098,oyl260416098-18-vehiculos-europeos,DRAFT,18,8.0,5x112,,66.5,44,KILOGRAMS,4 (por defecto del tema),,,incompleto,offset_et,,4
OYL260416099,Juego de 4 llantas 19 pulgadas Audi – OYL260416099,oyl260416099-19-audi,DRAFT,19,8.5,5x112,30,66.45,48,KILOGRAMS,4 (por defecto del tema),,,completo,,,5
OYL260416100,Juego de 4 llantas 20 pulgadas Audi – OYL260416100,oyl260416100-20-audi,DRAFT,20,9.0,5x112,30,66.45,52,KILOGRAMS,4 (por defecto del tema),,,completo,,,5
OYL260416101,Juego de 4 llantas 21 pulgadas Audi – OYL260416101,oyl260416101-21-audi,DRAFT,21,9.0,5x112,25,66.5,56,KILOGRAMS,4 (por defecto del tema),,,completo,,,5
OYL260416102,Juego de 4 llantas 20 pulgadas Audi – OYL260416102,oyl260416102-20-audi,DRAFT,20,9.0,5x112,30,66.45,52,KILOGRAMS,4 (por defecto del tema),,,completo,,,5
OYL260416103,Juego de 4 llantas 23 pulgadas Audi – OYL260416103,oyl260416103-23-audi,DRAFT,23,10.0,5x112,20,66.5,64,KILOGRAMS,4 (por defecto del tema),,,completo,,,5
OYL260416104,Juego de 4 llantas 18 pulgadas Mercedes-Benz – OYL260416104,oyl260416104-18-mercedes-benz,DRAFT,18,8.0,5x112,36,66.5,44,KILOGRAMS,4 (por defecto del tema),,,completo,,,5
OYL260416105,Juego de 4 llantas 18 pulgadas Mercedes-Benz – OYL260416105,oyl260416105-18-mercedes-benz,DRAFT,18,9.0,5x112,42,66.5,44,KILOGRAMS,4 (por defecto del tema),,,completo,,,5
OYL260416106,Juego de 4 llantas 18 pulgadas Mercedes-Benz – OYL260416106,oyl260416106-18-mercedes-benz,DRAFT,18,8.0,5x112,36,66.5,44,KILOGRAMS,4 (por defecto del tema),,,completo,,,5
OYL260416107,Juego de 4 llantas 18 pulgadas Mercedes-Benz – OYL260416107,oyl260416107-18-mercedes-benz,DRAFT,18,9.0,5x112,42,66.5,44,KILOGRAMS,4 (por defecto del tema),,,completo,,,5
OYL260416108,Juego de 4 llantas 19 pulgadas Mercedes-Benz – OYL260416108,oyl260416108-19-mercedes-benz,DRAFT,19,9.5,5x112,43,66.5,48,KILOGRAMS,4 (por defecto del tema),,,completo,,,5
OYL260416109,Juego de 4 llantas 19 pulgadas Mercedes-Benz – OYL260416109,oyl260416109-19-mercedes-benz,DRAFT,19,9.5,5x112,43,66.5,48,KILOGRAMS,4 (por defecto del tema),,,completo,,,5
OYL260416110,Juego de 4 llantas 20 pulgadas Mercedes-Benz – OYL260416110,oyl260416110-20-mercedes-benz,DRAFT,20,8.5,5x112,36,66.5,52,KILOGRAMS,4 (por defecto del tema),,,completo,,,5
OYL260416111,Juego de 4 llantas 20 pulgadas Mercedes-Benz – OYL260416111,oyl260416111-20-mercedes-benz,DRAFT,20,8.5,5x112,36,66.5,52,KILOGRAMS,4 (por defecto del tema),,,completo,,,5
OYL260416112,Juego de 4 llantas 20 pulgadas Mercedes-Benz – OYL260416112,oyl260416112-20-mercedes-benz,DRAFT,20,9.5,5x112,43,66.5,52,KILOGRAMS,4 (por defecto del tema),,,completo,,,5
OYL260416113,Juego de 4 llantas 18 pulgadas Mercedes-Benz – OYL260416113,oyl260416113-18-mercedes-benz,DRAFT,18,8.0,5x112,40,66.5,44,KILOGRAMS,4 (por defecto del tema),,,completo,,,5
OYL260416114,Juego de 4 llantas 18 pulgadas Mercedes-Benz – OYL260416114,oyl260416114-18-mercedes-benz,DRAFT,18,9.0,5x112,45,66.5,44,KILOGRAMS,4 (por defecto del tema),,,completo,,,5
OYL260416115,Juego de 4 llantas 18 pulgadas Mercedes-Benz – OYL260416115,oyl260416115-18-mercedes-benz,DRAFT,18,8.0,5x112,40,66.5,44,KILOGRAMS,4 (por defecto del tema),,,completo,,,5
OYL260416116,Juego de 4 llantas 18 pulgadas Mercedes-Benz – OYL260416116,oyl260416116-18-mercedes-benz,DRAFT,18,9.0,5x112,45,66.5,44,KILOGRAMS,4 (por defecto del tema),,,completo,,,5
OYL260416117,Juego de 4 llantas 18 pulgadas Vehículos europeos – OYL260416117,oyl260416117-18-vehiculos-europeos,DRAFT,18,8.0,5x112,35,66.6,44,KILOGRAMS,4 (por defecto del tema),,,completo,,,5
OYL260416118,Juego de 4 llantas 19 pulgadas Mercedes-Benz – OYL260416118,oyl260416118-19-mercedes-benz,DRAFT,19,8.0,5x112,36,66.5,48,KILOGRAMS,4 (por defecto del tema),,,completo,,,5
OYL260416119,Juego de 4 llantas 19 pulgadas Mercedes-Benz – OYL260416119,oyl260416119-19-mercedes-benz,DRAFT,19,9.0,5x112,42,66.5,48,KILOGRAMS,4 (por defecto del tema),,,completo,,,5
OYL260416120,Juego de 4 llantas 19 pulgadas Mercedes-Benz – OYL260416120,oyl260416120-19-mercedes-benz,DRAFT,19,8.0,5x112,36,66.5,48,KILOGRAMS,4 (por defecto del tema),,,completo,,,5
OYL260416121,Juego de 4 llantas 19 pulgadas Mercedes-Benz – OYL260416121,oyl260416121-19-mercedes-benz,DRAFT,19,9.0,5x112,42,66.5,48,KILOGRAMS,4 (por defecto del tema),,,completo,,,5
OYL260416122,Juego de 4 llantas 20 pulgadas Mercedes-Benz – OYL260416122,oyl260416122-20-mercedes-benz,DRAFT,20,8.5,5x112,36,66.5,52,KILOGRAMS,4 (por defecto del tema),,,completo,,,5
OYL260416123,Juego de 4 llantas 20 pulgadas Mercedes-Benz – OYL260416123,oyl260416123-20-mercedes-benz,DRAFT,20,9.5,5x112,43,66.5,52,KILOGRAMS,4 (por defecto del tema),,,completo,,,5
OYL260416124,Juego de 4 llantas 20 pulgadas Mercedes-Benz – OYL260416124,oyl260416124-20-mercedes-benz,DRAFT,20,8.5,5x112,36,66.5,52,KILOGRAMS,4 (por defecto del tema),,,completo,,,5
OYL260416125,Juego de 4 llantas 20 pulgadas Mercedes-Benz – OYL260416125,oyl260416125-20-mercedes-benz,DRAFT,20,9.5,5x112,43,66.5,52,KILOGRAMS,4 (por defecto del tema),,,completo,,,5
OYL260416126,Juego de 4 llantas 19 pulgadas Mercedes-Benz – OYL260416126,oyl260416126-19-mercedes-benz,DRAFT,19,8.0,5x112,38,66.5,48,KILOGRAMS,4 (por defecto del tema),,,completo,,,5
OYL260416127,Juego de 4 llantas 18 pulgadas Mercedes-Benz – OYL260416127,oyl260416127-18-mercedes-benz,DRAFT,18,8.0,5x112,36,66.5,44,KILOGRAMS,4 (por defecto del tema),,,completo,,,5
OYL260416128,Juego de 4 llantas 18 pulgadas Mercedes-Benz – OYL260416128,oyl260416128-18-mercedes-benz,DRAFT,18,9.0,5x112,42,66.5,44,KILOGRAMS,4 (por defecto del tema),,,completo,,,5
OYL260416129,Juego de 4 llantas 19 pulgadas Mercedes-Benz – OYL260416129,oyl260416129-19-mercedes-benz,DRAFT,19,8.5,5x112,36,66.5,48,KILOGRAMS,4 (por defecto del tema),,,completo,,,5
OYL260416130,Juego de 4 llantas 19 pulgadas Mercedes-Benz – OYL260416130,oyl260416130-19-mercedes-benz,DRAFT,19,9.5,5x112,43,66.5,48,KILOGRAMS,4 (por defecto del tema),,,completo,,,5
OYL260416131,Juego de 4 llantas 20 pulgadas Mercedes-Benz – OYL260416131,oyl260416131-20-mercedes-benz,DRAFT,20,8.5,5x112,36,66.5,52,KILOGRAMS,4 (por defecto del tema),,,completo,,,5
OYL260416132,Juego de 4 llantas 20 pulgadas Mercedes-Benz – OYL260416132,oyl260416132-20-mercedes-benz,DRAFT,20,9.5,5x112,43,66.5,52,KILOGRAMS,4 (por defecto del tema),,,completo,,,5
OYL260416133,Juego de 4 llantas 21 pulgadas Mercedes-Benz – OYL260416133,oyl260416133-21-mercedes-benz,DRAFT,21,9.0,5x112,34,66.5,56,KILOGRAMS,4 (por defecto del tema),,,completo,,,5
OYL260416134,Juego de 4 llantas 21 pulgadas Mercedes-Benz – OYL260416134,oyl260416134-21-mercedes-benz,DRAFT,21,10.0,5x112,48,66.5,56,KILOGRAMS,4 (por defecto del tema),,,completo,,,5
OYL260416135,Juego de 4 llantas 19 pulgadas Mercedes-Benz – OYL260416135,oyl260416135-19-mercedes-benz,DRAFT,19,8.5,5x112,36,66.5,48,KILOGRAMS,4 (por defecto del tema),,,completo,,,5
OYL260416136,Juego de 4 llantas 19 pulgadas Mercedes-Benz – OYL260416136,oyl260416136-19-mercedes-benz,DRAFT,19,9.5,5x112,43,66.5,48,KILOGRAMS,4 (por defecto del tema),,,completo,,,5
OYL260416137,Juego de 4 llantas 20 pulgadas Mercedes-Benz – OYL260416137,oyl260416137-20-mercedes-benz,DRAFT,20,8.5,5x112,36,66.5,52,KILOGRAMS,4 (por defecto del tema),,,completo,,,5
OYL260416138,Juego de 4 llantas 20 pulgadas Mercedes-Benz – OYL260416138,oyl260416138-20-mercedes-benz,DRAFT,20,9.5,5x112,45,66.5,52,KILOGRAMS,4 (por defecto del tema),,,completo,,,5
OYL260416139,Juego de 4 llantas 20 pulgadas Mercedes-Benz – OYL260416139,oyl260416139-20-mercedes-benz,DRAFT,20,8.5,5x112,36,66.5,52,KILOGRAMS,4 (por defecto del tema),,,completo,,,5
OYL260416140,Juego de 4 llantas 20 pulgadas Mercedes-Benz – OYL260416140,oyl260416140-20-mercedes-benz,DRAFT,20,9.5,5x112,45,66.5,52,KILOGRAMS,4 (por defecto del tema),,,completo,,,5
OYL260416141,Juego de 4 llantas 21 pulgadas Mercedes-Benz – OYL260416141,oyl260416141-21-mercedes-benz,DRAFT,21,10.0,5x112,45,66.5,56,KILOGRAMS,4 (por defecto del tema),,,completo,,,5
OYL260416142,Juego de 4 llantas 21 pulgadas Mercedes-Benz – OYL260416142,oyl260416142-21-mercedes-benz,DRAFT,21,11.0,5x112,42,66.5,56,KILOGRAMS,4 (por defecto del tema),,,completo,,,5
OYL260416143,Juego de 4 llantas 22 pulgadas Mercedes-Benz – OYL260416143,oyl260416143-22-mercedes-benz,DRAFT,22,9.5,5x112,45,66.5,60,KILOGRAMS,4 (por defecto del tema),,,completo,,,5
OYL260416144,Juego de 4 llantas 22 pulgadas Mercedes-Benz – OYL260416144,oyl260416144-22-mercedes-benz,DRAFT,22,11.5,5x112,47,66.5,60,KILOGRAMS,4 (por defecto del tema),,,completo,,,5
OYL260416145,Juego de 4 llantas 22 pulgadas Mercedes-Benz – OYL260416145,oyl260416145-22-mercedes-benz,DRAFT,22,9.5,5x112,45,66.5,60,KILOGRAMS,4 (por defecto del tema),,,completo,,,5
OYL260416146,Juego de 4 llantas 19 pulgadas Mercedes-Benz – OYL260416146,oyl260416146-19-mercedes-benz,DRAFT,19,8.5,5x112,36,66.5,48,KILOGRAMS,4 (por defecto del tema),,,completo,,,5
OYL260416147,Juego de 4 llantas 19 pulgadas Mercedes-Benz – OYL260416147,oyl260416147-19-mercedes-benz,DRAFT,19,9.5,5x112,43,66.5,48,KILOGRAMS,4 (por defecto del tema),,,completo,,,5
OYL260416148,Juego de 4 llantas 20 pulgadas Mercedes-Benz – OYL260416148,oyl260416148-20-mercedes-benz,DRAFT,20,8.5,5x112,36,66.5,52,KILOGRAMS,4 (por defecto del tema),,,completo,,,5
OYL260416149,Juego de 4 llantas 20 pulgadas Mercedes-Benz – OYL260416149,oyl260416149-20-mercedes-benz,DRAFT,20,9.5,5x112,43,66.5,52,KILOGRAMS,4 (por defecto del tema),,,completo,,,5
OYL260416150,Juego de 4 llantas 20 pulgadas Mercedes-Benz – OYL260416150,oyl260416150-20-mercedes-benz,DRAFT,20,8.5,5x112,36,66.5,52,KILOGRAMS,4 (por defecto del tema),,,completo,,,5
OYL260416151,Juego de 4 llantas 19 pulgadas Mercedes-Benz – OYL260416151,oyl260416151-19-mercedes-benz,DRAFT,19,8.5,5x112,36,66.5,48,KILOGRAMS,4 (por defecto del tema),,,completo,,,5
OYL260416152,Juego de 4 llantas 19 pulgadas Mercedes-Benz – OYL260416152,oyl260416152-19-mercedes-benz,DRAFT,19,9.5,5x112,43,66.5,48,KILOGRAMS,4 (por defecto del tema),,,completo,,,5
OYL260416153,Juego de 4 llantas 20 pulgadas Mercedes-Benz – OYL260416153,oyl260416153-20-mercedes-benz,DRAFT,20,8.5,5x112,36,66.5,52,KILOGRAMS,4 (por defecto del tema),,,completo,,,5
OYL260416154,Juego de 4 llantas 20 pulgadas Mercedes-Benz – OYL260416154,oyl260416154-20-mercedes-benz,DRAFT,20,9.5,5x112,43,66.5,52,KILOGRAMS,4 (por defecto del tema),,,completo,,,5
OYL260416155,Juego de 4 llantas 20 pulgadas BMW – OYL260416155,oyl260416155-20-bmw,DRAFT,20,10.5,5x112,40,66.5,52,KILOGRAMS,4 (por defecto del tema),,,completo,,,5
OYL260416156,Juego de 4 llantas 20 pulgadas BMW – OYL260416156,oyl260416156-20-bmw,DRAFT,20,10.5,5x120,40,74.1,52,KILOGRAMS,4 (por defecto del tema),,,completo,,,5
OYL260416157,Juego de 4 llantas 19 pulgadas BMW – OYL260416157,oyl260416157-19-bmw,DRAFT,19,8.5,5x112,30,66.5,48,KILOGRAMS,4 (por defecto del tema),,,completo,,,5
OYL260416158,Juego de 4 llantas 19 pulgadas BMW – OYL260416158,oyl260416158-19-bmw,DRAFT,19,9.5,5x112,35,66.5,48,KILOGRAMS,4 (por defecto del tema),,,completo,,,5
OYL260416159,Juego de 4 llantas 19 pulgadas BMW – OYL260416159,oyl260416159-19-bmw,DRAFT,19,8.5,5x120,30,72.6,48,KILOGRAMS,4 (por defecto del tema),,,completo,,,5
OYL260416160,Juego de 4 llantas 19 pulgadas BMW – OYL260416160,oyl260416160-19-bmw,DRAFT,19,9.5,5x120,35,72.6,48,KILOGRAMS,4 (por defecto del tema),,,completo,,,5
OYL260416161,Juego de 4 llantas 20 pulgadas BMW – OYL260416161,oyl260416161-20-bmw,DRAFT,20,8.5,5x112,25,66.5,52,KILOGRAMS,4 (por defecto del tema),,,completo,,,5
OYL260416162,Juego de 4 llantas 20 pulgadas BMW – OYL260416162,oyl260416162-20-bmw,DRAFT,20,8.5,5x120,25,72.6,52,KILOGRAMS,4 (por defecto del tema),,,completo,,,5
OYL260416163,Juego de 4 llantas 20 pulgadas BMW – OYL260416163,oyl260416163-20-bmw,DRAFT,20,9.5,5x120,35,72.6,52,KILOGRAMS,4 (por defecto del tema),,,completo,,,5
OYL260416164,Juego de 4 llantas 20 pulgadas BMW – OYL260416164,oyl260416164-20-bmw,DRAFT,20,9.5,5x112,40,66.5,52,KILOGRAMS,4 (por defecto del tema),,,completo,,,5
OYL260416165,Juego de 4 llantas 20 pulgadas BMW – OYL260416165,oyl260416165-20-bmw,DRAFT,20,8.5,5x120,25,72.6,52,KILOGRAMS,4 (por defecto del tema),,,completo,,,5
OYL260416166,Juego de 4 llantas 20 pulgadas BMW – OYL260416166,oyl260416166-20-bmw,DRAFT,20,9.5,5x120,40,72.6,52,KILOGRAMS,4 (por defecto del tema),,,completo,,,5
OYL260416167,Juego de 4 llantas 21 pulgadas BMW – OYL260416167,oyl260416167-21-bmw,DRAFT,21,9.0,5x112,24,66.5,56,KILOGRAMS,4 (por defecto del tema),,,completo,,,5
OYL260416168,Juego de 4 llantas 21 pulgadas BMW – OYL260416168,oyl260416168-21-bmw,DRAFT,21,10.5,5x112,44,66.5,56,KILOGRAMS,4 (por defecto del tema),,,completo,,,5
OYL260416169,Juego de 4 llantas 21 pulgadas BMW – OYL260416169,oyl260416169-21-bmw,DRAFT,21,9.0,5x120,24,72.6,56,KILOGRAMS,4 (por defecto del tema),,,completo,,,5
OYL260416170,Juego de 4 llantas 21 pulgadas BMW – OYL260416170,oyl260416170-21-bmw,DRAFT,21,10.5,5x120,44,72.6,56,KILOGRAMS,4 (por defecto del tema),,,completo,,,5
OYL260416171,Juego de 4 llantas 19 pulgadas BMW – OYL260416171,oyl260416171-19-bmw,DRAFT,19,8.0,5x120,25,72.56,48,KILOGRAMS,4 (por defecto del tema),,,completo,,,5
OYL260416172,Juego de 4 llantas 19 pulgadas BMW – OYL260416172,oyl260416172-19-bmw,DRAFT,19,9.0,5x112,35,66.5,48,KILOGRAMS,4 (por defecto del tema),,,completo,,,5
OYL260416173,Juego de 4 llantas 19 pulgadas BMW – OYL260416173,oyl260416173-19-bmw,DRAFT,19,8.0,5x120,25,72.56,48,KILOGRAMS,4 (por defecto del tema),,,completo,,,5
OYL260416174,Juego de 4 llantas 18 pulgadas Volkswagen – OYL260416174,oyl260416174-18-volkswagen,DRAFT,18,8.0,5x112,35,57.1,44,KILOGRAMS,4 (por defecto del tema),,,completo,,,5
OYL260416175,Juego de 4 llantas 18 pulgadas Volkswagen – OYL260416175,oyl260416175-18-volkswagen,DRAFT,18,8.0,5x112,35,57.1,44,KILOGRAMS,4 (por defecto del tema),,,completo,,,5
OYL260416176,Juego de 4 llantas 19 pulgadas Volkswagen – OYL260416176,oyl260416176-19-volkswagen,DRAFT,19,8.0,5x112,38,57.1,48,KILOGRAMS,4 (por defecto del tema),,,completo,,,5
OYL260416177,Juego de 4 llantas 19 pulgadas Volkswagen – OYL260416177,oyl260416177-19-volkswagen,DRAFT,19,8.0,5x112,38,57.1,48,KILOGRAMS,4 (por defecto del tema),,,completo,,,5
OYL260416178,Juego de 4 llantas 17 pulgadas Volkswagen – OYL260416178,oyl260416178-17-volkswagen,DRAFT,17,7.5,5x100,35,57.1,40,KILOGRAMS,4 (por defecto del tema),,,completo,,,5
OYL260416179,Juego de 4 llantas 18 pulgadas Volkswagen – OYL260416179,oyl260416179-18-volkswagen,DRAFT,18,8.0,5x112,35,57.1,44,KILOGRAMS,4 (por defecto del tema),,,completo,,,5
OYL260416180,Juego de 4 llantas 19 pulgadas Mercedes-Benz – OYL260416180,oyl260416180-19-mercedes-benz,DRAFT,19,8.5,5x112,36,66.5,48,KILOGRAMS,4 (por defecto del tema),,,completo,,,5
OYL260416181,Juego de 4 llantas 19 pulgadas Mercedes-Benz – OYL260416181,oyl260416181-19-mercedes-benz,DRAFT,19,9.5,5x112,42,66.5,48,KILOGRAMS,4 (por defecto del tema),,,completo,,,5
OYL260416182,Juego de 4 llantas 20 pulgadas Mercedes-Benz – OYL260416182,oyl260416182-20-mercedes-benz,DRAFT,20,8.5,5x112,36,66.5,52,KILOGRAMS,4 (por defecto del tema),,,completo,,,5
OYL260416183,Juego de 4 llantas 20 pulgadas Mercedes-Benz – OYL260416183,oyl260416183-20-mercedes-benz,DRAFT,20,9.5,5x112,42,66.5,52,KILOGRAMS,4 (por defecto del tema),,,completo,,,5
OYL260416184,Juego de 4 llantas 19 pulgadas BMW – OYL260416184,oyl260416184-19-bmw,DRAFT,19,9.5,5x112,35,66.5,48,KILOGRAMS,4 (por defecto del tema),,,completo,,,5
OYL260416185,Juego de 4 llantas 19 pulgadas BMW – OYL260416185,oyl260416185-19-bmw,DRAFT,19,9.5,5x120,35,72.6,48,KILOGRAMS,4 (por defecto del tema),,,completo,,,5
OYL260416186,Juego de 4 llantas 20 pulgadas BMW – OYL260416186,oyl260416186-20-bmw,DRAFT,20,9.5,5x112,40,66.5,52,KILOGRAMS,4 (por defecto del tema),,,completo,,,5
OYL260416187,Juego de 4 llantas 20 pulgadas BMW – OYL260416187,oyl260416187-20-bmw,DRAFT,20,8.5,5x120,25,72.6,52,KILOGRAMS,4 (por defecto del tema),,,completo,,,5
OYL260416188,Juego de 4 llantas 17 pulgadas Audi – OYL260416188,oyl260416188-17-audi,DRAFT,17,7.5,5x112,35,66.45,40,KILOGRAMS,4 (por defecto del tema),,,completo,,,5
OYL260416189,Juego de 4 llantas 18 pulgadas Audi – OYL260416189,oyl260416189-18-audi,DRAFT,18,8.0,5x112,35,66.45,44,KILOGRAMS,4 (por defecto del tema),,,completo,,,5
OYL260416190,Juego de 4 llantas 19 pulgadas Audi – OYL260416190,oyl260416190-19-audi,DRAFT,19,8.5,5x112,35,66.45,48,KILOGRAMS,4 (por defecto del tema),,,completo,,,5
OYL260416191,Juego de 4 llantas 21 pulgadas Audi – OYL260416191,oyl260416191-21-audi,DRAFT,21,9.0,5x112,25,66.45,56,KILOGRAMS,4 (por defecto del tema),,,completo,,,5
OYL260416192,Juego de 4 llantas 20 pulgadas Audi – OYL260416192,oyl260416192-20-audi,DRAFT,20,9.0,5x112,30,66.45,52,KILOGRAMS,4 (por defecto del tema),,,completo,,,5
OYL260416193,Juego de 4 llantas 22 pulgadas Audi – OYL260416193,oyl260416193-22-audi,DRAFT,22,10.0,5x112,20,66.5,60,KILOGRAMS,4 (por defecto del tema),,,completo,,,5
OYL260416194,Juego de 4 llantas 19 pulgadas Mercedes-Benz – OYL260416194,oyl260416194-19-mercedes-benz,DRAFT,19,8.5,5x112,36,66.5,48,KILOGRAMS,4 (por defecto del tema),,,completo,,,5
OYL260416195,Juego de 4 llantas 20 pulgadas Mercedes-Benz – OYL260416195,oyl260416195-20-mercedes-benz,DRAFT,20,8.5,5x112,36,66.5,52,KILOGRAMS,4 (por defecto del tema),,,completo,,,5
OYL260416196,Juego de 4 llantas 21 pulgadas Mercedes-Benz – OYL260416196,oyl260416196-21-mercedes-benz,DRAFT,21,9.0,5x112,34,66.5,56,KILOGRAMS,4 (por defecto del tema),,,completo,,,5
OYL260416197,Juego de 4 llantas 21 pulgadas Mercedes-Benz – OYL260416197,oyl260416197-21-mercedes-benz,DRAFT,21,10.0,5x112,48,66.5,56,KILOGRAMS,4 (por defecto del tema),,,completo,,,5
OYL260416198,Juego de 4 llantas 18 pulgadas Mercedes-Benz – OYL260416198,oyl260416198-18-mercedes-benz,DRAFT,18,8.0,5x112,36,66.5,44,KILOGRAMS,4 (por defecto del tema),,,completo,,,5
OYL260416199,Juego de 4 llantas 19 pulgadas Mercedes-Benz – OYL260416199,oyl260416199-19-mercedes-benz,DRAFT,19,8.5,5x112,36,66.5,48,KILOGRAMS,4 (por defecto del tema),,,completo,,,5
OYL260416200,Juego de 4 llantas 19 pulgadas Mercedes-Benz – OYL260416200,oyl260416200-19-mercedes-benz,DRAFT,19,9.5,5x112,45,66.5,48,KILOGRAMS,4 (por defecto del tema),,,completo,,,5
OYL260416201,Juego de 4 llantas 19 pulgadas BMW – OYL260416201,oyl260416201-19-bmw,DRAFT,19,8.0,5x112,30,66.5,48,KILOGRAMS,4 (por defecto del tema),,,completo,,,5
OYL260416202,Juego de 4 llantas 19 pulgadas BMW – OYL260416202,oyl260416202-19-bmw,DRAFT,19,9.0,5x120,35,72.5,48,KILOGRAMS,4 (por defecto del tema),,,completo,,,5
OYL260416203,Juego de 4 llantas 20 pulgadas BMW – OYL260416203,oyl260416203-20-bmw,DRAFT,20,8.5,5x112,30,66.5,52,KILOGRAMS,4 (por defecto del tema),,,completo,,,5
OYL260416204,Juego de 4 llantas 20 pulgadas BMW – OYL260416204,oyl260416204-20-bmw,DRAFT,20,9.5,5x112,35,66.5,52,KILOGRAMS,4 (por defecto del tema),,,completo,,,5
OYL260416205,Juego de 4 llantas 20 pulgadas BMW – OYL260416205,oyl260416205-20-bmw,DRAFT,20,8.5,5x112,30,66.5,52,KILOGRAMS,4 (por defecto del tema),,,completo,,,5
OYL260416206,Juego de 4 llantas 20 pulgadas BMW – OYL260416206,oyl260416206-20-bmw,DRAFT,20,9.5,5x112,35,66.5,52,KILOGRAMS,4 (por defecto del tema),,,completo,,,5
OYL260416207,Juego de 4 llantas 20 pulgadas BMW – OYL260416207,oyl260416207-20-bmw,DRAFT,20,8.5,5x120,30,72.56,52,KILOGRAMS,4 (por defecto del tema),,,completo,,,5
OYL260416208,Juego de 4 llantas 20 pulgadas BMW – OYL260416208,oyl260416208-20-bmw,DRAFT,20,9.5,5x120,35,72.56,52,KILOGRAMS,4 (por defecto del tema),,,completo,,,5
OYL260416209,Juego de 4 llantas 19 pulgadas Audi – OYL260416209,oyl260416209-19-audi,DRAFT,19,8.5,5x112,35,66.45,48,KILOGRAMS,4 (por defecto del tema),,,completo,,,5
OYL260416210,Juego de 4 llantas 19 pulgadas Vehículos europeos – OYL260416210,oyl260416210-19-vehiculos-europeos,DRAFT,19,8.5,5x114.3,35,73.1,48,KILOGRAMS,4 (por defecto del tema),,,completo,,,5
OYL260416211,Juego de 4 llantas 21 pulgadas BMW – OYL260416211,oyl260416211-21-bmw,DRAFT,21,10.5,5x112,43,66.5,56,KILOGRAMS,4 (por defecto del tema),,,completo,,,5
OYL260416212,Juego de 4 llantas 22 pulgadas BMW – OYL260416212,oyl260416212-22-bmw,DRAFT,22,9.5,5x112,37,66.5,60,KILOGRAMS,4 (por defecto del tema),,,completo,,,5
OYL260416213,Juego de 4 llantas 22 pulgadas BMW – OYL260416213,oyl260416213-22-bmw,DRAFT,22,10.5,5x112,43,66.5,60,KILOGRAMS,4 (por defecto del tema),,,completo,,,5
OYL260416214,Juego de 4 llantas 22 pulgadas BMW – OYL260416214,oyl260416214-22-bmw,DRAFT,22,9.5,5x120,37,74.1,60,KILOGRAMS,4 (por defecto del tema),,,completo,,,5
OYL260416215,Juego de 4 llantas 18 pulgadas Mercedes-Benz – OYL260416215,oyl260416215-18-mercedes-benz,DRAFT,18,8.0,5x112,36,66.5,44,KILOGRAMS,4 (por defecto del tema),,,completo,,,5
OYL260416216,Juego de 4 llantas 18 pulgadas Mercedes-Benz – OYL260416216,oyl260416216-18-mercedes-benz,DRAFT,18,9.0,5x112,43,66.5,44,KILOGRAMS,4 (por defecto del tema),,,completo,,,5
OYL260416217,Juego de 4 llantas 19 pulgadas Mercedes-Benz – OYL260416217,oyl260416217-19-mercedes-benz,DRAFT,19,8.5,5x112,36,66.5,48,KILOGRAMS,4 (por defecto del tema),,,completo,,,5
OYL260416218,Juego de 4 llantas 19 pulgadas Mercedes-Benz – OYL260416218,oyl260416218-19-mercedes-benz,DRAFT,19,9.5,5x112,43,66.5,48,KILOGRAMS,4 (por defecto del tema),,,completo,,,5
OYL260416219,Juego de 4 llantas 20 pulgadas Mercedes-Benz – OYL260416219,oyl260416219-20-mercedes-benz,DRAFT,20,8.5,5x112,36,66.5,52,KILOGRAMS,4 (por defecto del tema),,,completo,,,5
OYL260416220,Juego de 4 llantas 20 pulgadas Mercedes-Benz – OYL260416220,oyl260416220-20-mercedes-benz,DRAFT,20,9.5,5x112,43,66.5,52,KILOGRAMS,4 (por defecto del tema),,,completo,,,5
OYL260416221,Juego de 4 llantas 21 pulgadas Mercedes-Benz – OYL260416221,oyl260416221-21-mercedes-benz,DRAFT,21,10.0,5x112,48,66.5,56,KILOGRAMS,4 (por defecto del tema),,,completo,,,5
OYL260416222,Juego de 4 llantas 20 pulgadas Mercedes-Benz – OYL260416222,oyl260416222-20-mercedes-benz,DRAFT,20,8.5,5x112,36,66.5,52,KILOGRAMS,4 (por defecto del tema),,,completo,,,5
OYL260416223,Juego de 4 llantas 20 pulgadas Mercedes-Benz – OYL260416223,oyl260416223-20-mercedes-benz,DRAFT,20,9.5,5x112,43,66.5,52,KILOGRAMS,4 (por defecto del tema),,,completo,,,5
OYL260416224,Juego de 4 llantas 19 pulgadas BMW – OYL260416224,oyl260416224-19-bmw,DRAFT,19,8.0,5x112,30,66.5,48,KILOGRAMS,4 (por defecto del tema),,,completo,,,5
OYL260416225,Juego de 4 llantas 19 pulgadas BMW – OYL260416225,oyl260416225-19-bmw,DRAFT,19,9.0,5x112,44,66.5,48,KILOGRAMS,4 (por defecto del tema),,,completo,,,5
OYL260416226,Juego de 4 llantas 19 pulgadas BMW – OYL260416226,oyl260416226-19-bmw,DRAFT,19,8.0,5x120,30,72.6,48,KILOGRAMS,4 (por defecto del tema),,,completo,,,5
OYL260416227,Juego de 4 llantas 19 pulgadas BMW – OYL260416227,oyl260416227-19-bmw,DRAFT,19,9.0,5x120,44,72.6,48,KILOGRAMS,4 (por defecto del tema),,,completo,,,5
OYL260416228,Juego de 4 llantas 20 pulgadas BMW – OYL260416228,oyl260416228-20-bmw,DRAFT,20,9.0,5x112,35,66.5,52,KILOGRAMS,4 (por defecto del tema),,,completo,,,5
OYL260416229,Juego de 4 llantas 20 pulgadas BMW – OYL260416229,oyl260416229-20-bmw,DRAFT,20,10.5,5x112,40,66.5,52,KILOGRAMS,4 (por defecto del tema),,,completo,,,5
OYL260416230,Juego de 4 llantas 20 pulgadas BMW – OYL260416230,oyl260416230-20-bmw,DRAFT,20,9.0,5x120,35,74.1,52,KILOGRAMS,4 (por defecto del tema),,,completo,,,5
OYL260416231,Juego de 4 llantas 22 pulgadas BMW – OYL260416231,oyl260416231-22-bmw,DRAFT,22,9.5,5x112,37,66.5,60,KILOGRAMS,4 (por defecto del tema),,,completo,,,5
OYL260416232,Juego de 4 llantas 22 pulgadas BMW – OYL260416232,oyl260416232-22-bmw,DRAFT,22,10.5,5x112,43,66.5,60,KILOGRAMS,4 (por defecto del tema),,,completo,,,5
OYL260416233,Juego de 4 llantas 22 pulgadas BMW – OYL260416233,oyl260416233-22-bmw,DRAFT,22,9.5,5x120,37,74.1,60,KILOGRAMS,4 (por defecto del tema),,,completo,,,5
OYL260416234,Juego de 4 llantas 22 pulgadas BMW – OYL260416234,oyl260416234-22-bmw,DRAFT,22,10.5,5x120,43,74.1,60,KILOGRAMS,4 (por defecto del tema),,,completo,,,5
OYL260416235,Juego de 4 llantas 18 pulgadas BMW – OYL260416235,oyl260416235-18-bmw,DRAFT,18,8.5,5x120,30,72.56,44,KILOGRAMS,4 (por defecto del tema),,,completo,,,5
OYL260416236,Juego de 4 llantas 18 pulgadas BMW – OYL260416236,oyl260416236-18-bmw,DRAFT,18,8.5,5x112,30,66.5,44,KILOGRAMS,4 (por defecto del tema),,,completo,,,5
OYL260416237,Juego de 4 llantas 19 pulgadas BMW – OYL260416237,oyl260416237-19-bmw,DRAFT,19,8.5,5x120,25,72.56,48,KILOGRAMS,4 (por defecto del tema),,,completo,,,5
OYL260416238,Juego de 4 llantas 19 pulgadas BMW – OYL260416238,oyl260416238-19-bmw,DRAFT,19,9.5,5x120,35,72.56,48,KILOGRAMS,4 (por defecto del tema),,,completo,,,5
OYL260416239,Juego de 4 llantas 19 pulgadas BMW – OYL260416239,oyl260416239-19-bmw,DRAFT,19,8.5,5x112,30,66.5,48,KILOGRAMS,4 (por defecto del tema),,,completo,,,5
OYL260416240,Juego de 4 llantas 19 pulgadas BMW – OYL260416240,oyl260416240-19-bmw,DRAFT,19,9.5,5x112,35,66.5,48,KILOGRAMS,4 (por defecto del tema),,,completo,,,5
OYL260416241,Juego de 4 llantas 19 pulgadas BMW – OYL260416241,oyl260416241-19-bmw,DRAFT,19,9.5,5x112,35,66.5,48,KILOGRAMS,4 (por defecto del tema),,,completo,,,5
OYL260416242,Juego de 4 llantas 20 pulgadas BMW – OYL260416242,oyl260416242-20-bmw,DRAFT,20,9.5,5x120,35,72.56,52,KILOGRAMS,4 (por defecto del tema),,,completo,,,5
OYL260416243,Juego de 4 llantas 20 pulgadas BMW – OYL260416243,oyl260416243-20-bmw,DRAFT,20,8.5,5x112,30,66.5,52,KILOGRAMS,4 (por defecto del tema),,,completo,,,5
OYL260416244,Juego de 4 llantas 18 pulgadas Mercedes-Benz – OYL260416244,oyl260416244-18-mercedes-benz,DRAFT,18,8.0,5x112,40,66.5,44,KILOGRAMS,4 (por defecto del tema),,,completo,,,5
OYL260416245,Juego de 4 llantas 18 pulgadas Mercedes-Benz – OYL260416245,oyl260416245-18-mercedes-benz,DRAFT,18,8.0,5x114.3,38,73.1,44,KILOGRAMS,4 (por defecto del tema),,,completo,,,5
OYL260416246,Juego de 4 llantas 18 pulgadas Mercedes-Benz – OYL260416246,oyl260416246-18-mercedes-benz,DRAFT,18,8.0,5x114.3,38,73.1,44,KILOGRAMS,4 (por defecto del tema),,,completo,,,5
OYL260416247,Juego de 4 llantas 22 pulgadas BMW – OYL260416247,oyl260416247-22-bmw,DRAFT,22,10.5,5x112,38,66.5,60,KILOGRAMS,4 (por defecto del tema),,,completo,,,5
OYL260416248,Juego de 4 llantas 22 pulgadas BMW – OYL260416248,oyl260416248-22-bmw,DRAFT,22,10.5,5x120,38,74.1,60,KILOGRAMS,4 (por defecto del tema),,,completo,,,5
OYL260416249,Juego de 4 llantas 19 pulgadas Mercedes-Benz – OYL260416249,oyl260416249-19-mercedes-benz,DRAFT,19,8.5,5x112,36,66.5,48,KILOGRAMS,4 (por defecto del tema),,,completo,,,5
OYL260416250,Juego de 4 llantas 19 pulgadas Mercedes-Benz – OYL260416250,oyl260416250-19-mercedes-benz,DRAFT,19,9.5,5x112,45,66.5,48,KILOGRAMS,4 (por defecto del tema),,,completo,,,5
OYL260416251,Juego de 4 llantas 20 pulgadas Mercedes-Benz – OYL260416251,oyl260416251-20-mercedes-benz,DRAFT,20,8.5,5x112,36,66.5,52,KILOGRAMS,4 (por defecto del tema),,,completo,,,5
OYL260416252,Juego de 4 llantas 20 pulgadas Mercedes-Benz – OYL260416252,oyl260416252-20-mercedes-benz,DRAFT,20,9.5,5x112,43,66.5,52,KILOGRAMS,4 (por defecto del tema),,,completo,,,5
OYL260416253,Juego de 4 llantas 17 pulgadas BMW – OYL260416253,oyl260416253-17-bmw,DRAFT,17,8.0,5x120,25,72.6,40,KILOGRAMS,4 (por defecto del tema),,,completo,,,5
OYL260416254,Juego de 4 llantas 17 pulgadas BMW – OYL260416254,oyl260416254-17-bmw,DRAFT,17,8.0,5x120,25,72.6,40,KILOGRAMS,4 (por defecto del tema),,,completo,,,5
OYL260416255,Juego de 4 llantas 18 pulgadas BMW – OYL260416255,oyl260416255-18-bmw,DRAFT,18,8.0,5x112,30,66.5,44,KILOGRAMS,4 (por defecto del tema),,,completo,,,5
OYL260416256,Juego de 4 llantas 18 pulgadas BMW – OYL260416256,oyl260416256-18-bmw,DRAFT,18,9.0,5x112,35,66.5,44,KILOGRAMS,4 (por defecto del tema),,,completo,,,5
OYL260416257,Juego de 4 llantas 18 pulgadas BMW – OYL260416257,oyl260416257-18-bmw,DRAFT,18,8.5,5x112,30,66.56,44,KILOGRAMS,4 (por defecto del tema),,,completo,,,5
OYL260416258,Juego de 4 llantas 19 pulgadas Audi – OYL260416258,oyl260416258-19-audi,DRAFT,19,8.5,5x112,35,66.45,48,KILOGRAMS,4 (por defecto del tema),,,completo,,,5
OYL260416259,Juego de 4 llantas 22 pulgadas Audi – OYL260416259,oyl260416259-22-audi,DRAFT,22,10.0,5x112,25,66.45,60,KILOGRAMS,4 (por defecto del tema),,,completo,,,5
OYL260416260,Juego de 4 llantas 19 pulgadas Audi – OYL260416260,oyl260416260-19-audi,DRAFT,19,8.5,5x112,35,66.5,48,KILOGRAMS,4 (por defecto del tema),,,completo,,,5
OYL260416261,Juego de 4 llantas 19 pulgadas Audi – OYL260416261,oyl260416261-19-audi,DRAFT,19,8.5,5x112,35,66.5,48,KILOGRAMS,4 (por defecto del tema),,,completo,,,5
OYL260416262,Juego de 4 llantas 19 pulgadas Audi – OYL260416262,oyl260416262-19-audi,DRAFT,19,8.5,5x112,35,66.5,48,KILOGRAMS,4 (por defecto del tema),,,completo,,,5
OYL260416263,Juego de 4 llantas 20 pulgadas Audi – OYL260416263,oyl260416263-20-audi,DRAFT,20,9.0,5x112,30,66.45,52,KILOGRAMS,4 (por defecto del tema),,,completo,,,5
OYL260416264,Juego de 4 llantas 20 pulgadas Audi – OYL260416264,oyl260416264-20-audi,DRAFT,20,9.0,5x112,30,66.45,52,KILOGRAMS,4 (por defecto del tema),,,completo,,,5
OYL260416265,Juego de 4 llantas 20 pulgadas Audi – OYL260416265,oyl260416265-20-audi,DRAFT,20,9.0,5x112,30,66.45,52,KILOGRAMS,4 (por defecto del tema),,,completo,,,5
OYL260416266,Juego de 4 llantas 21 pulgadas Audi – OYL260416266,oyl260416266-21-audi,DRAFT,21,9.0,5x112,25,66.45,56,KILOGRAMS,4 (por defecto del tema),,,completo,,,5
OYL260416267,Juego de 4 llantas 21 pulgadas Audi – OYL260416267,oyl260416267-21-audi,DRAFT,21,9.0,5x112,25,66.45,56,KILOGRAMS,4 (por defecto del tema),,,completo,,,5
OYL260416268,Juego de 4 llantas 21 pulgadas Audi – OYL260416268,oyl260416268-21-audi,DRAFT,21,9.0,5x112,25,66.45,56,KILOGRAMS,4 (por defecto del tema),,,completo,,,5
OYL260416269,Juego de 4 llantas 21 pulgadas Audi – OYL260416269,oyl260416269-21-audi,DRAFT,21,9.0,5x112,25,66.45,56,KILOGRAMS,4 (por defecto del tema),,,completo,,,5
OYL260416270,Juego de 4 llantas 22 pulgadas Audi – OYL260416270,oyl260416270-22-audi,DRAFT,22,10.0,5x112,25,66.45,60,KILOGRAMS,4 (por defecto del tema),,,completo,,,5
OYL260416271,Juego de 4 llantas 22 pulgadas Audi – OYL260416271,oyl260416271-22-audi,DRAFT,22,10.0,5x112,25,66.45,60,KILOGRAMS,4 (por defecto del tema),,,completo,,,5
OYL260416272,Juego de 4 llantas 22 pulgadas Audi – OYL260416272,oyl260416272-22-audi,DRAFT,22,10.0,5x112,25,66.45,60,KILOGRAMS,4 (por defecto del tema),,,completo,,,5
OYL260416273,Juego de 4 llantas 22 pulgadas Audi – OYL260416273,oyl260416273-22-audi,DRAFT,22,10.0,5x112,20,66.45,60,KILOGRAMS,4 (por defecto del tema),,,completo,,,5
OYL260416274,Juego de 4 llantas 23 pulgadas Audi – OYL260416274,oyl260416274-23-audi,DRAFT,23,10.0,5x112,20,66.5,64,KILOGRAMS,4 (por defecto del tema),,,completo,,,5
OYL260416275,Juego de 4 llantas 23 pulgadas Audi – OYL260416275,oyl260416275-23-audi,DRAFT,23,10.0,5x112,20,66.5,64,KILOGRAMS,4 (por defecto del tema),,,completo,,,5
OYL260416276,Juego de 4 llantas 18 pulgadas Audi – OYL260416276,oyl260416276-18-audi,DRAFT,18,8.0,5x112,35,66.45,44,KILOGRAMS,4 (por defecto del tema),,,completo,,,5
OYL260416277,Juego de 4 llantas 18 pulgadas Audi – OYL260416277,oyl260416277-18-audi,DRAFT,18,8.0,5x112,35,66.45,44,KILOGRAMS,4 (por defecto del tema),,,completo,,,5
OYL260416278,Juego de 4 llantas 20 pulgadas Audi – OYL260416278,oyl260416278-20-audi,DRAFT,20,9.0,5x112,30,66.45,52,KILOGRAMS,4 (por defecto del tema),,,completo,,,5
OYL260416279,Juego de 4 llantas 20 pulgadas Audi – OYL260416279,oyl260416279-20-audi,DRAFT,20,9.0,5x112,30,66.45,52,KILOGRAMS,4 (por defecto del tema),,,completo,,,5
OYL260416280,Juego de 4 llantas 21 pulgadas Audi – OYL260416280,oyl260416280-21-audi,DRAFT,21,9.0,5x112,30,66.45,56,KILOGRAMS,4 (por defecto del tema),,,completo,,,5
OYL260416281,Juego de 4 llantas 21 pulgadas Audi – OYL260416281,oyl260416281-21-audi,DRAFT,21,9.0,5x112,30,66.45,56,KILOGRAMS,4 (por defecto del tema),,,completo,,,5
OYL260416282,Juego de 4 llantas 18 pulgadas BMW – OYL260416282,oyl260416282-18-bmw,DRAFT,18,9.0,5x112,35,66.5,44,KILOGRAMS,4 (por defecto del tema),,,completo,,,5
OYL260416283,Juego de 4 llantas 18 pulgadas BMW – OYL260416283,oyl260416283-18-bmw,DRAFT,18,9.0,5x120,35,72.56,44,KILOGRAMS,4 (por defecto del tema),,,completo,,,5
OYL260416284,Juego de 4 llantas 18 pulgadas BMW – OYL260416284,oyl260416284-18-bmw,DRAFT,18,8.5,5x112,30,66.56,44,KILOGRAMS,4 (por defecto del tema),,,completo,,,5
OYL260416285,Juego de 4 llantas 18 pulgadas BMW – OYL260416285,oyl260416285-18-bmw,DRAFT,18,8.5,5x112,30,66.56,44,KILOGRAMS,4 (por defecto del tema),,,completo,,,5
OYL260416286,Juego de 4 llantas 19 pulgadas BMW – OYL260416286,oyl260416286-19-bmw,DRAFT,19,9.5,5x112,35,66.5,48,KILOGRAMS,4 (por defecto del tema),,,completo,,,5
OYL260416287,Juego de 4 llantas 19 pulgadas BMW – OYL260416287,oyl260416287-19-bmw,DRAFT,19,8.5,5x120,30,72.6,48,KILOGRAMS,4 (por defecto del tema),,,completo,,,5
OYL260416288,Juego de 4 llantas 19 pulgadas BMW – OYL260416288,oyl260416288-19-bmw,DRAFT,19,9.5,5x120,35,72.6,48,KILOGRAMS,4 (por defecto del tema),,,completo,,,5
OYL260416289,Juego de 4 llantas 19 pulgadas BMW – OYL260416289,oyl260416289-19-bmw,DRAFT,19,9.5,5x120,35,72.6,48,KILOGRAMS,4 (por defecto del tema),,,completo,,,5
OYL260416290,Juego de 4 llantas 20 pulgadas BMW – OYL260416290,oyl260416290-20-bmw,DRAFT,20,8.5,5x112,25,66.5,52,KILOGRAMS,4 (por defecto del tema),,,completo,,,5
OYL260416291,Juego de 4 llantas 20 pulgadas BMW – OYL260416291,oyl260416291-20-bmw,DRAFT,20,9.5,5x112,35,66.5,52,KILOGRAMS,4 (por defecto del tema),,,completo,,,5
OYL260416292,Juego de 4 llantas 20 pulgadas BMW – OYL260416292,oyl260416292-20-bmw,DRAFT,20,8.5,5x120,30,72.56,52,KILOGRAMS,4 (por defecto del tema),,,completo,,,5
OYL260416293,Juego de 4 llantas 20 pulgadas BMW – OYL260416293,oyl260416293-20-bmw,DRAFT,20,9.5,5x120,35,72.56,52,KILOGRAMS,4 (por defecto del tema),,,completo,,,5
OYL260416294,Juego de 4 llantas 18 pulgadas Mercedes-Benz – OYL260416294,oyl260416294-18-mercedes-benz,DRAFT,18,8.0,5x112,36,66.5,44,KILOGRAMS,4 (por defecto del tema),,,completo,,,5
OYL260416295,Juego de 4 llantas 19 pulgadas Mercedes-Benz – OYL260416295,oyl260416295-19-mercedes-benz,DRAFT,19,8.5,5x112,36,66.5,48,KILOGRAMS,4 (por defecto del tema),,,completo,,,5
OYL260416296,Juego de 4 llantas 19 pulgadas Mercedes-Benz – OYL260416296,oyl260416296-19-mercedes-benz,DRAFT,19,9.5,5x112,43,66.5,48,KILOGRAMS,4 (por defecto del tema),,,completo,,,5
OYL260416297,Juego de 4 llantas 18 pulgadas BMW – OYL260416297,oyl260416297-18-bmw,DRAFT,18,8.5,5x120,30,72.6,44,KILOGRAMS,4 (por defecto del tema),,,completo,,,5
OYL260416298,Juego de 4 llantas 19 pulgadas BMW – OYL260416298,oyl260416298-19-bmw,DRAFT,19,8.5,5x112,30,66.5,48,KILOGRAMS,4 (por defecto del tema),,,completo,,,5
OYL260416299,Juego de 4 llantas 19 pulgadas BMW – OYL260416299,oyl260416299-19-bmw,DRAFT,19,9.5,5x112,35,66.5,48,KILOGRAMS,4 (por defecto del tema),,,completo,,,5
OYL260416300,Juego de 4 llantas 19 pulgadas BMW – OYL260416300,oyl260416300-19-bmw,DRAFT,19,8.5,5x120,30,72.6,48,KILOGRAMS,4 (por defecto del tema),,,completo,,,5
OYL260416301,Juego de 4 llantas 19 pulgadas BMW – OYL260416301,oyl260416301-19-bmw,DRAFT,19,9.5,5x120,35,72.6,48,KILOGRAMS,4 (por defecto del tema),,,completo,,,5
OYL260416302,Juego de 4 llantas 18 pulgadas BMW – OYL260416302,oyl260416302-18-bmw,DRAFT,18,9.0,5x120,35,72.6,44,KILOGRAMS,4 (por defecto del tema),,,completo,,,5
OYL260416303,Juego de 4 llantas 19 pulgadas BMW – OYL260416303,oyl260416303-19-bmw,DRAFT,19,9.5,5x112,35,66.5,48,KILOGRAMS,4 (por defecto del tema),,,completo,,,5
OYL260416304,Juego de 4 llantas 19 pulgadas BMW – OYL260416304,oyl260416304-19-bmw,DRAFT,19,8.5,5x120,30,72.6,48,KILOGRAMS,4 (por defecto del tema),,,completo,,,5
OYL260416305,Juego de 4 llantas 19 pulgadas BMW – OYL260416305,oyl260416305-19-bmw,DRAFT,19,9.5,5x120,35,72.6,48,KILOGRAMS,4 (por defecto del tema),,,completo,,,5
OYL260416306,Juego de 4 llantas 18 pulgadas Mercedes-Benz – OYL260416306,oyl260416306-18-mercedes-benz,DRAFT,18,8.0,5x112,36,66.5,44,KILOGRAMS,4 (por defecto del tema),,,completo,,,5
OYL260416307,Juego de 4 llantas 19 pulgadas Mercedes-Benz – OYL260416307,oyl260416307-19-mercedes-benz,DRAFT,19,8.5,5x112,36,66.5,48,KILOGRAMS,4 (por defecto del tema),,,completo,,,5
OYL260416308,Juego de 4 llantas 19 pulgadas Mercedes-Benz – OYL260416308,oyl260416308-19-mercedes-benz,DRAFT,19,9.5,5x112,43,66.5,48,KILOGRAMS,4 (por defecto del tema),,,completo,,,5
OYL260416309,Juego de 4 llantas 19 pulgadas BMW – OYL260416309,oyl260416309-19-bmw,DRAFT,19,8.5,5x120,30,72.6,48,KILOGRAMS,4 (por defecto del tema),,,completo,,,5
OYL260416310,Juego de 4 llantas 19 pulgadas BMW – OYL260416310,oyl260416310-19-bmw,DRAFT,19,9.5,5x120,40,72.6,48,KILOGRAMS,4 (por defecto del tema),,,completo,,,5
OYL260416311,Juego de 4 llantas 19 pulgadas BMW – OYL260416311,oyl260416311-19-bmw,DRAFT,19,8.5,5x120,30,72.6,48,KILOGRAMS,4 (por defecto del tema),,,completo,,,5
OYL260416312,Juego de 4 llantas 19 pulgadas BMW – OYL260416312,oyl260416312-19-bmw,DRAFT,19,9.5,5x120,40,72.6,48,KILOGRAMS,4 (por defecto del tema),,,completo,,,5
OYL260416313,Juego de 4 llantas 20 pulgadas BMW – OYL260416313,oyl260416313-20-bmw,DRAFT,20,8.5,5x120,30,72.6,52,KILOGRAMS,4 (por defecto del tema),,,completo,,,5
OYL260416314,Juego de 4 llantas 17 pulgadas BMW – OYL260416314,oyl260416314-17-bmw,DRAFT,17,8.0,5x120,25,72.6,40,KILOGRAMS,4 (por defecto del tema),,,completo,,,5
OYL260416315,Juego de 4 llantas 18 pulgadas BMW – OYL260416315,oyl260416315-18-bmw,DRAFT,18,8.0,5x120,30,72.56,44,KILOGRAMS,4 (por defecto del tema),,,completo,,,5
OYL260416316,Juego de 4 llantas 18 pulgadas BMW – OYL260416316,oyl260416316-18-bmw,DRAFT,18,9.0,5x120,35,72.56,44,KILOGRAMS,4 (por defecto del tema),,,completo,,,5
OYL260416317,Juego de 4 llantas 19 pulgadas BMW – OYL260416317,oyl260416317-19-bmw,DRAFT,19,8.5,5x112,30,66.5,48,KILOGRAMS,4 (por defecto del tema),,,completo,,,5
OYL260416318,Juego de 4 llantas 19 pulgadas BMW – OYL260416318,oyl260416318-19-bmw,DRAFT,19,9.5,5x112,35,66.5,48,KILOGRAMS,4 (por defecto del tema),,,completo,,,5
OYL260416319,Juego de 4 llantas 19 pulgadas BMW – OYL260416319,oyl260416319-19-bmw,DRAFT,19,9.5,5x120,35,72.6,48,KILOGRAMS,4 (por defecto del tema),,,completo,,,5
OYL260416320,Juego de 4 llantas 19 pulgadas BMW – OYL260416320,oyl260416320-19-bmw,DRAFT,19,9.5,5x120,35,72.6,48,KILOGRAMS,4 (por defecto del tema),,,completo,,,5
OYL260416321,Juego de 4 llantas 20 pulgadas BMW – OYL260416321,oyl260416321-20-bmw,DRAFT,20,8.5,5x112,25,66.5,52,KILOGRAMS,4 (por defecto del tema),,,completo,,,5
OYL260416322,Juego de 4 llantas 20 pulgadas BMW – OYL260416322,oyl260416322-20-bmw,DRAFT,20,9.5,5x112,40,66.5,52,KILOGRAMS,4 (por defecto del tema),,,completo,,,5
OYL260416323,Juego de 4 llantas 20 pulgadas BMW – OYL260416323,oyl260416323-20-bmw,DRAFT,20,8.5,5x120,30,72.6,52,KILOGRAMS,4 (por defecto del tema),,,completo,,,5
OYL260416324,Juego de 4 llantas 20 pulgadas BMW – OYL260416324,oyl260416324-20-bmw,DRAFT,20,9.5,5x120,40,72.6,52,KILOGRAMS,4 (por defecto del tema),,,completo,,,5
OYL260416325,Juego de 4 llantas 20 pulgadas BMW – OYL260416325,oyl260416325-20-bmw,DRAFT,20,8.0,5x112,27,66.5,52,KILOGRAMS,4 (por defecto del tema),,,completo,,,5
OYL260416326,Juego de 4 llantas 20 pulgadas BMW – OYL260416326,oyl260416326-20-bmw,DRAFT,20,9.5,5x112,43,66.5,52,KILOGRAMS,4 (por defecto del tema),,,completo,,,5
OYL260416327,Juego de 4 llantas 20 pulgadas BMW – OYL260416327,oyl260416327-20-bmw,DRAFT,20,8.0,5x112,27,66.5,52,KILOGRAMS,4 (por defecto del tema),,,completo,,,5
OYL260416328,Juego de 4 llantas 20 pulgadas BMW – OYL260416328,oyl260416328-20-bmw,DRAFT,20,9.5,5x112,43,66.5,52,KILOGRAMS,4 (por defecto del tema),,,completo,,,5
OYL260416329,Juego de 4 llantas 17 pulgadas Volkswagen – OYL260416329,oyl260416329-17-volkswagen,DRAFT,17,7.5,5x112,35,57.1,40,KILOGRAMS,4 (por defecto del tema),,,completo,,,5
OYL260416330,Juego de 4 llantas 19 pulgadas Volkswagen – OYL260416330,oyl260416330-19-volkswagen,DRAFT,19,8.0,5x112,40,57.1,48,KILOGRAMS,4 (por defecto del tema),,,completo,,,5
OYL260416331,Juego de 4 llantas 20 pulgadas Volkswagen – OYL260416331,oyl260416331-20-volkswagen,DRAFT,20,8.5,5x112,40,57.1,52,KILOGRAMS,4 (por defecto del tema),,,completo,,,5
OYL260416332,Juego de 4 llantas 21 pulgadas Mercedes-Benz – OYL260416332,oyl260416332-21-mercedes-benz,DRAFT,21,9.5,5x112,30,66.5,56,KILOGRAMS,4 (por defecto del tema),,,completo,,,5
OYL260416333,Juego de 4 llantas 21 pulgadas Mercedes-Benz – OYL260416333,oyl260416333-21-mercedes-benz,DRAFT,21,10.0,5x112,48,66.5,56,KILOGRAMS,4 (por defecto del tema),,,completo,,,5
OYL260416334,Juego de 4 llantas 19 pulgadas Audi – OYL260416334,oyl260416334-19-audi,DRAFT,19,8.5,5x112,40,66.45,48,KILOGRAMS,4 (por defecto del tema),,,completo,,,5
OYL260416335,Juego de 4 llantas 20 pulgadas Audi – OYL260416335,oyl260416335-20-audi,DRAFT,20,8.5,5x112,30,66.45,52,KILOGRAMS,4 (por defecto del tema),,,completo,,,5
OYL260416336,Juego de 4 llantas 20 pulgadas Audi – OYL260416336,oyl260416336-20-audi,DRAFT,20,8.5,5x112,40,66.45,52,KILOGRAMS,4 (por defecto del tema),,,completo,,,5
OYL260416337,Juego de 4 llantas 20 pulgadas BMW – OYL260416337,oyl260416337-20-bmw,DRAFT,20,8.5,5x112,30,66.5,52,KILOGRAMS,4 (por defecto del tema),,,completo,,,5
OYL260416338,Juego de 4 llantas 20 pulgadas BMW – OYL260416338,oyl260416338-20-bmw,DRAFT,20,9.5,5x112,35,66.5,52,KILOGRAMS,4 (por defecto del tema),,,completo,,,5
OYL260416339,Juego de 4 llantas 19 pulgadas BMW – OYL260416339,oyl260416339-19-bmw,DRAFT,19,9.5,5x120,40,72.6,48,KILOGRAMS,4 (por defecto del tema),,,completo,,,5
OYL260416340,Juego de 4 llantas 19 pulgadas BMW – OYL260416340,oyl260416340-19-bmw,DRAFT,19,8.5,5x112,25,66.5,48,KILOGRAMS,4 (por defecto del tema),,,completo,,,5
OYL260416341,Juego de 4 llantas 20 pulgadas BMW – OYL260416341,oyl260416341-20-bmw,DRAFT,20,8.5,5x112,25,66.5,52,KILOGRAMS,4 (por defecto del tema),,,completo,,,5
OYL260416342,Juego de 4 llantas 20 pulgadas BMW – OYL260416342,oyl260416342-20-bmw,DRAFT,20,9.5,5x112,40,72.6,52,KILOGRAMS,4 (por defecto del tema),,,completo,,,5
OYL260416343,Juego de 4 llantas 19 pulgadas Mercedes-Benz – OYL260416343,oyl260416343-19-mercedes-benz,DRAFT,19,9.5,5x112,43,66.5,48,KILOGRAMS,4 (por defecto del tema),,,completo,,,5
OYL260416344,Juego de 4 llantas 20 pulgadas Mercedes-Benz – OYL260416344,oyl260416344-20-mercedes-benz,DRAFT,20,8.5,5x112,36,66.5,52,KILOGRAMS,4 (por defecto del tema),,,completo,,,5
OYL260416345,Juego de 4 llantas 20 pulgadas Mercedes-Benz – OYL260416345,oyl260416345-20-mercedes-benz,DRAFT,20,9.5,5x112,43,66.5,52,KILOGRAMS,4 (por defecto del tema),,,completo,,,5
OYL260416346,Juego de 4 llantas 18 pulgadas Mercedes-Benz – OYL260416346,oyl260416346-18-mercedes-benz,DRAFT,18,7.5,5x112,52,66.5,44,KILOGRAMS,4 (por defecto del tema),,,completo,,,5
OYL260416347,Juego de 4 llantas 19 pulgadas BMW – OYL260416347,oyl260416347-19-bmw,DRAFT,19,9.5,5x120,39,72.6,48,KILOGRAMS,4 (por defecto del tema),,,completo,,,5
OYL260416348,Juego de 4 llantas 19 pulgadas BMW – OYL260416348,oyl260416348-19-bmw,DRAFT,19,9.5,5x112,39,66.5,48,KILOGRAMS,4 (por defecto del tema),,,completo,,,5
OYL260416349,Juego de 4 llantas 17 pulgadas Volkswagen – OYL260416349,oyl260416349-17-volkswagen,DRAFT,17,7.0,5x112,46,57.1,40,KILOGRAMS,4 (por defecto del tema),,,completo,,,5
OYL260416350,Juego de 4 llantas 19 pulgadas Audi – OYL260416350,oyl260416350-19-audi,DRAFT,19,8.0,5x112,39,66.45,48,KILOGRAMS,4 (por defecto del tema),,,completo,,,5
OYL260416351,Juego de 4 llantas 19 pulgadas Mercedes-Benz – OYL260416351,oyl260416351-19-mercedes-benz,DRAFT,19,8.5,5x112,36,66.5,48,KILOGRAMS,4 (por defecto del tema),,,completo,,,5
OYL260416352,Juego de 4 llantas 20 pulgadas Mercedes-Benz – OYL260416352,oyl260416352-20-mercedes-benz,DRAFT,20,8.5,5x112,36,66.5,52,KILOGRAMS,4 (por defecto del tema),,,completo,,,5
OYL260416353,Juego de 4 llantas 20 pulgadas Mercedes-Benz – OYL260416353,oyl260416353-20-mercedes-benz,DRAFT,20,9.5,5x112,43,66.5,52,KILOGRAMS,4 (por defecto del tema),,,completo,,,5
OYL260416354,Juego de 4 llantas 19 pulgadas Volkswagen – OYL260416354,oyl260416354-19-volkswagen,DRAFT,19,8.0,5x112,40,57.1,48,KILOGRAMS,4 (por defecto del tema),,,completo,,,5
OYL260416355,Juego de 4 llantas 19 pulgadas Volkswagen – OYL260416355,oyl260416355-19-volkswagen,DRAFT,19,7.0,5x112,40,57.1,48,KILOGRAMS,4 (por defecto del tema),,,completo,,,5
OYL260416356,Juego de 4 llantas 21 pulgadas Volkswagen – OYL260416356,oyl260416356-21-volkswagen,DRAFT,21,9.0,5x112,34,57.1,56,KILOGRAMS,4 (por defecto del tema),,,completo,,,5
OYL260416357,Juego de 4 llantas 17 pulgadas Mercedes-Benz – OYL260416357,oyl260416357-17-mercedes-benz,DRAFT,17,7.5,5x112,35,66.5,40,KILOGRAMS,4 (por defecto del tema),,,completo,,,5
OYL260416358,Juego de 4 llantas 18 pulgadas Vehículos europeos – OYL260416358,oyl260416358-18-vehiculos-europeos,DRAFT,18,8.0,5x112,40,66.45,44,KILOGRAMS,4 (por defecto del tema),,,completo,,,5
OYL260416359,Juego de 4 llantas 18 pulgadas Mercedes-Benz – OYL260416359,oyl260416359-18-mercedes-benz,DRAFT,18,8.0,5x112,36,66.5,44,KILOGRAMS,4 (por defecto del tema),,,completo,,,5
OYL260416360,Juego de 4 llantas 19 pulgadas Mercedes-Benz – OYL260416360,oyl260416360-19-mercedes-benz,DRAFT,19,8.5,5x112,38,66.5,48,KILOGRAMS,4 (por defecto del tema),,,completo,,,5
OYL260416361,Juego de 4 llantas 19 pulgadas Mercedes-Benz – OYL260416361,oyl260416361-19-mercedes-benz,DRAFT,19,9.5,5x112,43,66.5,48,KILOGRAMS,4 (por defecto del tema),,,completo,,,5
OYL260416362,Juego de 4 llantas 20 pulgadas Mercedes-Benz – OYL260416362,oyl260416362-20-mercedes-benz,DRAFT,20,8.5,5x112,36,66.5,52,KILOGRAMS,4 (por defecto del tema),,,completo,,,5
OYL260416363,Juego de 4 llantas 19 pulgadas Audi – OYL260416363,oyl260416363-19-audi,DRAFT,19,8.5,5x112,40,66.5,48,KILOGRAMS,4 (por defecto del tema),,,completo,,,5
OYL260416364,Juego de 4 llantas 20 pulgadas Audi – OYL260416364,oyl260416364-20-audi,DRAFT,20,9.0,5x112,30,66.45,52,KILOGRAMS,4 (por defecto del tema),,,completo,,,5
OYL260416365,Juego de 4 llantas 22 pulgadas Audi – OYL260416365,oyl260416365-22-audi,DRAFT,22,10.0,5x112,25,66.45,60,KILOGRAMS,4 (por defecto del tema),,,completo,,,5
OYL260416366,Juego de 4 llantas 22 pulgadas Audi – OYL260416366,oyl260416366-22-audi,DRAFT,22,10.0,5x112,25,66.45,60,KILOGRAMS,4 (por defecto del tema),,,completo,,,5
OYL260416367,Juego de 4 llantas 20 pulgadas Audi – OYL260416367,oyl260416367-20-audi,DRAFT,20,,5x112,35,66.5,52,KILOGRAMS,4 (por defecto del tema),,,incompleto,wheel_width,,4
OYL260416368,Juego de 4 llantas 21 pulgadas Audi – OYL260416368,oyl260416368-21-audi,DRAFT,21,9.0,5x112,25,66.5,56,KILOGRAMS,4 (por defecto del tema),,,completo,,,5
OYL260416369,Juego de 4 llantas 20 pulgadas Audi – OYL260416369,oyl260416369-20-audi,DRAFT,20,9.0,5x112,30,66.45,52,KILOGRAMS,4 (por defecto del tema),,,completo,,,5
OYL260416370,Juego de 4 llantas 21 pulgadas Audi – OYL260416370,oyl260416370-21-audi,DRAFT,21,9.0,5x112,25,66.5,56,KILOGRAMS,4 (por defecto del tema),,,completo,,,5
OYL260416371,Juego de 4 llantas 22 pulgadas Audi – OYL260416371,oyl260416371-22-audi,DRAFT,22,10.0,5x112,25,66.5,60,KILOGRAMS,4 (por defecto del tema),,,completo,,,5
OYL260416372,Juego de 4 llantas 19 pulgadas Audi – OYL260416372,oyl260416372-19-audi,DRAFT,19,8.5,5x112,35,66.45,48,KILOGRAMS,4 (por defecto del tema),,,completo,,,5
OYL260416373,Juego de 4 llantas 20 pulgadas Audi – OYL260416373,oyl260416373-20-audi,DRAFT,20,9.0,5x112,35,66.45,52,KILOGRAMS,4 (por defecto del tema),,,completo,,,5
OYL260416374,Juego de 4 llantas 20 pulgadas Audi – OYL260416374,oyl260416374-20-audi,DRAFT,20,9.0,5x112,30,66.45,52,KILOGRAMS,4 (por defecto del tema),,,completo,,,5
OYL260416375,Juego de 4 llantas 20 pulgadas Vehículos europeos – OYL260416375,oyl260416375-20-vehiculos-europeos,DRAFT,20,9.0,5x112,35,66.6,52,KILOGRAMS,4 (por defecto del tema),,,completo,,,5
OYL260416376,Juego de 4 llantas 20 pulgadas Vehículos europeos – OYL260416376,oyl260416376-20-vehiculos-europeos,DRAFT,20,9.0,5x112,35,66.6,52,KILOGRAMS,4 (por defecto del tema),,,completo,,,5
OYL260416377,Juego de 4 llantas 21 pulgadas Audi – OYL260416377,oyl260416377-21-audi,DRAFT,21,9.0,5x112,25,66.45,56,KILOGRAMS,4 (por defecto del tema),,,completo,,,5
OYL260416378,Juego de 4 llantas 21 pulgadas Vehículos europeos – OYL260416378,oyl260416378-21-vehiculos-europeos,DRAFT,21,9.0,5x112,35,66.6,56,KILOGRAMS,4 (por defecto del tema),,,completo,,,5
OYL260416379,Juego de 4 llantas 20 pulgadas Audi – OYL260416379,oyl260416379-20-audi,DRAFT,20,9.0,5x112,30,66.45,52,KILOGRAMS,4 (por defecto del tema),,,completo,,,5
OYL260416380,Juego de 4 llantas 18 pulgadas Volkswagen – OYL260416380,oyl260416380-18-volkswagen,DRAFT,18,8.0,5x112,35,57.1,44,KILOGRAMS,4 (por defecto del tema),,,completo,,,5
OYL260416381,Juego de 4 llantas 18 pulgadas Volkswagen – OYL260416381,oyl260416381-18-volkswagen,DRAFT,18,8.0,5x112,35,57.1,44,KILOGRAMS,4 (por defecto del tema),,,completo,,,5
OYL260416382,Juego de 4 llantas 19 pulgadas Volkswagen – OYL260416382,oyl260416382-19-volkswagen,DRAFT,19,8.5,5x112,35,57.1,48,KILOGRAMS,4 (por defecto del tema),,,completo,,,5
OYL260416383,Juego de 4 llantas 19 pulgadas Mercedes-Benz – OYL260416383,oyl260416383-19-mercedes-benz,DRAFT,19,8.5,5x112,36,66.5,48,KILOGRAMS,4 (por defecto del tema),,,completo,,,5
OYL260416384,Juego de 4 llantas 19 pulgadas Mercedes-Benz – OYL260416384,oyl260416384-19-mercedes-benz,DRAFT,19,9.5,5x112,43,66.5,48,KILOGRAMS,4 (por defecto del tema),,,completo,,,5
OYL260416385,Juego de 4 llantas 20 pulgadas Mercedes-Benz – OYL260416385,oyl260416385-20-mercedes-benz,DRAFT,20,8.5,5x112,36,66.5,52,KILOGRAMS,4 (por defecto del tema),,,completo,,,5
OYL260416386,Juego de 4 llantas 20 pulgadas Mercedes-Benz – OYL260416386,oyl260416386-20-mercedes-benz,DRAFT,20,9.5,5x112,43,66.5,52,KILOGRAMS,4 (por defecto del tema),,,completo,,,5
OYL260416387,Juego de 4 llantas 19 pulgadas Mercedes-Benz – OYL260416387,oyl260416387-19-mercedes-benz,DRAFT,19,8.5,5x112,36,66.5,48,KILOGRAMS,4 (por defecto del tema),,,completo,,,5
OYL260416388,Juego de 4 llantas 20 pulgadas Mercedes-Benz – OYL260416388,oyl260416388-20-mercedes-benz,DRAFT,20,8.5,5x112,36,66.5,52,KILOGRAMS,4 (por defecto del tema),,,completo,,,5
OYL260416389,Juego de 4 llantas 20 pulgadas Mercedes-Benz – OYL260416389,oyl260416389-20-mercedes-benz,DRAFT,20,9.5,5x112,43,66.5,52,KILOGRAMS,4 (por defecto del tema),,,completo,,,5
OYL260416390,Juego de 4 llantas 17 pulgadas Volkswagen – OYL260416390,oyl260416390-17-volkswagen,DRAFT,17,7.5,5x112,38,57.1,40,KILOGRAMS,4 (por defecto del tema),,,completo,,,5
OYL260416391,Juego de 4 llantas 19 pulgadas Mercedes-Benz – OYL260416391,oyl260416391-19-mercedes-benz,DRAFT,19,8.5,5x112,36,66.5,48,KILOGRAMS,4 (por defecto del tema),,,completo,,,5
OYL260416392,Juego de 4 llantas 19 pulgadas Mercedes-Benz – OYL260416392,oyl260416392-19-mercedes-benz,DRAFT,19,9.5,5x112,43,66.5,48,KILOGRAMS,4 (por defecto del tema),,,completo,,,5
OYL260416393,Juego de 4 llantas 20 pulgadas Mercedes-Benz – OYL260416393,oyl260416393-20-mercedes-benz,DRAFT,20,8.5,5x112,36,66.5,52,KILOGRAMS,4 (por defecto del tema),,,completo,,,5
OYL260416394,Juego de 4 llantas 20 pulgadas Mercedes-Benz – OYL260416394,oyl260416394-20-mercedes-benz,DRAFT,20,8.5,5x112,36,66.5,52,KILOGRAMS,4 (por defecto del tema),,,completo,,,5
OYL260416395,Juego de 4 llantas 20 pulgadas Mercedes-Benz – OYL260416395,oyl260416395-20-mercedes-benz,DRAFT,20,9.5,5x112,43,66.5,52,KILOGRAMS,4 (por defecto del tema),,,completo,,,5
OYL260416396,Juego de 4 llantas 19 pulgadas Audi – OYL260416396,oyl260416396-19-audi,DRAFT,19,8.5,5x112,35,66.5,48,KILOGRAMS,4 (por defecto del tema),,,completo,,,5
OYL260416397,Juego de 4 llantas 20 pulgadas Mercedes-Benz – OYL260416397,oyl260416397-20-mercedes-benz,DRAFT,20,8.5,5x112,36,66.5,52,KILOGRAMS,4 (por defecto del tema),,,completo,,,5
OYL260416398,Juego de 4 llantas 20 pulgadas Mercedes-Benz – OYL260416398,oyl260416398-20-mercedes-benz,DRAFT,20,9.5,5x112,43,66.5,52,KILOGRAMS,4 (por defecto del tema),,,completo,,,5
OYL260416399,Juego de 4 llantas 20 pulgadas Mercedes-Benz – OYL260416399,oyl260416399-20-mercedes-benz,DRAFT,20,8.5,5x112,36,66.5,52,KILOGRAMS,4 (por defecto del tema),,,completo,,,5
OYL260416400,Juego de 4 llantas 20 pulgadas Mercedes-Benz – OYL260416400,oyl260416400-20-mercedes-benz,DRAFT,20,9.5,5x112,43,66.5,52,KILOGRAMS,4 (por defecto del tema),,,completo,,,5
OYL260416401,Juego de 4 llantas 22 pulgadas Mercedes-Benz – OYL260416401,oyl260416401-22-mercedes-benz,DRAFT,22,10.0,5x130,36,84.1,60,KILOGRAMS,4 (por defecto del tema),,,completo,,,5
OYL260416402,Juego de 4 llantas 22 pulgadas Mercedes-Benz – OYL260416402,oyl260416402-22-mercedes-benz,DRAFT,22,10.0,5x130,36,84.1,60,KILOGRAMS,4 (por defecto del tema),,,completo,,,5
OYL260416403,Juego de 4 llantas 20 pulgadas BMW – OYL260416403,oyl260416403-20-bmw,DRAFT,20,9.0,5x112,24,66.5,52,KILOGRAMS,4 (por defecto del tema),,,completo,,,5
OYL260416404,Juego de 4 llantas 20 pulgadas BMW – OYL260416404,oyl260416404-20-bmw,DRAFT,20,10.5,5x112,44,66.5,52,KILOGRAMS,4 (por defecto del tema),,,completo,,,5
OYL260416405,Juego de 4 llantas 18 pulgadas Volkswagen – OYL260416405,oyl260416405-18-volkswagen,DRAFT,18,8.0,5x112,40,57.1,44,KILOGRAMS,4 (por defecto del tema),,,completo,,,5
OYL260416406,Juego de 4 llantas 20 pulgadas BMW – OYL260416406,oyl260416406-20-bmw,DRAFT,20,8.0,5x112,27,66.5,52,KILOGRAMS,4 (por defecto del tema),,,completo,,,5
OYL260416407,Juego de 4 llantas 20 pulgadas BMW – OYL260416407,oyl260416407-20-bmw,DRAFT,20,9.5,5x112,43,66.5,52,KILOGRAMS,4 (por defecto del tema),,,completo,,,5
OYL260416408,Juego de 4 llantas 20 pulgadas BMW – OYL260416408,oyl260416408-20-bmw,DRAFT,20,8.5,5x112,28,66.5,52,KILOGRAMS,4 (por defecto del tema),,,completo,,,5
OYL260416409,Juego de 4 llantas 20 pulgadas BMW – OYL260416409,oyl260416409-20-bmw,DRAFT,20,8.5,5x112,28,66.5,52,KILOGRAMS,4 (por defecto del tema),,,completo,,,5
OYL260416410,Juego de 4 llantas 20 pulgadas BMW – OYL260416410,oyl260416410-20-bmw,DRAFT,20,10.0,5x112,46,66.5,52,KILOGRAMS,4 (por defecto del tema),,,completo,,,5
OYL260416411,Juego de 4 llantas 20 pulgadas BMW – OYL260416411,oyl260416411-20-bmw,DRAFT,20,10.0,5x112,46,66.5,52,KILOGRAMS,4 (por defecto del tema),,,completo,,,5
OYL260416412,Juego de 4 llantas 21 pulgadas BMW – OYL260416412,oyl260416412-21-bmw,DRAFT,21,9.0,5x112,24,66.5,56,KILOGRAMS,4 (por defecto del tema),,,completo,,,5
OYL260416413,Juego de 4 llantas 21 pulgadas BMW – OYL260416413,oyl260416413-21-bmw,DRAFT,21,10.5,5x112,44,66.5,56,KILOGRAMS,4 (por defecto del tema),,,completo,,,5
OYL260416414,Juego de 4 llantas 21 pulgadas BMW – OYL260416414,oyl260416414-21-bmw,DRAFT,21,9.0,5x112,24,66.5,56,KILOGRAMS,4 (por defecto del tema),,,completo,,,5
OYL260416415,Juego de 4 llantas 21 pulgadas BMW – OYL260416415,oyl260416415-21-bmw,DRAFT,21,10.5,5x112,44,66.5,56,KILOGRAMS,4 (por defecto del tema),,,completo,,,5
OYL260416416,Juego de 4 llantas 21 pulgadas Mercedes-Benz – OYL260416416,oyl260416416-21-mercedes-benz,DRAFT,21,10.0,5x112,51,66.5,56,KILOGRAMS,4 (por defecto del tema),,,completo,,,5
OYL260416417,Juego de 4 llantas 21 pulgadas Mercedes-Benz – OYL260416417,oyl260416417-21-mercedes-benz,DRAFT,21,11.0,5x112,47,66.5,56,KILOGRAMS,4 (por defecto del tema),,,completo,,,5
OYL260416418,Juego de 4 llantas 22 pulgadas Mercedes-Benz – OYL260416418,oyl260416418-22-mercedes-benz,DRAFT,22,10.0,5x112,56,66.5,60,KILOGRAMS,4 (por defecto del tema),,,completo,,,5
OYL260416419,Juego de 4 llantas 22 pulgadas Mercedes-Benz – OYL260416419,oyl260416419-22-mercedes-benz,DRAFT,22,11.5,5x112,53,66.5,60,KILOGRAMS,4 (por defecto del tema),,,completo,,,5
OYL260416420,Juego de 4 llantas 20 pulgadas BMW – OYL260416420,oyl260416420-20-bmw,DRAFT,20,10.0,5x112,46,66.5,52,KILOGRAMS,4 (por defecto del tema),,,completo,,,5
OYL260416421,Juego de 4 llantas 19 pulgadas BMW – OYL260416421,oyl260416421-19-bmw,DRAFT,19,8.0,5x112,27,66.5,48,KILOGRAMS,4 (por defecto del tema),,,completo,,,5
OYL260416422,Juego de 4 llantas 19 pulgadas BMW – OYL260416422,oyl260416422-19-bmw,DRAFT,19,8.5,5x112,40,66.5,48,KILOGRAMS,4 (por defecto del tema),,,completo,,,5
OYL260416423,Juego de 4 llantas 19 pulgadas BMW – OYL260416423,oyl260416423-19-bmw,DRAFT,19,8.0,5x112,27,66.5,48,KILOGRAMS,4 (por defecto del tema),,,completo,,,5
OYL260416424,Juego de 4 llantas 19 pulgadas BMW – OYL260416424,oyl260416424-19-bmw,DRAFT,19,8.5,5x112,40,66.5,48,KILOGRAMS,4 (por defecto del tema),,,completo,,,5
OYL260416425,Juego de 4 llantas 22 pulgadas Mercedes-Benz – OYL260416425,oyl260416425-22-mercedes-benz,DRAFT,22,11.5,5x112,53,66.5,60,KILOGRAMS,4 (por defecto del tema),,,completo,,,5
OYL260416426,Juego de 4 llantas 19 pulgadas Mercedes-Benz – OYL260416426,oyl260416426-19-mercedes-benz,DRAFT,19,8.5,5x112,36,66.5,48,KILOGRAMS,4 (por defecto del tema),,,completo,,,5
OYL260416427,Juego de 4 llantas 19 pulgadas Mercedes-Benz – OYL260416427,oyl260416427-19-mercedes-benz,DRAFT,19,9.5,5x112,43,66.5,48,KILOGRAMS,4 (por defecto del tema),,,completo,,,5
OYL260416428,Juego de 4 llantas 20 pulgadas Mercedes-Benz – OYL260416428,oyl260416428-20-mercedes-benz,DRAFT,20,8.5,5x112,36,66.5,52,KILOGRAMS,4 (por defecto del tema),,,completo,,,5
OYL260416429,Juego de 4 llantas 20 pulgadas Mercedes-Benz – OYL260416429,oyl260416429-20-mercedes-benz,DRAFT,20,9.5,5x112,43,66.5,52,KILOGRAMS,4 (por defecto del tema),,,completo,,,5
OYL260416430,Juego de 4 llantas 20 pulgadas BMW – OYL260416430,oyl260416430-20-bmw,DRAFT,20,8.5,5x112,28,66.5,52,KILOGRAMS,4 (por defecto del tema),,,completo,,,5
OYL260416431,Juego de 4 llantas 20 pulgadas BMW – OYL260416431,oyl260416431-20-bmw,DRAFT,20,10.0,5x112,46,66.5,52,KILOGRAMS,4 (por defecto del tema),,,completo,,,5
OYL260416432,Juego de 4 llantas 21 pulgadas Mercedes-Benz – OYL260416432,oyl260416432-21-mercedes-benz,DRAFT,21,11.0,5x112,42,66.5,56,KILOGRAMS,4 (por defecto del tema),,,completo,,,5
OYL260416433,Juego de 4 llantas 22 pulgadas Mercedes-Benz – OYL260416433,oyl260416433-22-mercedes-benz,DRAFT,22,11.5,5x112,47,66.5,60,KILOGRAMS,4 (por defecto del tema),,,completo,,,5
OYL260416434,Juego de 4 llantas 18 pulgadas Volkswagen – OYL260416434,oyl260416434-18-volkswagen,DRAFT,18,8.0,5x112,40,57.1,44,KILOGRAMS,4 (por defecto del tema),,,completo,,,5
OYL260416435,Juego de 4 llantas 18 pulgadas Volkswagen – OYL260416435,oyl260416435-18-volkswagen,DRAFT,18,8.0,5x112,40,57.1,44,KILOGRAMS,4 (por defecto del tema),,,completo,,,5
OYL260416436,Juego de 4 llantas 18 pulgadas Volkswagen – OYL260416436,oyl260416436-18-volkswagen,DRAFT,18,8.0,5x112,40,57.1,44,KILOGRAMS,4 (por defecto del tema),,,completo,,,5
OYL260416437,Juego de 4 llantas 19 pulgadas Volkswagen – OYL260416437,oyl260416437-19-volkswagen,DRAFT,19,8.0,5x112,40,57.1,48,KILOGRAMS,4 (por defecto del tema),,,completo,,,5
OYL260416438,Juego de 4 llantas 20 pulgadas BMW – OYL260416438,oyl260416438-20-bmw,DRAFT,20,8.5,5x112,28,66.5,52,KILOGRAMS,4 (por defecto del tema),,,completo,,,5
OYL260416439,Juego de 4 llantas 20 pulgadas BMW – OYL260416439,oyl260416439-20-bmw,DRAFT,20,10.0,5x112,46,66.5,52,KILOGRAMS,4 (por defecto del tema),,,completo,,,5
