sku,handle,marca_etiqueta,acabado_codigo,diametro,anchura,pcd,et,buje,compatibilidad_proveedor_original,contiene_texto_chino
OYL260416001,oyl260416001-18-mercedes-benz,mercedes-benz,s,18,8.5,5x112,43,66.5,BENZ S350,no
OYL260416002,oyl260416002-18-volkswagen,volkswagen,mb,18,8.0,5x112,48,57.1,VWPassat,no
OYL260416003,oyl260416003-17-audi,audi,s,17,8.0,5x112,38,66.45,AUDIA6L-2012,no
OYL260416004,oyl260416004-18-audi,audi,s,18,8.0,5x112,39,66.5,AUDIA6L,no
OYL260416005,oyl260416005-16-volkswagen,volkswagen,s,16,7.0,5x112,45,57.1,VWPassat领驭 2005,si
OYL260416006,oyl260416006-17-mercedes-benz,mercedes-benz,mg,17,7.0,5x112,48,66.5,BENZ C200 2015,no
OYL260416007,oyl260416007-18-volkswagen,volkswagen,mb,18,8.0,5x112,48,57.1,VWPassat 2016,no
OYL260416008,oyl260416008-18-volkswagen,volkswagen,mb,18,8.0,5x112,44,57.1,VWMagotan2017,no
OYL260416009,oyl260416009-19-audi,audi,mb,19,8.5,5x112,35,66.45,AUDIRS7 2016,no
OYL260416010,oyl260416010-18-volkswagen,volkswagen,mb,18,8.0,5x112,44,57.1,VWPassat 2019,no
OYL260416011,oyl260416011-18-mercedes-benz,mercedes-benz,myb,18,8.0,5x112,45,66.5,BENZ C级 威霆,si
OYL260416012,oyl260416012-18-volkswagen,volkswagen,mb,18,7.0,5x112,45,57.1,VW途岳,si
OYL260416013,oyl260416013-18-mercedes-benz,mercedes-benz,mg,18,8.0,5x112,43,66.5,BENZ E级,si
OYL260416014,oyl260416014-18-bmw,bmw,s,18,8.0,5x120,34,72.6,BMW 3系前轮 2019,si
OYL260416015,oyl260416015-18-bmw,bmw,b,18,8.5,5x120,47,72.6,BMW 3系后轮 2019,si
OYL260416016,oyl260416016-17-audi,audi,mb,17,7.5,5x112,35,66.45,AUDIA4/改装车型,si
OYL260416017,oyl260416017-18-vehiculos-europeos,vehículos-europeos,mb,18,8.0,5x114.3,35,73.1,改装,si
OYL260416018,oyl260416018-19-audi,audi,mb,19,8.5,5x112,35,66.45,AUDI,no
OYL260416019,oyl260416019-19-vehiculos-europeos,vehículos-europeos,mb,19,8.5,5x114.3,35,73.1,改装,si
OYL260416020,oyl260416020-20-audi,audi,mb,20,9.0,5x112,30,66.45,AUDIA8/Q7,no
OYL260416021,oyl260416021-21-audi,audi,mb,21,9.0,5x112,30,66.45,AUDIA8/Q7,no
OYL260416022,oyl260416022-18-bmw,bmw,mg,18,8.0,5x112,30,66.56,BMW 5系,si
OYL260416023,oyl260416023-18-bmw,bmw,s,18,8.0,5x120,31,72.6,BMW 730Li,no
OYL260416024,oyl260416024-20-bmw,bmw,b,20,11.0,5x120,37,74.1,BMW *5后轮,si
OYL260416025,oyl260416025-20-bmw,bmw,mg,20,11.0,5x120,37,74.1,BMW *5后轮,si
OYL260416026,oyl260416026-19-mercedes-benz,mercedes-benz,miyb,19,8.5,5x112,38,66.56,BENZ,no
OYL260416027,oyl260416027-19-mercedes-benz,mercedes-benz,miyb,19,9.5,5x112,43,66.56,BENZ,no
OYL260416028,oyl260416028-20-mercedes-benz,mercedes-benz,miyb,20,8.5,5x112,38,66.56,BENZ,no
OYL260416029,oyl260416029-20-mercedes-benz,mercedes-benz,miyb,20,9.5,5x112,43,66.56,BENZ,no
OYL260416030,oyl260416030-21-mercedes-benz,mercedes-benz,miyb,21,10.0,5x112,45,66.5,BENZ,no
OYL260416031,oyl260416031-21-mercedes-benz,mercedes-benz,miyb,21,11.0,5x112,42,66.5,BENZ,no
OYL260416032,oyl260416032-22-mercedes-benz,mercedes-benz,miyb,22,11.5,5x112,47,66.5,BENZ GLS/GLE,no
OYL260416033,oyl260416033-22-mercedes-benz,mercedes-benz,mb,22,11.5,5x112,47,66.5,BENZ GLS/GLE,no
OYL260416034,oyl260416034-19-mercedes-benz,mercedes-benz,myb,19,9.5,5x112,43,66.45,BENZ,no
OYL260416035,oyl260416035-19-mercedes-benz,mercedes-benz,miyb,19,8.5,5x112,38,66.45,BENZ,no
OYL260416036,oyl260416036-19-mercedes-benz,mercedes-benz,miyb,19,9.5,5x112,43,66.45,BENZ,no
OYL260416037,oyl260416037-20-mercedes-benz,mercedes-benz,miyb,20,9.5,5x112,43,66.45,BENZ,no
OYL260416038,oyl260416038-22-mercedes-benz,mercedes-benz,miyb,22,10.0,5x130,35,84.1,BENZ G500/G63,no
OYL260416039,oyl260416039-22-mercedes-benz,mercedes-benz,miyb+r,22,10.0,5x130,35,84.1,BENZ G500/G63,no
OYL260416040,oyl260416040-18-bmw,bmw,mg,18,8.0,5x120,30,72.6,BMW 5系,si
OYL260416041,oyl260416041-17-bmw,bmw,s,17,8.0,5x120,30,72.6,BMW 5系,si
OYL260416042,oyl260416042-20-bmw,bmw,mg,20,11.0,5x112,35,66.6,BMW *5前轮,si
OYL260416043,oyl260416043-20-bmw,bmw,mb,20,10.0,5x112,40,66.5,BMW *5前轮,si
OYL260416044,oyl260416044-20-bmw,bmw,mb,20,11.0,5x112,35,66.6,BMW *5后轮,si
OYL260416045,oyl260416045-20-bmw,bmw,mg,20,10.0,5x120,40,74.1,BMW *5前轮,si
OYL260416046,oyl260416046-20-bmw,bmw,mg,20,11.0,5x120,35,74.1,BMW *5后轮,si
OYL260416047,oyl260416047-20-bmw,bmw,mb,20,10.0,5x120,40,74.1,BMW *5前轮,si
OYL260416048,oyl260416048-20-bmw,bmw,mb,20,11.0,5x120,35,74.1,BMW *5后轮,si
OYL260416049,oyl260416049-20-bmw,bmw,mb,20,10.5,5x112,40,66.5,BMW X5/X6,no
OYL260416050,oyl260416050-20-bmw,bmw,b,20,10.5,5x112,40,66.5,BMW X5/X6,no
OYL260416051,oyl260416051-22-bmw,bmw,mb,22,9.5,5x112,37,66.5,BMW X5X6,no
OYL260416052,oyl260416052-22-bmw,bmw,mb,22,9.5,5x120,37,74.1,BMW X5X6,no
OYL260416053,oyl260416053-22-bmw,bmw,b,22,9.5,5x120,37,74.1,BMW X5X6,no
OYL260416054,oyl260416054-22-bmw,bmw,b,22,10.5,5x112,43,66.5,BMW X5X6,no
OYL260416055,oyl260416055-18-audi,audi,mb,18,8.0,5x112,35,66.5,AUDI,no
OYL260416056,oyl260416056-19-audi,audi,mb,19,8.5,5x112,35,66.45,AUDIA3/4/5/6/7/8,no
OYL260416057,oyl260416057-19-audi,audi,mb,19,8.5,5x112,35,66.45,AUDIA3/4/5/6/7/8,no
OYL260416058,oyl260416058-18-bmw,bmw,ms,18,8.0,5x120,30,72.6,BMW 5系,si
OYL260416059,oyl260416059-17-audi,audi,mb,17,7.5,5x112,35,66.45,AUDIA4/A6,no
OYL260416060,oyl260416060-17-audi,audi,mg,17,7.5,5x112,35,66.45,AUDIA4/A6,no
OYL260416061,oyl260416061-18-audi,audi,mb,18,8.0,5x112,35,66.45,AUDIA6/A8,no
OYL260416062,oyl260416062-19-audi,audi,mg,19,8.5,5x112,35,66.45,AUDIA6A8,no
OYL260416063,oyl260416063-20-audi,audi,mg,20,9.0,5x112,30,66.45,AUDIA6/A8,no
OYL260416064,oyl260416064-20-audi,audi,mb,20,9.0,5x112,30,66.45,AUDIA6/A8,no
OYL260416065,oyl260416065-19-bmw,bmw,mb,19,8.5,5x112,30,66.5,BMW,no
OYL260416066,oyl260416066-19-bmw,bmw,mb,19,9.5,5x120,35,72.6,BMW,no
OYL260416067,oyl260416067-20-bmw,bmw,mb,20,9.0,5x112,35,66.5,BMW X5M/X6M,no
OYL260416068,oyl260416068-20-bmw,bmw,mb,20,10.5,5x112,40,66.5,BMW X5M/X6M,no
OYL260416069,oyl260416069-20-bmw,bmw,b,20,10.5,5x112,40,66.5,BMW X5M/X6M,no
OYL260416070,oyl260416070-20-bmw,bmw,mb,20,9.0,5x120,35,74.1,BMW X5M/X6M,no
OYL260416071,oyl260416071-20-bmw,bmw,mb,20,10.5,5x120,40,74.1,BMW X5M/X6M,no
OYL260416072,oyl260416072-20-bmw,bmw,b,20,10.5,5x120,40,74.1,BMW X5M/X6M,no
OYL260416073,oyl260416073-20-bmw,bmw,mb+b,20,10.5,5x112,40,66.5,BMW X5M/X6M,no
OYL260416074,oyl260416074-20-bmw,bmw,mb+b,20,10.5,5x120,40,74.1,BMW X5M/X6M,no
OYL260416075,oyl260416075-22-bmw,bmw,mb,22,9.5,5x112,37,66.56,BMW X5M/X6M,no
OYL260416076,oyl260416076-22-bmw,bmw,mb,22,10.5,5x112,43,66.56,BMW X5M/X6M,no
OYL260416077,oyl260416077-22-bmw,bmw,b,22,9.5,5x112,37,66.56,BMW X5M/X6M,no
OYL260416078,oyl260416078-22-bmw,bmw,b,22,10.5,5x120,43,74.1,BMW X5M/X6M,no
OYL260416079,oyl260416079-22-bmw,bmw,mb+b,22,9.5,5x112,37,66.5,BMW X5M/X6M,no
OYL260416080,oyl260416080-22-bmw,bmw,mb+b,22,10.5,5x120,43,74.1,BMW X5M/X6M,no
OYL260416081,oyl260416081-18-bmw,bmw,s,18,8.0,5x112,30,66.56,BMW 5系,si
OYL260416082,oyl260416082-18-bmw,bmw,s,18,8.0,5x120,30,72.6,BMW 5系,si
OYL260416083,oyl260416083-18-bmw,bmw,mg-d,18,8.0,5x112,30,66.56,BMW 5系,si
OYL260416084,oyl260416084-18-bmw,bmw,mg,18,8.0,5x112,30,66.56,BMW 5系,si
OYL260416085,oyl260416085-17-bmw,bmw,mb,17,8.0,5x120,25,72.6,BMW 3/5系,si
OYL260416086,oyl260416086-19-bmw,bmw,mb,19,8.0,5x120,30,72.56,BMW 5系,si
OYL260416087,oyl260416087-19-bmw,bmw,b,19,8.0,5x120,30,72.56,BMW 5系,si
OYL260416088,oyl260416088-18-mercedes-benz,mercedes-benz,mg,18,8.0,5x112,43,66.5,BENZ E级,si
OYL260416089,oyl260416089-19-audi,audi,mg,19,8.5,5x112,30,66.45,AUDIA6/A8,no
OYL260416090,oyl260416090-19-audi,audi,mb,19,8.5,5x112,30,66.45,AUDIA6/A8,no
OYL260416091,oyl260416091-20-audi,audi,mg,20,9.0,5x112,30,66.45,AUDIA6/A8,no
OYL260416092,oyl260416092-20-audi,audi,mb,20,9.0,5x112,30,66.45,AUDIA6/A8,no
OYL260416093,oyl260416093-20-audi,audi,p,20,9.0,5x112,30,66.45,AUDIA6/A8,no
OYL260416094,oyl260416094-17-audi,audi,mb+l,17,7.5,5x112,35,66.45,AUDIA6/A8,no
OYL260416095,oyl260416095-17-vehiculos-europeos,vehículos-europeos,,17,7.5,5x112,,66.5,Consultar,no
OYL260416096,oyl260416096-18-audi,audi,mb+l,18,8.0,5x112,35,66.45,AUDIA6/A8,no
OYL260416097,oyl260416097-18-audi,audi,ybz,18,8.0,5x112,35,66.45,AUDIA6/A8,no
OYL260416098,oyl260416098-18-vehiculos-europeos,vehículos-europeos,,18,8.0,5x112,,66.5,Consultar,no
OYL260416099,oyl260416099-19-audi,audi,mb+l,19,8.5,5x112,30,66.45,AUDIA6/A8,no
OYL260416100,oyl260416100-20-audi,audi,mb+l,20,9.0,5x112,30,66.45,AUDIA6/A8,no
OYL260416101,oyl260416101-21-audi,audi,mb+l,21,9.0,5x112,25,66.5,AUDIA6/A8,no
OYL260416102,oyl260416102-20-audi,audi,mb,20,9.0,5x112,30,66.45,AUDIQ8,no
OYL260416103,oyl260416103-23-audi,audi,b,23,10.0,5x112,20,66.5,AUDIQ8,no
OYL260416104,oyl260416104-18-mercedes-benz,mercedes-benz,mb,18,8.0,5x112,36,66.5,BENZ S级新,si
OYL260416105,oyl260416105-18-mercedes-benz,mercedes-benz,mb,18,9.0,5x112,42,66.5,BENZ S级新,si
OYL260416106,oyl260416106-18-mercedes-benz,mercedes-benz,mg,18,8.0,5x112,36,66.5,BENZ S级新,si
OYL260416107,oyl260416107-18-mercedes-benz,mercedes-benz,mg,18,9.0,5x112,42,66.5,BENZ S级新,si
OYL260416108,oyl260416108-19-mercedes-benz,mercedes-benz,mg,19,9.5,5x112,43,66.5,BENZ S级新,si
OYL260416109,oyl260416109-19-mercedes-benz,mercedes-benz,mb,19,9.5,5x112,43,66.5,BENZ S级新,si
OYL260416110,oyl260416110-20-mercedes-benz,mercedes-benz,mg,20,8.5,5x112,36,66.5,BENZ S级新,si
OYL260416111,oyl260416111-20-mercedes-benz,mercedes-benz,mb,20,8.5,5x112,36,66.5,BENZ S级新,si
OYL260416112,oyl260416112-20-mercedes-benz,mercedes-benz,mb,20,9.5,5x112,43,66.5,BENZ S级新,si
OYL260416113,oyl260416113-18-mercedes-benz,mercedes-benz,mbi,18,8.0,5x112,40,66.5,BENZ E级,si
OYL260416114,oyl260416114-18-mercedes-benz,mercedes-benz,mbi,18,9.0,5x112,45,66.5,BENZ E级,si
OYL260416115,oyl260416115-18-mercedes-benz,mercedes-benz,mb,18,8.0,5x112,40,66.5,BENZ E级,si
OYL260416116,oyl260416116-18-mercedes-benz,mercedes-benz,mb,18,9.0,5x112,45,66.5,BENZ E级,si
OYL260416117,oyl260416117-18-vehiculos-europeos,vehículos-europeos,mbi,18,8.0,5x112,35,66.6,Consultar,no
OYL260416118,oyl260416118-19-mercedes-benz,mercedes-benz,mbi,19,8.0,5x112,36,66.5,BENZ E级,si
OYL260416119,oyl260416119-19-mercedes-benz,mercedes-benz,mbi,19,9.0,5x112,42,66.5,BENZ E级,si
OYL260416120,oyl260416120-19-mercedes-benz,mercedes-benz,mb,19,8.0,5x112,36,66.5,BENZ E级,si
OYL260416121,oyl260416121-19-mercedes-benz,mercedes-benz,mb,19,9.0,5x112,42,66.5,BENZ E级,si
OYL260416122,oyl260416122-20-mercedes-benz,mercedes-benz,mb,20,8.5,5x112,36,66.5,BENZ E级,si
OYL260416123,oyl260416123-20-mercedes-benz,mercedes-benz,mb,20,9.5,5x112,43,66.5,BENZ E级,si
OYL260416124,oyl260416124-20-mercedes-benz,mercedes-benz,mib,20,8.5,5x112,36,66.5,BENZ E级,si
OYL260416125,oyl260416125-20-mercedes-benz,mercedes-benz,mib,20,9.5,5x112,43,66.5,BENZ E级,si
OYL260416126,oyl260416126-19-mercedes-benz,mercedes-benz,mb,19,8.0,5x112,38,66.5,BENZ GLC,no
OYL260416127,oyl260416127-18-mercedes-benz,mercedes-benz,mb,18,8.0,5x112,36,66.5,BENZ S级贴AMG标,si
OYL260416128,oyl260416128-18-mercedes-benz,mercedes-benz,mb,18,9.0,5x112,42,66.5,BENZ S级贴AMG标,si
OYL260416129,oyl260416129-19-mercedes-benz,mercedes-benz,mb,19,8.5,5x112,36,66.5,BENZ S级贴AMG标,si
OYL260416130,oyl260416130-19-mercedes-benz,mercedes-benz,mb,19,9.5,5x112,43,66.5,BENZ S级贴AMG标,si
OYL260416131,oyl260416131-20-mercedes-benz,mercedes-benz,mb,20,8.5,5x112,36,66.5,BENZ S级贴AMG标,si
OYL260416132,oyl260416132-20-mercedes-benz,mercedes-benz,mb,20,9.5,5x112,43,66.5,BENZ S级贴AMG标,si
OYL260416133,oyl260416133-21-mercedes-benz,mercedes-benz,mb,21,9.0,5x112,34,66.5,BENZ S级贴AMG标,si
OYL260416134,oyl260416134-21-mercedes-benz,mercedes-benz,mb,21,10.0,5x112,48,66.5,BENZ S级贴AMG标,si
OYL260416135,oyl260416135-19-mercedes-benz,mercedes-benz,mb,19,8.5,5x112,36,66.5,BENZ GLS/GLE,no
OYL260416136,oyl260416136-19-mercedes-benz,mercedes-benz,mb,19,9.5,5x112,43,66.5,BENZ GLS/GLE,no
OYL260416137,oyl260416137-20-mercedes-benz,mercedes-benz,mb,20,8.5,5x112,36,66.5,BENZ GLS/GLE,no
OYL260416138,oyl260416138-20-mercedes-benz,mercedes-benz,mb,20,9.5,5x112,45,66.5,BENZ GLS/GLE,no
OYL260416139,oyl260416139-20-mercedes-benz,mercedes-benz,mb,20,8.5,5x112,36,66.5,BENZ GLS/GLE,no
OYL260416140,oyl260416140-20-mercedes-benz,mercedes-benz,mb,20,9.5,5x112,45,66.5,BENZ GLS/GLE,no
OYL260416141,oyl260416141-21-mercedes-benz,mercedes-benz,mb,21,10.0,5x112,45,66.5,BENZ GLS/GLE,no
OYL260416142,oyl260416142-21-mercedes-benz,mercedes-benz,mb,21,11.0,5x112,42,66.5,BENZ GLS/GLE,no
OYL260416143,oyl260416143-22-mercedes-benz,mercedes-benz,mb,22,9.5,5x112,45,66.5,BENZ GLS/GLE,no
OYL260416144,oyl260416144-22-mercedes-benz,mercedes-benz,mb,22,11.5,5x112,47,66.5,BENZ GLS/GLE,no
OYL260416145,oyl260416145-22-mercedes-benz,mercedes-benz,mg,22,9.5,5x112,45,66.5,BENZ GLS/GLE,no
OYL260416146,oyl260416146-19-mercedes-benz,mercedes-benz,p,19,8.5,5x112,36,66.5,BENZ S级老 迈巴赫威霆,si
OYL260416147,oyl260416147-19-mercedes-benz,mercedes-benz,p,19,9.5,5x112,43,66.5,BENZ S级老 迈巴赫威霆,si
OYL260416148,oyl260416148-20-mercedes-benz,mercedes-benz,p,20,8.5,5x112,36,66.5,BENZ S级老 迈巴赫威霆,si
OYL260416149,oyl260416149-20-mercedes-benz,mercedes-benz,p,20,9.5,5x112,43,66.5,BENZ S级老 迈巴赫威霆,si
OYL260416150,oyl260416150-20-mercedes-benz,mercedes-benz,cb,20,8.5,5x112,36,66.5,BENZ S级老 迈巴赫威霆,si
OYL260416151,oyl260416151-19-mercedes-benz,mercedes-benz,mb,19,8.5,5x112,36,66.5,BENZ S级老 迈巴赫 威霆,si
OYL260416152,oyl260416152-19-mercedes-benz,mercedes-benz,mb,19,9.5,5x112,43,66.5,BENZ S级老 迈巴赫 威霆,si
OYL260416153,oyl260416153-20-mercedes-benz,mercedes-benz,mb,20,8.5,5x112,36,66.5,BENZ S级老 迈巴赫 威霆,si
OYL260416154,oyl260416154-20-mercedes-benz,mercedes-benz,mb,20,9.5,5x112,43,66.5,BENZ S级老 迈巴赫 威霆,si
OYL260416155,oyl260416155-20-bmw,bmw,mb,20,10.5,5x112,40,66.5,BMW X5X6,no
OYL260416156,oyl260416156-20-bmw,bmw,mb,20,10.5,5x120,40,74.1,BMW X5X6,no
OYL260416157,oyl260416157-19-bmw,bmw,mb,19,8.5,5x112,30,66.5,BMW 5系7系,si
OYL260416158,oyl260416158-19-bmw,bmw,mb,19,9.5,5x112,35,66.5,BMW 5系7系,si
OYL260416159,oyl260416159-19-bmw,bmw,mb,19,8.5,5x120,30,72.6,BMW 5系7系,si
OYL260416160,oyl260416160-19-bmw,bmw,mb,19,9.5,5x120,35,72.6,BMW 5系7系,si
OYL260416161,oyl260416161-20-bmw,bmw,mb,20,8.5,5x112,25,66.5,BMW 5系7系,si
OYL260416162,oyl260416162-20-bmw,bmw,mb,20,8.5,5x120,25,72.6,BMW 5系7系,si
OYL260416163,oyl260416163-20-bmw,bmw,mb,20,9.5,5x120,35,72.6,BMW 5系7系,si
OYL260416164,oyl260416164-20-bmw,bmw,mb,20,9.5,5x112,40,66.5,BMW 7系,si
OYL260416165,oyl260416165-20-bmw,bmw,mb,20,8.5,5x120,25,72.6,BMW 7系,si
OYL260416166,oyl260416166-20-bmw,bmw,mb,20,9.5,5x120,40,72.6,BMW 7系,si
OYL260416167,oyl260416167-21-bmw,bmw,mb,21,9.0,5x112,24,66.5,BMW 7系,si
OYL260416168,oyl260416168-21-bmw,bmw,mb,21,10.5,5x112,44,66.5,BMW 7系,si
OYL260416169,oyl260416169-21-bmw,bmw,mb,21,9.0,5x120,24,72.6,BMW 7系,si
OYL260416170,oyl260416170-21-bmw,bmw,mb,21,10.5,5x120,44,72.6,BMW 7系,si
OYL260416171,oyl260416171-19-bmw,bmw,mb,19,8.0,5x120,25,72.56,BMW 3/5系,si
OYL260416172,oyl260416172-19-bmw,bmw,b,19,9.0,5x112,35,66.5,BMW 3/5系,si
OYL260416173,oyl260416173-19-bmw,bmw,b,19,8.0,5x120,25,72.56,BMW 3/5系,si
OYL260416174,oyl260416174-18-volkswagen,volkswagen,b,18,8.0,5x112,35,57.1,VW全系,si
OYL260416175,oyl260416175-18-volkswagen,volkswagen,s,18,8.0,5x112,35,57.1,VW全系,si
OYL260416176,oyl260416176-19-volkswagen,volkswagen,b,19,8.0,5x112,38,57.1,(VWMagotan-2024/2025/改）,si
OYL260416177,oyl260416177-19-volkswagen,volkswagen,s,19,8.0,5x112,38,57.1,(VWMagotan-2024/2025/改）,si
OYL260416178,oyl260416178-17-volkswagen,volkswagen,mb,17,7.5,5x100,35,57.1,VW全系,si
OYL260416179,oyl260416179-18-volkswagen,volkswagen,mb,18,8.0,5x112,35,57.1,VW全系,si
OYL260416180,oyl260416180-19-mercedes-benz,mercedes-benz,mb,19,8.5,5x112,36,66.5,BENZ C43 AMG,no
OYL260416181,oyl260416181-19-mercedes-benz,mercedes-benz,mb,19,9.5,5x112,42,66.5,BENZ C43 AMG,no
OYL260416182,oyl260416182-20-mercedes-benz,mercedes-benz,mb,20,8.5,5x112,36,66.5,BENZ C43 AMG,no
OYL260416183,oyl260416183-20-mercedes-benz,mercedes-benz,mb,20,9.5,5x112,42,66.5,BENZ C43 AMG,no
OYL260416184,oyl260416184-19-bmw,bmw,mb,19,9.5,5x112,35,66.5,BMW M5-2021/改装,si
OYL260416185,oyl260416185-19-bmw,bmw,mb,19,9.5,5x120,35,72.6,BMW M5-2021/改装,si
OYL260416186,oyl260416186-20-bmw,bmw,mb,20,9.5,5x112,40,66.5,BMW 改装,si
OYL260416187,oyl260416187-20-bmw,bmw,mb,20,8.5,5x120,25,72.6,BMW 改装,si
OYL260416188,oyl260416188-17-audi,audi,mb,17,7.5,5x112,35,66.45,AUDIA4/A6,no
OYL260416189,oyl260416189-18-audi,audi,mb,18,8.0,5x112,35,66.45,AUDIA4/A6/改装车型,si
OYL260416190,oyl260416190-19-audi,audi,mb,19,8.5,5x112,35,66.45,AUDIA8,no
OYL260416191,oyl260416191-21-audi,audi,mb,21,9.0,5x112,25,66.45,AUDIRS6,no
OYL260416192,oyl260416192-20-audi,audi,mb,20,9.0,5x112,30,66.45,AUDIQ7,no
OYL260416193,oyl260416193-22-audi,audi,mb,22,10.0,5x112,20,66.5,AUDIQ7,no
OYL260416194,oyl260416194-19-mercedes-benz,mercedes-benz,b,19,8.5,5x112,36,66.5,BENZ 迈巴赫改装,si
OYL260416195,oyl260416195-20-mercedes-benz,mercedes-benz,b,20,8.5,5x112,36,66.5,BENZ 迈巴赫改装,si
OYL260416196,oyl260416196-21-mercedes-benz,mercedes-benz,b,21,9.0,5x112,34,66.5,BENZ 迈巴赫改装,si
OYL260416197,oyl260416197-21-mercedes-benz,mercedes-benz,b,21,10.0,5x112,48,66.5,BENZ 迈巴赫改装,si
OYL260416198,oyl260416198-18-mercedes-benz,mercedes-benz,mb,18,8.0,5x112,36,66.5,BENZ E级,si
OYL260416199,oyl260416199-19-mercedes-benz,mercedes-benz,mb,19,8.5,5x112,36,66.5,BENZ E级,si
OYL260416200,oyl260416200-19-mercedes-benz,mercedes-benz,mb,19,9.5,5x112,45,66.5,BENZ E级,si
OYL260416201,oyl260416201-19-bmw,bmw,b,19,8.0,5x112,30,66.5,BMW 3/5系,si
OYL260416202,oyl260416202-19-bmw,bmw,b,19,9.0,5x120,35,72.5,BMW 3/5系,si
OYL260416203,oyl260416203-20-bmw,bmw,b,20,8.5,5x112,30,66.5,BMW 3/5系,si
OYL260416204,oyl260416204-20-bmw,bmw,b,20,9.5,5x112,35,66.5,BMW 3/5系,si
OYL260416205,oyl260416205-20-bmw,bmw,mb,20,8.5,5x112,30,66.5,BMW 3/5系,si
OYL260416206,oyl260416206-20-bmw,bmw,mb,20,9.5,5x112,35,66.5,BMW 3/5系,si
OYL260416207,oyl260416207-20-bmw,bmw,b,20,8.5,5x120,30,72.56,BMW M4/改,si
OYL260416208,oyl260416208-20-bmw,bmw,b,20,9.5,5x120,35,72.56,BMW M4/改,si
OYL260416209,oyl260416209-19-audi,audi,mbi,19,8.5,5x112,35,66.45,AUDIA7,no
OYL260416210,oyl260416210-19-vehiculos-europeos,vehículos-europeos,mbi,19,8.5,5x114.3,35,73.1,改装,si
OYL260416211,oyl260416211-21-bmw,bmw,mb,21,10.5,5x112,43,66.5,BMW X7,no
OYL260416212,oyl260416212-22-bmw,bmw,mb,22,9.5,5x112,37,66.5,BMW X5/X7,no
OYL260416213,oyl260416213-22-bmw,bmw,mb,22,10.5,5x112,43,66.5,BMW X5/X7,no
OYL260416214,oyl260416214-22-bmw,bmw,mb,22,9.5,5x120,37,74.1,BMW X5/X7,no
OYL260416215,oyl260416215-18-mercedes-benz,mercedes-benz,mb,18,8.0,5x112,36,66.5,BENZ S级老 迈巴赫,si
OYL260416216,oyl260416216-18-mercedes-benz,mercedes-benz,mb,18,9.0,5x112,43,66.5,BENZ S级老 迈巴赫(球）,si
OYL260416217,oyl260416217-19-mercedes-benz,mercedes-benz,mb,19,8.5,5x112,36,66.5,BENZ S级老 迈巴赫,si
OYL260416218,oyl260416218-19-mercedes-benz,mercedes-benz,mb,19,9.5,5x112,43,66.5,BENZ S级老 迈巴赫,si
OYL260416219,oyl260416219-20-mercedes-benz,mercedes-benz,mb,20,8.5,5x112,36,66.5,BENZ S级老 迈巴赫,si
OYL260416220,oyl260416220-20-mercedes-benz,mercedes-benz,mb,20,9.5,5x112,43,66.5,BENZ S级老 迈巴赫,si
OYL260416221,oyl260416221-21-mercedes-benz,mercedes-benz,mb,21,10.0,5x112,48,66.5,BENZ S级老 迈巴赫,si
OYL260416222,oyl260416222-20-mercedes-benz,mercedes-benz,mb,20,8.5,5x112,36,66.5,BENZ S级老 迈巴赫,si
OYL260416223,oyl260416223-20-mercedes-benz,mercedes-benz,mb,20,9.5,5x112,43,66.5,BENZ S级老 迈巴赫,si
OYL260416224,oyl260416224-19-bmw,bmw,smh,19,8.0,5x112,30,66.5,BMW 3/5系,si
OYL260416225,oyl260416225-19-bmw,bmw,smh,19,9.0,5x112,44,66.5,BMW 3/5系,si
OYL260416226,oyl260416226-19-bmw,bmw,smh,19,8.0,5x120,30,72.6,BMW 3/5系,si
OYL260416227,oyl260416227-19-bmw,bmw,smh,19,9.0,5x120,44,72.6,BMW 3/5系,si
OYL260416228,oyl260416228-20-bmw,bmw,mb,20,9.0,5x112,35,66.5,BMW X5/X7,no
OYL260416229,oyl260416229-20-bmw,bmw,mb,20,10.5,5x112,40,66.5,BMW X5/X7,no
OYL260416230,oyl260416230-20-bmw,bmw,mb,20,9.0,5x120,35,74.1,BMW X5/X7,no
OYL260416231,oyl260416231-22-bmw,bmw,mb,22,9.5,5x112,37,66.5,BMW X5/X7,no
OYL260416232,oyl260416232-22-bmw,bmw,mb,22,10.5,5x112,43,66.5,BMW X5/X7,no
OYL260416233,oyl260416233-22-bmw,bmw,mb,22,9.5,5x120,37,74.1,BMW X5/X7,no
OYL260416234,oyl260416234-22-bmw,bmw,mb,22,10.5,5x120,43,74.1,BMW X5/X7,no
OYL260416235,oyl260416235-18-bmw,bmw,mb,18,8.5,5x120,30,72.56,BMW 5系7系,si
OYL260416236,oyl260416236-18-bmw,bmw,mb,18,8.5,5x112,30,66.5,BMW 5系7系,si
OYL260416237,oyl260416237-19-bmw,bmw,mb,19,8.5,5x120,25,72.56,BMW 5系7系,si
OYL260416238,oyl260416238-19-bmw,bmw,mb,19,9.5,5x120,35,72.56,BMW 5系7系,si
OYL260416239,oyl260416239-19-bmw,bmw,mb,19,8.5,5x112,30,66.5,BMW 5系7系,si
OYL260416240,oyl260416240-19-bmw,bmw,mb,19,9.5,5x112,35,66.5,BMW 5系7系,si
OYL260416241,oyl260416241-19-bmw,bmw,mg,19,9.5,5x112,35,66.5,BMW 5系7系,si
OYL260416242,oyl260416242-20-bmw,bmw,mb,20,9.5,5x120,35,72.56,BMW 5系7系,si
OYL260416243,oyl260416243-20-bmw,bmw,mb,20,8.5,5x112,30,66.5,BMW 5系7系,si
OYL260416244,oyl260416244-18-mercedes-benz,mercedes-benz,mb,18,8.0,5x112,40,66.5,BENZ C级,si
OYL260416245,oyl260416245-18-mercedes-benz,mercedes-benz,mb,18,8.0,5x114.3,38,73.1,BENZ C级,si
OYL260416246,oyl260416246-18-mercedes-benz,mercedes-benz,mb,18,8.0,5x114.3,38,73.1,BENZ C级,si
OYL260416247,oyl260416247-22-bmw,bmw,mb,22,10.5,5x112,38,66.5,BMW X7,no
OYL260416248,oyl260416248-22-bmw,bmw,mb,22,10.5,5x120,38,74.1,BMW X7,no
OYL260416249,oyl260416249-19-mercedes-benz,mercedes-benz,mb,19,8.5,5x112,36,66.5,BENZ E级,si
OYL260416250,oyl260416250-19-mercedes-benz,mercedes-benz,mb,19,9.5,5x112,45,66.5,BENZ E级,si
OYL260416251,oyl260416251-20-mercedes-benz,mercedes-benz,mb,20,8.5,5x112,36,66.5,BENZ E级,si
OYL260416252,oyl260416252-20-mercedes-benz,mercedes-benz,mb,20,9.5,5x112,43,66.5,BENZ E级,si
OYL260416253,oyl260416253-17-bmw,bmw,mb,17,8.0,5x120,25,72.6,BMW M4 鸟巢,si
OYL260416254,oyl260416254-17-bmw,bmw,b,17,8.0,5x120,25,72.6,BMW M4 鸟巢,si
OYL260416255,oyl260416255-18-bmw,bmw,b,18,8.0,5x112,30,66.5,BMW 3/5系,si
OYL260416256,oyl260416256-18-bmw,bmw,b,18,9.0,5x112,35,66.5,BMW 3/5系,si
OYL260416257,oyl260416257-18-bmw,bmw,b,18,8.5,5x112,30,66.56,BMW 3/5系,si
OYL260416258,oyl260416258-19-audi,audi,mb,19,8.5,5x112,35,66.45,AUDIQ8,no
OYL260416259,oyl260416259-22-audi,audi,mb,22,10.0,5x112,25,66.45,AUDIQ8,no
OYL260416260,oyl260416260-19-audi,audi,b,19,8.5,5x112,35,66.5,AUDIA7,no
OYL260416261,oyl260416261-19-audi,audi,matte black,19,8.5,5x112,35,66.5,AUDIA7,no
OYL260416262,oyl260416262-19-audi,audi,b+p,19,8.5,5x112,35,66.5,AUDIA7,no
OYL260416263,oyl260416263-20-audi,audi,mb,20,9.0,5x112,30,66.45,AUDIRS6/RS7-2024,no
OYL260416264,oyl260416264-20-audi,audi,b+p,20,9.0,5x112,30,66.45,AUDIRS6/RS7-2024,no
OYL260416265,oyl260416265-20-audi,audi,mb+x,20,9.0,5x112,30,66.45,AUDIA7,no
OYL260416266,oyl260416266-21-audi,audi,mb,21,9.0,5x112,25,66.45,AUDIRS6/RS7-2024,no
OYL260416267,oyl260416267-21-audi,audi,matte black,21,9.0,5x112,25,66.45,AUDIRS6/RS7-2024,no
OYL260416268,oyl260416268-21-audi,audi,mb+x,21,9.0,5x112,25,66.45,AUDIRS6/RS7-2024,no
OYL260416269,oyl260416269-21-audi,audi,b,21,9.0,5x112,25,66.45,AUDIRS6/RS7-2024,no
OYL260416270,oyl260416270-22-audi,audi,mb,22,10.0,5x112,25,66.45,AUDIRS6/RS7-2024,no
OYL260416271,oyl260416271-22-audi,audi,matte black,22,10.0,5x112,25,66.45,AUDIRS6/RS7-2024,no
OYL260416272,oyl260416272-22-audi,audi,mb+x,22,10.0,5x112,25,66.45,AUDIRS6/RS7-2024,no
OYL260416273,oyl260416273-22-audi,audi,b,22,10.0,5x112,20,66.45,AUDIRS6/RS7-2024,no
OYL260416274,oyl260416274-23-audi,audi,mb,23,10.0,5x112,20,66.5,AUDIRS6/RS7-2024,no
OYL260416275,oyl260416275-23-audi,audi,matte black,23,10.0,5x112,20,66.5,AUDIRS6/RS7-2024,no
OYL260416276,oyl260416276-18-audi,audi,mb,18,8.0,5x112,35,66.45,AUDIA7,no
OYL260416277,oyl260416277-18-audi,audi,b,18,8.0,5x112,35,66.45,AUDIA7,no
OYL260416278,oyl260416278-20-audi,audi,mb,20,9.0,5x112,30,66.45,AUDIA7,no
OYL260416279,oyl260416279-20-audi,audi,b,20,9.0,5x112,30,66.45,AUDIA7,no
OYL260416280,oyl260416280-21-audi,audi,mb,21,9.0,5x112,30,66.45,AUDIA7,no
OYL260416281,oyl260416281-21-audi,audi,b,21,9.0,5x112,30,66.45,AUDIA7,no
OYL260416282,oyl260416282-18-bmw,bmw,mb,18,9.0,5x112,35,66.5,BMW 5系,si
OYL260416283,oyl260416283-18-bmw,bmw,b,18,9.0,5x120,35,72.56,BMW 5系,si
OYL260416284,oyl260416284-18-bmw,bmw,mb,18,8.5,5x112,30,66.56,BMW 5系,si
OYL260416285,oyl260416285-18-bmw,bmw,b,18,8.5,5x112,30,66.56,BMW 5系,si
OYL260416286,oyl260416286-19-bmw,bmw,mb,19,9.5,5x112,35,66.5,BMW 5系,si
OYL260416287,oyl260416287-19-bmw,bmw,mb,19,8.5,5x120,30,72.6,BMW 5系,si
OYL260416288,oyl260416288-19-bmw,bmw,mb,19,9.5,5x120,35,72.6,BMW 5系,si
OYL260416289,oyl260416289-19-bmw,bmw,b,19,9.5,5x120,35,72.6,BMW 5系,si
OYL260416290,oyl260416290-20-bmw,bmw,b,20,8.5,5x112,25,66.5,BMW M/改,si
OYL260416291,oyl260416291-20-bmw,bmw,b,20,9.5,5x112,35,66.5,BMW M/改,si
OYL260416292,oyl260416292-20-bmw,bmw,b,20,8.5,5x120,30,72.56,BMW 5系,si
OYL260416293,oyl260416293-20-bmw,bmw,b,20,9.5,5x120,35,72.56,BMW 5系,si
OYL260416294,oyl260416294-18-mercedes-benz,mercedes-benz,p,18,8.0,5x112,36,66.5,BENZ 迈巴赫,si
OYL260416295,oyl260416295-19-mercedes-benz,mercedes-benz,p,19,8.5,5x112,36,66.5,BENZ 迈巴赫,si
OYL260416296,oyl260416296-19-mercedes-benz,mercedes-benz,p,19,9.5,5x112,43,66.5,BENZ 迈巴赫,si
OYL260416297,oyl260416297-18-bmw,bmw,mb,18,8.5,5x120,30,72.6,BMW 5系,si
OYL260416298,oyl260416298-19-bmw,bmw,mb,19,8.5,5x112,30,66.5,BMW 5系,si
OYL260416299,oyl260416299-19-bmw,bmw,mb,19,9.5,5x112,35,66.5,BMW 5系,si
OYL260416300,oyl260416300-19-bmw,bmw,mb,19,8.5,5x120,30,72.6,BMW 5系,si
OYL260416301,oyl260416301-19-bmw,bmw,mb,19,9.5,5x120,35,72.6,BMW 5系,si
OYL260416302,oyl260416302-18-bmw,bmw,mb,18,9.0,5x120,35,72.6,BMW,no
OYL260416303,oyl260416303-19-bmw,bmw,mb,19,9.5,5x112,35,66.5,BMW,no
OYL260416304,oyl260416304-19-bmw,bmw,mb,19,8.5,5x120,30,72.6,BMW,no
OYL260416305,oyl260416305-19-bmw,bmw,mb,19,9.5,5x120,35,72.6,BMW,no
OYL260416306,oyl260416306-18-mercedes-benz,mercedes-benz,mb,18,8.0,5x112,36,66.5,BENZ AMG CLS欧版/改装,si
OYL260416307,oyl260416307-19-mercedes-benz,mercedes-benz,mb,19,8.5,5x112,36,66.5,BENZ AMG CLS欧版/改装,si
OYL260416308,oyl260416308-19-mercedes-benz,mercedes-benz,mb,19,9.5,5x112,43,66.5,BENZ AMG CLS欧版/改装,si
OYL260416309,oyl260416309-19-bmw,bmw,b,19,8.5,5x120,30,72.6,BMW 1/2/3系,si
OYL260416310,oyl260416310-19-bmw,bmw,b,19,9.5,5x120,40,72.6,BMW 1/2/3系,si
OYL260416311,oyl260416311-19-bmw,bmw,matte black,19,8.5,5x120,30,72.6,BMW 1/2/3系,si
OYL260416312,oyl260416312-19-bmw,bmw,matte black,19,9.5,5x120,40,72.6,BMW 1/2/3系,si
OYL260416313,oyl260416313-20-bmw,bmw,b,20,8.5,5x120,30,72.6,BMW 1/2/3系,si
OYL260416314,oyl260416314-17-bmw,bmw,mg,17,8.0,5x120,25,72.6,BMW 7系,si
OYL260416315,oyl260416315-18-bmw,bmw,b,18,8.0,5x120,30,72.56,BMW M/改,si
OYL260416316,oyl260416316-18-bmw,bmw,b,18,9.0,5x120,35,72.56,BMW M/改,si
OYL260416317,oyl260416317-19-bmw,bmw,b,19,8.5,5x112,30,66.5,BMW 3/5系,si
OYL260416318,oyl260416318-19-bmw,bmw,b,19,9.5,5x112,35,66.5,BMW 3/5系,si
OYL260416319,oyl260416319-19-bmw,bmw,mb,19,9.5,5x120,35,72.6,BMW 3/5系,si
OYL260416320,oyl260416320-19-bmw,bmw,b,19,9.5,5x120,35,72.6,BMW 3/5系,si
OYL260416321,oyl260416321-20-bmw,bmw,b,20,8.5,5x112,25,66.5,BMW 3/5系,si
OYL260416322,oyl260416322-20-bmw,bmw,b,20,9.5,5x112,40,66.5,BMW 3/5系,si
OYL260416323,oyl260416323-20-bmw,bmw,b,20,8.5,5x120,30,72.6,BMW 3/5系,si
OYL260416324,oyl260416324-20-bmw,bmw,b,20,9.5,5x120,40,72.6,BMW 3/5系,si
OYL260416325,oyl260416325-20-bmw,bmw,mg,20,8.0,5x112,27,66.5,BMW X3-2023/改,si
OYL260416326,oyl260416326-20-bmw,bmw,mg,20,9.5,5x112,43,66.5,BMW X3-2023/改,si
OYL260416327,oyl260416327-20-bmw,bmw,b,20,8.0,5x112,27,66.5,BMW X3-2023/改,si
OYL260416328,oyl260416328-20-bmw,bmw,b,20,9.5,5x112,43,66.5,BMW X3-2023/改,si
OYL260416329,oyl260416329-17-volkswagen,volkswagen,mb,17,7.5,5x112,35,57.1,VWCC海外版19寸改18/改,si
OYL260416330,oyl260416330-19-volkswagen,volkswagen,mb,19,8.0,5x112,40,57.1,VWCC海外版19寸改18/改,si
OYL260416331,oyl260416331-20-volkswagen,volkswagen,mb,20,8.5,5x112,40,57.1,VWCC海外版19寸改18/改,si
OYL260416332,oyl260416332-21-mercedes-benz,mercedes-benz,mbi,21,9.5,5x112,30,66.5,BENZ EQS AMG-2024/改,si
OYL260416333,oyl260416333-21-mercedes-benz,mercedes-benz,mbi,21,10.0,5x112,48,66.5,BENZ EQS AMG-2024/改,si
OYL260416334,oyl260416334-19-audi,audi,matt gunmetal machine,19,8.5,5x112,40,66.45,AUDIRS3/改,si
OYL260416335,oyl260416335-20-audi,audi,matt gunmetal machine,20,8.5,5x112,30,66.45,AUDIRS3/改,si
OYL260416336,oyl260416336-20-audi,audi,mb,20,8.5,5x112,40,66.45,AUDI/改,si
OYL260416337,oyl260416337-20-bmw,bmw,mb,20,8.5,5x112,30,66.5,BMW 540i/改,si
OYL260416338,oyl260416338-20-bmw,bmw,mb,20,9.5,5x112,35,66.5,BMW 540i/改,si
OYL260416339,oyl260416339-19-bmw,bmw,mb,19,9.5,5x120,40,72.6,BMW M5新能源-2025/改,si
OYL260416340,oyl260416340-19-bmw,bmw,b,19,8.5,5x112,25,66.5,BMW M5新能源-2025/改,si
OYL260416341,oyl260416341-20-bmw,bmw,mb,20,8.5,5x112,25,66.5,BMW M5新能源-2025/改,si
OYL260416342,oyl260416342-20-bmw,bmw,b,20,9.5,5x112,40,72.6,BMW M5新能源-2025/改,si
OYL260416343,oyl260416343-19-mercedes-benz,mercedes-benz,miyb,19,9.5,5x112,43,66.5,BENZ E级/S级/改,si
OYL260416344,oyl260416344-20-mercedes-benz,mercedes-benz,miyb,20,8.5,5x112,36,66.5,BENZ E级/S级/改,si
OYL260416345,oyl260416345-20-mercedes-benz,mercedes-benz,miyb,20,9.5,5x112,43,66.5,BENZ E级/S级/改,si
OYL260416346,oyl260416346-18-mercedes-benz,mercedes-benz,mb,18,7.5,5x112,52,66.5,BENZ CLA200-18,no
OYL260416347,oyl260416347-19-bmw,bmw,ms,19,9.5,5x120,39,72.6,BMW 740/改,si
OYL260416348,oyl260416348-19-bmw,bmw,mg-d,19,9.5,5x112,39,66.5,BMW 730Li M-2021,no
OYL260416349,oyl260416349-17-volkswagen,volkswagen,mb,17,7.0,5x112,46,57.1,VW速腾-2023,si
OYL260416350,oyl260416350-19-audi,audi,mb,19,8.0,5x112,39,66.45,AUDIQ5,no
OYL260416351,oyl260416351-19-mercedes-benz,mercedes-benz,mb,19,8.5,5x112,36,66.5,BENZ E级海外版/改,si
OYL260416352,oyl260416352-20-mercedes-benz,mercedes-benz,mb,20,8.5,5x112,36,66.5,BENZ E级海外版/改,si
OYL260416353,oyl260416353-20-mercedes-benz,mercedes-benz,mb,20,9.5,5x112,43,66.5,BENZ E级海外版/改,si
OYL260416354,oyl260416354-19-volkswagen,volkswagen,g,19,8.0,5x112,40,57.1,VWCC黄金海岸版,si
OYL260416355,oyl260416355-19-volkswagen,volkswagen,mb,19,7.0,5x112,40,57.1,VW途观L/途观X-2021-2025,si
OYL260416356,oyl260416356-21-volkswagen,volkswagen,mb,21,9.0,5x112,34,57.1,VW揽境-2021-2024,si
OYL260416357,oyl260416357-17-mercedes-benz,mercedes-benz,miyb,17,7.5,5x112,35,66.5,BENZ AMG C63S/改,si
OYL260416358,oyl260416358-18-vehiculos-europeos,vehículos-europeos,miyb,18,8.0,5x112,40,66.45,Consultar,no
OYL260416359,oyl260416359-18-mercedes-benz,mercedes-benz,miyb,18,8.0,5x112,36,66.5,BENZ AMG C63S/改,si
OYL260416360,oyl260416360-19-mercedes-benz,mercedes-benz,miyb,19,8.5,5x112,38,66.5,BENZ AMG C63S/改,si
OYL260416361,oyl260416361-19-mercedes-benz,mercedes-benz,miyb,19,9.5,5x112,43,66.5,BENZ AMG C63S/改,si
OYL260416362,oyl260416362-20-mercedes-benz,mercedes-benz,miyb,20,8.5,5x112,36,66.5,BENZ AMG C63S/改,si
OYL260416363,oyl260416363-19-audi,audi,mb,19,8.5,5x112,40,66.5,AUDIA4L-2024/2025,no
OYL260416364,oyl260416364-20-audi,audi,matte black,20,9.0,5x112,30,66.45,AUDIRS6 Avant GT-2025,no
OYL260416365,oyl260416365-22-audi,audi,mbi+c,22,10.0,5x112,25,66.45,AUDIRS6 Avant GT-2025,no
OYL260416366,oyl260416366-22-audi,audi,w,22,10.0,5x112,25,66.45,AUDIRS6 Avant GT-2025,no
OYL260416367,oyl260416367-20-audi,audi,b,20,90.0,5x112,35,66.5,AUDIA6 Avant 海外版-2025/改）,si
OYL260416368,oyl260416368-21-audi,audi,b,21,9.0,5x112,25,66.5,AUDIA6 Avant 海外版-2025/改）,si
OYL260416369,oyl260416369-20-audi,audi,mb,20,9.0,5x112,30,66.45,AUDIS5,no
OYL260416370,oyl260416370-21-audi,audi,mb,21,9.0,5x112,25,66.5,AUDISQ5/SQ7-2025/改,si
OYL260416371,oyl260416371-22-audi,audi,mb,22,10.0,5x112,25,66.5,AUDISQ5/SQ7-2025/改,si
OYL260416372,oyl260416372-19-audi,audi,mb,19,8.5,5x112,35,66.45,AUDIRS5 Avant-2025/改,si
OYL260416373,oyl260416373-20-audi,audi,mb,20,9.0,5x112,35,66.45,AUDIRS5 Avant-2025/改,si
OYL260416374,oyl260416374-20-audi,audi,ms,20,9.0,5x112,30,66.45,AUDIRS5 Avant-2025/改,si
OYL260416375,oyl260416375-20-vehiculos-europeos,vehículos-europeos,sgmf,20,9.0,5x112,35,66.6,Consultar,no
OYL260416376,oyl260416376-20-vehiculos-europeos,vehículos-europeos,sgmf,20,9.0,5x112,35,66.6,Consultar,no
OYL260416377,oyl260416377-21-audi,audi,mb,21,9.0,5x112,25,66.45,AUDIRS5 Avant-2025/改,si
OYL260416378,oyl260416378-21-vehiculos-europeos,vehículos-europeos,sgmf,21,9.0,5x112,35,66.6,Consultar,no
OYL260416379,oyl260416379-20-audi,audi,mb,20,9.0,5x112,30,66.45,AUDIS3-2021-22海外版/改）,si
OYL260416380,oyl260416380-18-volkswagen,volkswagen,mb,18,8.0,5x112,35,57.1,VW途观/高尔夫8 R-line/改,si
OYL260416381,oyl260416381-18-volkswagen,volkswagen,smh,18,8.0,5x112,35,57.1,VW途观/高尔夫8 R-line/改,si
OYL260416382,oyl260416382-19-volkswagen,volkswagen,mb,19,8.5,5x112,35,57.1,VW途观/高尔夫8 R-line/改,si
OYL260416383,oyl260416383-19-mercedes-benz,mercedes-benz,miyb,19,8.5,5x112,36,66.5,BENZ AMG C63,no
OYL260416384,oyl260416384-19-mercedes-benz,mercedes-benz,miyb,19,9.5,5x112,43,66.5,BENZ AMG C63,no
OYL260416385,oyl260416385-20-mercedes-benz,mercedes-benz,miyb,20,8.5,5x112,36,66.5,BENZ AMG C63,no
OYL260416386,oyl260416386-20-mercedes-benz,mercedes-benz,miyb,20,9.5,5x112,43,66.5,BENZ AMG C63,no
OYL260416387,oyl260416387-19-mercedes-benz,mercedes-benz,miyb,19,8.5,5x112,36,66.5,BENZ AMG CLE53-2024-25/改,si
OYL260416388,oyl260416388-20-mercedes-benz,mercedes-benz,miyb,20,8.5,5x112,36,66.5,BENZ AMG CLE53-2024-25/改,si
OYL260416389,oyl260416389-20-mercedes-benz,mercedes-benz,miyb,20,9.5,5x112,43,66.5,BENZ AMG CLE53-2024-25/改,si
OYL260416390,oyl260416390-17-volkswagen,volkswagen,mb,17,7.5,5x112,38,57.1,VW高尔夫R海外版-2025/改,si
OYL260416391,oyl260416391-19-mercedes-benz,mercedes-benz,miyb,19,8.5,5x112,36,66.5,BENZ AMG GT-2024/E350/改；,si
OYL260416392,oyl260416392-19-mercedes-benz,mercedes-benz,miyb,19,9.5,5x112,43,66.5,BENZ AMG GT-2024/E350/改；,si
OYL260416393,oyl260416393-20-mercedes-benz,mercedes-benz,miyb,20,8.5,5x112,36,66.5,BENZ AMG GT-2024/E350/改；,si
OYL260416394,oyl260416394-20-mercedes-benz,mercedes-benz,miyb,20,8.5,5x112,36,66.5,BENZ E/S/改,si
OYL260416395,oyl260416395-20-mercedes-benz,mercedes-benz,miyb,20,9.5,5x112,43,66.5,BENZ E/S/改,si
OYL260416396,oyl260416396-19-audi,audi,mb,19,8.5,5x112,35,66.5,AUDIRS3 Sportback-2025/改,si
OYL260416397,oyl260416397-20-mercedes-benz,mercedes-benz,mb,20,8.5,5x112,36,66.5,BENZ AMG G63-2025/改,si
OYL260416398,oyl260416398-20-mercedes-benz,mercedes-benz,mb,20,9.5,5x112,43,66.5,BENZ AMG G63-2025/改,si
OYL260416399,oyl260416399-20-mercedes-benz,mercedes-benz,mg,20,8.5,5x112,36,66.5,BENZ AMG G63-2025/改,si
OYL260416400,oyl260416400-20-mercedes-benz,mercedes-benz,mg,20,9.5,5x112,43,66.5,BENZ AMG G63-2025/改,si
OYL260416401,oyl260416401-22-mercedes-benz,mercedes-benz,mb,22,10.0,5x130,36,84.1,BENZ AMG G63-2025/改,si
OYL260416402,oyl260416402-22-mercedes-benz,mercedes-benz,matt black machined,22,10.0,5x130,36,84.1,BENZ AMG G63-2025/改,si
OYL260416403,oyl260416403-20-bmw,bmw,mb,20,9.0,5x112,24,66.5,BMW X3-2025/改,si
OYL260416404,oyl260416404-20-bmw,bmw,mb,20,10.5,5x112,44,66.5,BMW X3-2025/改,si
OYL260416405,oyl260416405-18-volkswagen,volkswagen,mb,18,8.0,5x112,40,57.1,VW高尔夫GTI-2025/改,si
OYL260416406,oyl260416406-20-bmw,bmw,mb,20,8.0,5x112,27,66.5,BMW X4 M40i-2022/改,si
OYL260416407,oyl260416407-20-bmw,bmw,mb,20,9.5,5x112,43,66.5,BMW X4 M40i-2022/改,si
OYL260416408,oyl260416408-20-bmw,bmw,mg,20,8.5,5x112,28,66.5,BMW 530Li-2025(尊享型M运动),si
OYL260416409,oyl260416409-20-bmw,bmw,mb,20,8.5,5x112,28,66.5,BMW 530Li-2025(尊享型M运动),si
OYL260416410,oyl260416410-20-bmw,bmw,mg,20,10.0,5x112,46,66.5,BMW 530Li-2025(尊享型M运动),si
OYL260416411,oyl260416411-20-bmw,bmw,mb,20,10.0,5x112,46,66.5,BMW 530Li-2025(尊享型M运动),si
OYL260416412,oyl260416412-21-bmw,bmw,mb,21,9.0,5x112,24,66.5,BMW 740Li-2023(领先/尊享豪华版),si
OYL260416413,oyl260416413-21-bmw,bmw,mb,21,10.5,5x112,44,66.5,BMW 740Li-2023(领先/尊享豪华版),si
OYL260416414,oyl260416414-21-bmw,bmw,gmf+chromeinsert,21,9.0,5x112,24,66.5,BMW 740Li-2023(领先/尊享豪华版),si
OYL260416415,oyl260416415-21-bmw,bmw,gmf+chromeinsert,21,10.5,5x112,44,66.5,BMW 740Li-2023(领先/尊享豪华版),si
OYL260416416,oyl260416416-21-mercedes-benz,mercedes-benz,mg,21,10.0,5x112,51,66.5,BENZ AMG GLE53-2025/改,si
OYL260416417,oyl260416417-21-mercedes-benz,mercedes-benz,mg,21,11.0,5x112,47,66.5,BENZ AMG GLE53-2025/改,si
OYL260416418,oyl260416418-22-mercedes-benz,mercedes-benz,mg,22,10.0,5x112,56,66.5,BENZ AMG GLE53-2025/改,si
OYL260416419,oyl260416419-22-mercedes-benz,mercedes-benz,mg,22,11.5,5x112,53,66.5,BENZ AMG GLE53-2025/改,si
OYL260416420,oyl260416420-20-bmw,bmw,mb,20,10.0,5x112,46,66.5,BMW i5 M60-2024,no
OYL260416421,oyl260416421-19-bmw,bmw,mb,19,8.0,5x112,27,66.5,BMW 3系-2025,si
OYL260416422,oyl260416422-19-bmw,bmw,mb,19,8.5,5x112,40,66.5,BMW 3系-2025,si
OYL260416423,oyl260416423-19-bmw,bmw,mb,19,8.0,5x112,27,66.5,BMW 3系-2025,si
OYL260416424,oyl260416424-19-bmw,bmw,mb,19,8.5,5x112,40,66.5,BMW 3系-2025,si
OYL260416425,oyl260416425-22-mercedes-benz,mercedes-benz,mb,22,11.5,5x112,53,66.5,BENZ AMG GLE Coupe-2024/ 改,si
OYL260416426,oyl260416426-19-mercedes-benz,mercedes-benz,mg,19,8.5,5x112,36,66.5,BENZ E/S级/改,si
OYL260416427,oyl260416427-19-mercedes-benz,mercedes-benz,mg,19,9.5,5x112,43,66.5,BENZ E/S级/改,si
OYL260416428,oyl260416428-20-mercedes-benz,mercedes-benz,mg,20,8.5,5x112,36,66.5,BENZ E/S级/改,si
OYL260416429,oyl260416429-20-mercedes-benz,mercedes-benz,mg,20,9.5,5x112,43,66.5,BENZ E/S级/改,si
OYL260416430,oyl260416430-20-bmw,bmw,mb,20,8.5,5x112,28,66.5,BMW 530Li-2025(尊享型M运动)BMW 520d-2024欧版,si
OYL260416431,oyl260416431-20-bmw,bmw,mb,20,10.0,5x112,46,66.5,BMW 530Li-2025(尊享型M运动)BMW 520d-2024欧版,si
OYL260416432,oyl260416432-21-mercedes-benz,mercedes-benz,mg,21,11.0,5x112,42,66.5,BENZ GLS/GLE 450豪华版-2025,si
OYL260416433,oyl260416433-22-mercedes-benz,mercedes-benz,mg,22,11.5,5x112,47,66.5,BENZ GLS/GLE 450豪华版-2025,si
OYL260416434,oyl260416434-18-volkswagen,volkswagen,mb,18,8.0,5x112,40,57.1,VW西雅特Seat Cupra/改,si
OYL260416435,oyl260416435-18-volkswagen,volkswagen,mb,18,8.0,5x112,40,57.1,VW高尔夫GTI / 改,si
OYL260416436,oyl260416436-18-volkswagen,volkswagen,mb,18,8.0,5x112,40,57.1,VW / 改,si
OYL260416437,oyl260416437-19-volkswagen,volkswagen,mb,19,8.0,5x112,40,57.1,VW / 改,si
OYL260416438,oyl260416438-20-bmw,bmw,mb,20,8.5,5x112,28,66.5,BMW 540i-2025(加拿大版)/改,si
OYL260416439,oyl260416439-20-bmw,bmw,mb,20,10.0,5x112,46,66.5,BMW 540i-2025(加拿大版)/改,si
