sku,handle,nombre_archivo,vista,orden,alt_es,alt_en,estado_actual,prioridad,severidad,notas_del_propietario
OYL260416260,oyl260416260-19-audi,OYL260416260_frontal_01.jpg,frontal,1,Juego de 4 llantas 19 pulgadas Audi – OYL260416260,,baja resolución,1,critica,
OYL260416261,oyl260416261-19-audi,OYL260416261_frontal_01.jpg,frontal,1,Juego de 4 llantas 19 pulgadas Audi – OYL260416261,,baja resolución,1,critica,
OYL260416262,oyl260416262-19-audi,OYL260416262_frontal_01.jpg,frontal,1,Juego de 4 llantas 19 pulgadas Audi – OYL260416262,,baja resolución,1,critica,
OYL260416263,oyl260416263-20-audi,OYL260416263_frontal_01.jpg,frontal,1,Juego de 4 llantas 20 pulgadas Audi – OYL260416263,,baja resolución,1,critica,
OYL260416264,oyl260416264-20-audi,OYL260416264_frontal_01.jpg,frontal,1,Juego de 4 llantas 20 pulgadas Audi – OYL260416264,,baja resolución,1,critica,
OYL260416265,oyl260416265-20-audi,OYL260416265_frontal_01.jpg,frontal,1,Juego de 4 llantas 20 pulgadas Audi – OYL260416265,,baja resolución,1,critica,
OYL260416266,oyl260416266-21-audi,OYL260416266_frontal_01.jpg,frontal,1,Juego de 4 llantas 21 pulgadas Audi – OYL260416266,,baja resolución,1,critica,
OYL260416267,oyl260416267-21-audi,OYL260416267_frontal_01.jpg,frontal,1,Juego de 4 llantas 21 pulgadas Audi – OYL260416267,,baja resolución,1,critica,
OYL260416268,oyl260416268-21-audi,OYL260416268_frontal_01.jpg,frontal,1,Juego de 4 llantas 21 pulgadas Audi – OYL260416268,,baja resolución,1,critica,
OYL260416269,oyl260416269-21-audi,OYL260416269_frontal_01.jpg,frontal,1,Juego de 4 llantas 21 pulgadas Audi – OYL260416269,,baja resolución,1,critica,
OYL260416270,oyl260416270-22-audi,OYL260416270_frontal_01.jpg,frontal,1,Juego de 4 llantas 22 pulgadas Audi – OYL260416270,,baja resolución,1,critica,
OYL260416271,oyl260416271-22-audi,OYL260416271_frontal_01.jpg,frontal,1,Juego de 4 llantas 22 pulgadas Audi – OYL260416271,,baja resolución,1,critica,
OYL260416272,oyl260416272-22-audi,OYL260416272_frontal_01.jpg,frontal,1,Juego de 4 llantas 22 pulgadas Audi – OYL260416272,,baja resolución,1,critica,
OYL260416273,oyl260416273-22-audi,OYL260416273_frontal_01.jpg,frontal,1,Juego de 4 llantas 22 pulgadas Audi – OYL260416273,,baja resolución,1,critica,
OYL260416274,oyl260416274-23-audi,OYL260416274_frontal_01.jpg,frontal,1,Juego de 4 llantas 23 pulgadas Audi – OYL260416274,,baja resolución,1,critica,
OYL260416275,oyl260416275-23-audi,OYL260416275_frontal_01.jpg,frontal,1,Juego de 4 llantas 23 pulgadas Audi – OYL260416275,,baja resolución,1,critica,
OYL260416034,oyl260416034-19-mercedes-benz,OYL260416034_frontal_01.jpg,frontal,1,Juego de 4 llantas 19 pulgadas Mercedes-Benz – OYL260416034,,baja resolución,10,critica,
OYL260416035,oyl260416035-19-mercedes-benz,OYL260416035_frontal_01.jpg,frontal,1,Juego de 4 llantas 19 pulgadas Mercedes-Benz – OYL260416035,,baja resolución,10,critica,
OYL260416036,oyl260416036-19-mercedes-benz,OYL260416036_frontal_01.jpg,frontal,1,Juego de 4 llantas 19 pulgadas Mercedes-Benz – OYL260416036,,baja resolución,10,critica,
OYL260416037,oyl260416037-20-mercedes-benz,OYL260416037_frontal_01.jpg,frontal,1,Juego de 4 llantas 20 pulgadas Mercedes-Benz – OYL260416037,,baja resolución,10,critica,
OYL260416038,oyl260416038-22-mercedes-benz,OYL260416038_frontal_01.jpg,frontal,1,Juego de 4 llantas 22 pulgadas Mercedes-Benz – OYL260416038,,baja resolución,10,critica,
OYL260416039,oyl260416039-22-mercedes-benz,OYL260416039_frontal_01.jpg,frontal,1,Juego de 4 llantas 22 pulgadas Mercedes-Benz – OYL260416039,,baja resolución,10,critica,
OYL260416391,oyl260416391-19-mercedes-benz,OYL260416391_frontal_01.jpg,frontal,1,Juego de 4 llantas 19 pulgadas Mercedes-Benz – OYL260416391,,baja resolución,100,alta,
OYL260416392,oyl260416392-19-mercedes-benz,OYL260416392_frontal_01.jpg,frontal,1,Juego de 4 llantas 19 pulgadas Mercedes-Benz – OYL260416392,,baja resolución,100,alta,
OYL260416393,oyl260416393-20-mercedes-benz,OYL260416393_frontal_01.jpg,frontal,1,Juego de 4 llantas 20 pulgadas Mercedes-Benz – OYL260416393,,baja resolución,100,alta,
OYL260416343,oyl260416343-19-mercedes-benz,OYL260416343_frontal_01.jpg,frontal,1,Juego de 4 llantas 19 pulgadas Mercedes-Benz – OYL260416343,,baja resolución,101,alta,
OYL260416344,oyl260416344-20-mercedes-benz,OYL260416344_frontal_01.jpg,frontal,1,Juego de 4 llantas 20 pulgadas Mercedes-Benz – OYL260416344,,baja resolución,101,alta,
OYL260416345,oyl260416345-20-mercedes-benz,OYL260416345_frontal_01.jpg,frontal,1,Juego de 4 llantas 20 pulgadas Mercedes-Benz – OYL260416345,,baja resolución,101,alta,
OYL260416369,oyl260416369-20-audi,OYL260416369_frontal_01.jpg,frontal,1,Juego de 4 llantas 20 pulgadas Audi – OYL260416369,,baja resolución,102,alta,
OYL260416370,oyl260416370-21-audi,OYL260416370_frontal_01.jpg,frontal,1,Juego de 4 llantas 21 pulgadas Audi – OYL260416370,,baja resolución,102,alta,
OYL260416371,oyl260416371-22-audi,OYL260416371_frontal_01.jpg,frontal,1,Juego de 4 llantas 22 pulgadas Audi – OYL260416371,,baja resolución,102,alta,
OYL260416403,oyl260416403-20-bmw,OYL260416403_frontal_01.jpg,frontal,1,Juego de 4 llantas 20 pulgadas BMW – OYL260416403,,baja resolución,103,alta,
OYL260416404,oyl260416404-20-bmw,OYL260416404_frontal_01.jpg,frontal,1,Juego de 4 llantas 20 pulgadas BMW – OYL260416404,,baja resolución,103,alta,
OYL260416406,oyl260416406-20-bmw,OYL260416406_frontal_01.jpg,frontal,1,Juego de 4 llantas 20 pulgadas BMW – OYL260416406,,baja resolución,104,alta,
OYL260416407,oyl260416407-20-bmw,OYL260416407_frontal_01.jpg,frontal,1,Juego de 4 llantas 20 pulgadas BMW – OYL260416407,,baja resolución,104,alta,
OYL260416436,oyl260416436-18-volkswagen,OYL260416436_frontal_01.jpg,frontal,1,Juego de 4 llantas 18 pulgadas Volkswagen – OYL260416436,,baja resolución,105,alta,
OYL260416437,oyl260416437-19-volkswagen,OYL260416437_frontal_01.jpg,frontal,1,Juego de 4 llantas 19 pulgadas Volkswagen – OYL260416437,,baja resolución,105,alta,
OYL260416367,oyl260416367-20-audi,OYL260416367_frontal_01.jpg,frontal,1,Juego de 4 llantas 20 pulgadas Audi – OYL260416367,,baja resolución,106,alta,
OYL260416368,oyl260416368-21-audi,OYL260416368_frontal_01.jpg,frontal,1,Juego de 4 llantas 21 pulgadas Audi – OYL260416368,,baja resolución,106,alta,
OYL260416432,oyl260416432-21-mercedes-benz,OYL260416432_frontal_01.jpg,frontal,1,Juego de 4 llantas 21 pulgadas Mercedes-Benz – OYL260416432,,baja resolución,107,alta,
OYL260416433,oyl260416433-22-mercedes-benz,OYL260416433_frontal_01.jpg,frontal,1,Juego de 4 llantas 22 pulgadas Mercedes-Benz – OYL260416433,,baja resolución,107,alta,
OYL260416394,oyl260416394-20-mercedes-benz,OYL260416394_frontal_01.jpg,frontal,1,Juego de 4 llantas 20 pulgadas Mercedes-Benz – OYL260416394,,baja resolución,108,alta,
OYL260416395,oyl260416395-20-mercedes-benz,OYL260416395_frontal_01.jpg,frontal,1,Juego de 4 llantas 20 pulgadas Mercedes-Benz – OYL260416395,,baja resolución,108,alta,
OYL260416421,oyl260416421-19-bmw,OYL260416421_frontal_01.jpg,frontal,1,Juego de 4 llantas 19 pulgadas BMW – OYL260416421,,baja resolución,109,alta,
OYL260416422,oyl260416422-19-bmw,OYL260416422_frontal_01.jpg,frontal,1,Juego de 4 llantas 19 pulgadas BMW – OYL260416422,,baja resolución,109,alta,
OYL260416059,oyl260416059-17-audi,OYL260416059_frontal_01.jpg,frontal,1,Juego de 4 llantas 17 pulgadas Audi – OYL260416059,,baja resolución,11,critica,
OYL260416060,oyl260416060-17-audi,OYL260416060_frontal_01.jpg,frontal,1,Juego de 4 llantas 17 pulgadas Audi – OYL260416060,,baja resolución,11,critica,
OYL260416061,oyl260416061-18-audi,OYL260416061_frontal_01.jpg,frontal,1,Juego de 4 llantas 18 pulgadas Audi – OYL260416061,,baja resolución,11,critica,
OYL260416062,oyl260416062-19-audi,OYL260416062_frontal_01.jpg,frontal,1,Juego de 4 llantas 19 pulgadas Audi – OYL260416062,,baja resolución,11,critica,
OYL260416063,oyl260416063-20-audi,OYL260416063_frontal_01.jpg,frontal,1,Juego de 4 llantas 20 pulgadas Audi – OYL260416063,,baja resolución,11,critica,
OYL260416064,oyl260416064-20-audi,OYL260416064_frontal_01.jpg,frontal,1,Juego de 4 llantas 20 pulgadas Audi – OYL260416064,,baja resolución,11,critica,
OYL260416423,oyl260416423-19-bmw,OYL260416423_frontal_01.jpg,frontal,1,Juego de 4 llantas 19 pulgadas BMW – OYL260416423,,baja resolución,110,alta,
OYL260416424,oyl260416424-19-bmw,OYL260416424_frontal_01.jpg,frontal,1,Juego de 4 llantas 19 pulgadas BMW – OYL260416424,,baja resolución,110,alta,
OYL260416405,oyl260416405-18-volkswagen,OYL260416405_frontal_01.jpg,frontal,1,Juego de 4 llantas 18 pulgadas Volkswagen – OYL260416405,,baja resolución,111,alta,
OYL260416435,oyl260416435-18-volkswagen,OYL260416435_frontal_01.jpg,frontal,1,Juego de 4 llantas 18 pulgadas Volkswagen – OYL260416435,,baja resolución,112,alta,
OYL260416425,oyl260416425-22-mercedes-benz,OYL260416425_frontal_01.jpg,frontal,1,Juego de 4 llantas 22 pulgadas Mercedes-Benz – OYL260416425,,baja resolución,113,alta,
OYL260416434,oyl260416434-18-volkswagen,OYL260416434_frontal_01.jpg,frontal,1,Juego de 4 llantas 18 pulgadas Volkswagen – OYL260416434,,baja resolución,114,alta,
OYL260416379,oyl260416379-20-audi,OYL260416379_frontal_01.jpg,frontal,1,Juego de 4 llantas 20 pulgadas Audi – OYL260416379,,baja resolución,115,alta,
OYL260416420,oyl260416420-20-bmw,OYL260416420_frontal_01.jpg,frontal,1,Juego de 4 llantas 20 pulgadas BMW – OYL260416420,,baja resolución,116,alta,
OYL260416396,oyl260416396-19-audi,OYL260416396_frontal_01.jpg,frontal,1,Juego de 4 llantas 19 pulgadas Audi – OYL260416396,,baja resolución,117,alta,
OYL260416011,oyl260416011-18-mercedes-benz,OYL260416011_frontal_01.jpg,frontal,1,Juego de 4 llantas 18 pulgadas Mercedes-Benz – OYL260416011,,baja resolución,118,alta,
OYL260416113,oyl260416113-18-mercedes-benz,OYL260416113_frontal_01.jpg,frontal,1,Juego de 4 llantas 18 pulgadas Mercedes-Benz – OYL260416113,,imagen repetida,119,media,
OYL260416114,oyl260416114-18-mercedes-benz,OYL260416114_frontal_01.jpg,frontal,1,Juego de 4 llantas 18 pulgadas Mercedes-Benz – OYL260416114,,imagen repetida,119,media,
OYL260416115,oyl260416115-18-mercedes-benz,OYL260416115_frontal_01.jpg,frontal,1,Juego de 4 llantas 18 pulgadas Mercedes-Benz – OYL260416115,,imagen repetida,119,media,
OYL260416116,oyl260416116-18-mercedes-benz,OYL260416116_frontal_01.jpg,frontal,1,Juego de 4 llantas 18 pulgadas Mercedes-Benz – OYL260416116,,imagen repetida,119,media,
OYL260416117,oyl260416117-18-vehiculos-europeos,OYL260416117_frontal_01.jpg,frontal,1,Juego de 4 llantas 18 pulgadas Vehículos europeos – OYL260416117,,imagen repetida,119,media,
OYL260416118,oyl260416118-19-mercedes-benz,OYL260416118_frontal_01.jpg,frontal,1,Juego de 4 llantas 19 pulgadas Mercedes-Benz – OYL260416118,,imagen repetida,119,media,
OYL260416119,oyl260416119-19-mercedes-benz,OYL260416119_frontal_01.jpg,frontal,1,Juego de 4 llantas 19 pulgadas Mercedes-Benz – OYL260416119,,imagen repetida,119,media,
OYL260416120,oyl260416120-19-mercedes-benz,OYL260416120_frontal_01.jpg,frontal,1,Juego de 4 llantas 19 pulgadas Mercedes-Benz – OYL260416120,,imagen repetida,119,media,
OYL260416121,oyl260416121-19-mercedes-benz,OYL260416121_frontal_01.jpg,frontal,1,Juego de 4 llantas 19 pulgadas Mercedes-Benz – OYL260416121,,imagen repetida,119,media,
OYL260416122,oyl260416122-20-mercedes-benz,OYL260416122_frontal_01.jpg,frontal,1,Juego de 4 llantas 20 pulgadas Mercedes-Benz – OYL260416122,,imagen repetida,119,media,
OYL260416123,oyl260416123-20-mercedes-benz,OYL260416123_frontal_01.jpg,frontal,1,Juego de 4 llantas 20 pulgadas Mercedes-Benz – OYL260416123,,imagen repetida,119,media,
OYL260416124,oyl260416124-20-mercedes-benz,OYL260416124_frontal_01.jpg,frontal,1,Juego de 4 llantas 20 pulgadas Mercedes-Benz – OYL260416124,,imagen repetida,119,media,
OYL260416125,oyl260416125-20-mercedes-benz,OYL260416125_frontal_01.jpg,frontal,1,Juego de 4 llantas 20 pulgadas Mercedes-Benz – OYL260416125,,imagen repetida,119,media,
OYL260416357,oyl260416357-17-mercedes-benz,OYL260416357_frontal_01.jpg,frontal,1,Juego de 4 llantas 17 pulgadas Mercedes-Benz – OYL260416357,,baja resolución,12,critica,
OYL260416358,oyl260416358-18-vehiculos-europeos,OYL260416358_frontal_01.jpg,frontal,1,Juego de 4 llantas 18 pulgadas Vehículos europeos – OYL260416358,,baja resolución,12,critica,
OYL260416359,oyl260416359-18-mercedes-benz,OYL260416359_frontal_01.jpg,frontal,1,Juego de 4 llantas 18 pulgadas Mercedes-Benz – OYL260416359,,baja resolución,12,critica,
OYL260416360,oyl260416360-19-mercedes-benz,OYL260416360_frontal_01.jpg,frontal,1,Juego de 4 llantas 19 pulgadas Mercedes-Benz – OYL260416360,,baja resolución,12,critica,
OYL260416361,oyl260416361-19-mercedes-benz,OYL260416361_frontal_01.jpg,frontal,1,Juego de 4 llantas 19 pulgadas Mercedes-Benz – OYL260416361,,baja resolución,12,critica,
OYL260416362,oyl260416362-20-mercedes-benz,OYL260416362_frontal_01.jpg,frontal,1,Juego de 4 llantas 20 pulgadas Mercedes-Benz – OYL260416362,,baja resolución,12,critica,
OYL260416135,oyl260416135-19-mercedes-benz,OYL260416135_frontal_01.jpg,frontal,1,Juego de 4 llantas 19 pulgadas Mercedes-Benz – OYL260416135,,imagen repetida,120,media,
OYL260416136,oyl260416136-19-mercedes-benz,OYL260416136_frontal_01.jpg,frontal,1,Juego de 4 llantas 19 pulgadas Mercedes-Benz – OYL260416136,,imagen repetida,120,media,
OYL260416137,oyl260416137-20-mercedes-benz,OYL260416137_frontal_01.jpg,frontal,1,Juego de 4 llantas 20 pulgadas Mercedes-Benz – OYL260416137,,imagen repetida,120,media,
OYL260416138,oyl260416138-20-mercedes-benz,OYL260416138_frontal_01.jpg,frontal,1,Juego de 4 llantas 20 pulgadas Mercedes-Benz – OYL260416138,,imagen repetida,120,media,
OYL260416139,oyl260416139-20-mercedes-benz,OYL260416139_frontal_01.jpg,frontal,1,Juego de 4 llantas 20 pulgadas Mercedes-Benz – OYL260416139,,imagen repetida,120,media,
OYL260416140,oyl260416140-20-mercedes-benz,OYL260416140_frontal_01.jpg,frontal,1,Juego de 4 llantas 20 pulgadas Mercedes-Benz – OYL260416140,,imagen repetida,120,media,
OYL260416141,oyl260416141-21-mercedes-benz,OYL260416141_frontal_01.jpg,frontal,1,Juego de 4 llantas 21 pulgadas Mercedes-Benz – OYL260416141,,imagen repetida,120,media,
OYL260416142,oyl260416142-21-mercedes-benz,OYL260416142_frontal_01.jpg,frontal,1,Juego de 4 llantas 21 pulgadas Mercedes-Benz – OYL260416142,,imagen repetida,120,media,
OYL260416143,oyl260416143-22-mercedes-benz,OYL260416143_frontal_01.jpg,frontal,1,Juego de 4 llantas 22 pulgadas Mercedes-Benz – OYL260416143,,imagen repetida,120,media,
OYL260416144,oyl260416144-22-mercedes-benz,OYL260416144_frontal_01.jpg,frontal,1,Juego de 4 llantas 22 pulgadas Mercedes-Benz – OYL260416144,,imagen repetida,120,media,
OYL260416145,oyl260416145-22-mercedes-benz,OYL260416145_frontal_01.jpg,frontal,1,Juego de 4 llantas 22 pulgadas Mercedes-Benz – OYL260416145,,imagen repetida,120,media,
OYL260416104,oyl260416104-18-mercedes-benz,OYL260416104_frontal_01.jpg,frontal,1,Juego de 4 llantas 18 pulgadas Mercedes-Benz – OYL260416104,,imagen repetida,121,media,
OYL260416105,oyl260416105-18-mercedes-benz,OYL260416105_frontal_01.jpg,frontal,1,Juego de 4 llantas 18 pulgadas Mercedes-Benz – OYL260416105,,imagen repetida,121,media,
OYL260416106,oyl260416106-18-mercedes-benz,OYL260416106_frontal_01.jpg,frontal,1,Juego de 4 llantas 18 pulgadas Mercedes-Benz – OYL260416106,,imagen repetida,121,media,
OYL260416107,oyl260416107-18-mercedes-benz,OYL260416107_frontal_01.jpg,frontal,1,Juego de 4 llantas 18 pulgadas Mercedes-Benz – OYL260416107,,imagen repetida,121,media,
OYL260416108,oyl260416108-19-mercedes-benz,OYL260416108_frontal_01.jpg,frontal,1,Juego de 4 llantas 19 pulgadas Mercedes-Benz – OYL260416108,,imagen repetida,121,media,
OYL260416109,oyl260416109-19-mercedes-benz,OYL260416109_frontal_01.jpg,frontal,1,Juego de 4 llantas 19 pulgadas Mercedes-Benz – OYL260416109,,imagen repetida,121,media,
OYL260416110,oyl260416110-20-mercedes-benz,OYL260416110_frontal_01.jpg,frontal,1,Juego de 4 llantas 20 pulgadas Mercedes-Benz – OYL260416110,,imagen repetida,121,media,
OYL260416111,oyl260416111-20-mercedes-benz,OYL260416111_frontal_01.jpg,frontal,1,Juego de 4 llantas 20 pulgadas Mercedes-Benz – OYL260416111,,imagen repetida,121,media,
OYL260416112,oyl260416112-20-mercedes-benz,OYL260416112_frontal_01.jpg,frontal,1,Juego de 4 llantas 20 pulgadas Mercedes-Benz – OYL260416112,,imagen repetida,121,media,
OYL260416127,oyl260416127-18-mercedes-benz,OYL260416127_frontal_01.jpg,frontal,1,Juego de 4 llantas 18 pulgadas Mercedes-Benz – OYL260416127,,imagen repetida,122,media,
OYL260416128,oyl260416128-18-mercedes-benz,OYL260416128_frontal_01.jpg,frontal,1,Juego de 4 llantas 18 pulgadas Mercedes-Benz – OYL260416128,,imagen repetida,122,media,
OYL260416129,oyl260416129-19-mercedes-benz,OYL260416129_frontal_01.jpg,frontal,1,Juego de 4 llantas 19 pulgadas Mercedes-Benz – OYL260416129,,imagen repetida,122,media,
OYL260416130,oyl260416130-19-mercedes-benz,OYL260416130_frontal_01.jpg,frontal,1,Juego de 4 llantas 19 pulgadas Mercedes-Benz – OYL260416130,,imagen repetida,122,media,
OYL260416131,oyl260416131-20-mercedes-benz,OYL260416131_frontal_01.jpg,frontal,1,Juego de 4 llantas 20 pulgadas Mercedes-Benz – OYL260416131,,imagen repetida,122,media,
OYL260416132,oyl260416132-20-mercedes-benz,OYL260416132_frontal_01.jpg,frontal,1,Juego de 4 llantas 20 pulgadas Mercedes-Benz – OYL260416132,,imagen repetida,122,media,
OYL260416133,oyl260416133-21-mercedes-benz,OYL260416133_frontal_01.jpg,frontal,1,Juego de 4 llantas 21 pulgadas Mercedes-Benz – OYL260416133,,imagen repetida,122,media,
OYL260416134,oyl260416134-21-mercedes-benz,OYL260416134_frontal_01.jpg,frontal,1,Juego de 4 llantas 21 pulgadas Mercedes-Benz – OYL260416134,,imagen repetida,122,media,
OYL260416094,oyl260416094-17-audi,OYL260416094_frontal_01.jpg,frontal,1,Juego de 4 llantas 17 pulgadas Audi – OYL260416094,,imagen repetida,123,media,
OYL260416095,oyl260416095-17-vehiculos-europeos,OYL260416095_frontal_01.jpg,frontal,1,Juego de 4 llantas 17 pulgadas Vehículos europeos – OYL260416095,,imagen repetida,123,media,
OYL260416096,oyl260416096-18-audi,OYL260416096_frontal_01.jpg,frontal,1,Juego de 4 llantas 18 pulgadas Audi – OYL260416096,,imagen repetida,123,media,
OYL260416097,oyl260416097-18-audi,OYL260416097_frontal_01.jpg,frontal,1,Juego de 4 llantas 18 pulgadas Audi – OYL260416097,,imagen repetida,123,media,
OYL260416098,oyl260416098-18-vehiculos-europeos,OYL260416098_frontal_01.jpg,frontal,1,Juego de 4 llantas 18 pulgadas Vehículos europeos – OYL260416098,,imagen repetida,123,media,
OYL260416099,oyl260416099-19-audi,OYL260416099_frontal_01.jpg,frontal,1,Juego de 4 llantas 19 pulgadas Audi – OYL260416099,,imagen repetida,123,media,
OYL260416100,oyl260416100-20-audi,OYL260416100_frontal_01.jpg,frontal,1,Juego de 4 llantas 20 pulgadas Audi – OYL260416100,,imagen repetida,123,media,
OYL260416101,oyl260416101-21-audi,OYL260416101_frontal_01.jpg,frontal,1,Juego de 4 llantas 21 pulgadas Audi – OYL260416101,,imagen repetida,123,media,
OYL260416157,oyl260416157-19-bmw,OYL260416157_frontal_01.jpg,frontal,1,Juego de 4 llantas 19 pulgadas BMW – OYL260416157,,imagen repetida,124,media,
OYL260416158,oyl260416158-19-bmw,OYL260416158_frontal_01.jpg,frontal,1,Juego de 4 llantas 19 pulgadas BMW – OYL260416158,,imagen repetida,124,media,
OYL260416159,oyl260416159-19-bmw,OYL260416159_frontal_01.jpg,frontal,1,Juego de 4 llantas 19 pulgadas BMW – OYL260416159,,imagen repetida,124,media,
OYL260416160,oyl260416160-19-bmw,OYL260416160_frontal_01.jpg,frontal,1,Juego de 4 llantas 19 pulgadas BMW – OYL260416160,,imagen repetida,124,media,
OYL260416161,oyl260416161-20-bmw,OYL260416161_frontal_01.jpg,frontal,1,Juego de 4 llantas 20 pulgadas BMW – OYL260416161,,imagen repetida,124,media,
OYL260416162,oyl260416162-20-bmw,OYL260416162_frontal_01.jpg,frontal,1,Juego de 4 llantas 20 pulgadas BMW – OYL260416162,,imagen repetida,124,media,
OYL260416163,oyl260416163-20-bmw,OYL260416163_frontal_01.jpg,frontal,1,Juego de 4 llantas 20 pulgadas BMW – OYL260416163,,imagen repetida,124,media,
OYL260416164,oyl260416164-20-bmw,OYL260416164_frontal_01.jpg,frontal,1,Juego de 4 llantas 20 pulgadas BMW – OYL260416164,,imagen repetida,125,media,
OYL260416165,oyl260416165-20-bmw,OYL260416165_frontal_01.jpg,frontal,1,Juego de 4 llantas 20 pulgadas BMW – OYL260416165,,imagen repetida,125,media,
OYL260416166,oyl260416166-20-bmw,OYL260416166_frontal_01.jpg,frontal,1,Juego de 4 llantas 20 pulgadas BMW – OYL260416166,,imagen repetida,125,media,
OYL260416167,oyl260416167-21-bmw,OYL260416167_frontal_01.jpg,frontal,1,Juego de 4 llantas 21 pulgadas BMW – OYL260416167,,imagen repetida,125,media,
OYL260416168,oyl260416168-21-bmw,OYL260416168_frontal_01.jpg,frontal,1,Juego de 4 llantas 21 pulgadas BMW – OYL260416168,,imagen repetida,125,media,
OYL260416169,oyl260416169-21-bmw,OYL260416169_frontal_01.jpg,frontal,1,Juego de 4 llantas 21 pulgadas BMW – OYL260416169,,imagen repetida,125,media,
OYL260416170,oyl260416170-21-bmw,OYL260416170_frontal_01.jpg,frontal,1,Juego de 4 llantas 21 pulgadas BMW – OYL260416170,,imagen repetida,125,media,
OYL260416171,oyl260416171-19-bmw,OYL260416171_frontal_01.jpg,frontal,1,Juego de 4 llantas 19 pulgadas BMW – OYL260416171,,imagen repetida,126,media,
OYL260416172,oyl260416172-19-bmw,OYL260416172_frontal_01.jpg,frontal,1,Juego de 4 llantas 19 pulgadas BMW – OYL260416172,,imagen repetida,126,media,
OYL260416173,oyl260416173-19-bmw,OYL260416173_frontal_01.jpg,frontal,1,Juego de 4 llantas 19 pulgadas BMW – OYL260416173,,imagen repetida,126,media,
OYL260416438,oyl260416438-20-bmw,OYL260416438_frontal_01.jpg,frontal,1,Juego de 4 llantas 20 pulgadas BMW – OYL260416438,,imagen repetida,127,media,
OYL260416439,oyl260416439-20-bmw,OYL260416439_frontal_01.jpg,frontal,1,Juego de 4 llantas 20 pulgadas BMW – OYL260416439,,imagen repetida,127,media,
OYL260416102,oyl260416102-20-audi,OYL260416102_frontal_01.jpg,frontal,1,Juego de 4 llantas 20 pulgadas Audi – OYL260416102,,imagen repetida,128,media,
OYL260416103,oyl260416103-23-audi,OYL260416103_frontal_01.jpg,frontal,1,Juego de 4 llantas 23 pulgadas Audi – OYL260416103,,imagen repetida,128,media,
OYL260416430,oyl260416430-20-bmw,OYL260416430_frontal_01.jpg,frontal,1,Juego de 4 llantas 20 pulgadas BMW – OYL260416430,,imagen repetida,129,media,
OYL260416431,oyl260416431-20-bmw,OYL260416431_frontal_01.jpg,frontal,1,Juego de 4 llantas 20 pulgadas BMW – OYL260416431,,imagen repetida,129,media,
OYL260416276,oyl260416276-18-audi,OYL260416276_frontal_01.jpg,frontal,1,Juego de 4 llantas 18 pulgadas Audi – OYL260416276,,baja resolución,13,critica,
OYL260416277,oyl260416277-18-audi,OYL260416277_frontal_01.jpg,frontal,1,Juego de 4 llantas 18 pulgadas Audi – OYL260416277,,baja resolución,13,critica,
OYL260416278,oyl260416278-20-audi,OYL260416278_frontal_01.jpg,frontal,1,Juego de 4 llantas 20 pulgadas Audi – OYL260416278,,baja resolución,13,critica,
OYL260416279,oyl260416279-20-audi,OYL260416279_frontal_01.jpg,frontal,1,Juego de 4 llantas 20 pulgadas Audi – OYL260416279,,baja resolución,13,critica,
OYL260416280,oyl260416280-21-audi,OYL260416280_frontal_01.jpg,frontal,1,Juego de 4 llantas 21 pulgadas Audi – OYL260416280,,baja resolución,13,critica,
OYL260416281,oyl260416281-21-audi,OYL260416281_frontal_01.jpg,frontal,1,Juego de 4 llantas 21 pulgadas Audi – OYL260416281,,baja resolución,13,critica,
OYL260416155,oyl260416155-20-bmw,OYL260416155_frontal_01.jpg,frontal,1,Juego de 4 llantas 20 pulgadas BMW – OYL260416155,,imagen repetida,130,media,
OYL260416156,oyl260416156-20-bmw,OYL260416156_frontal_01.jpg,frontal,1,Juego de 4 llantas 20 pulgadas BMW – OYL260416156,,imagen repetida,130,media,
OYL260416126,oyl260416126-19-mercedes-benz,OYL260416126_frontal_01.jpg,frontal,1,Juego de 4 llantas 19 pulgadas Mercedes-Benz – OYL260416126,,mejorable,131,media,
OYL260416253,oyl260416253-17-bmw,OYL260416253_frontal_01.jpg,frontal,1,Juego de 4 llantas 17 pulgadas BMW – OYL260416253,,baja resolución,14,critica,
OYL260416254,oyl260416254-17-bmw,OYL260416254_frontal_01.jpg,frontal,1,Juego de 4 llantas 17 pulgadas BMW – OYL260416254,,baja resolución,14,critica,
OYL260416255,oyl260416255-18-bmw,OYL260416255_frontal_01.jpg,frontal,1,Juego de 4 llantas 18 pulgadas BMW – OYL260416255,,baja resolución,14,critica,
OYL260416256,oyl260416256-18-bmw,OYL260416256_frontal_01.jpg,frontal,1,Juego de 4 llantas 18 pulgadas BMW – OYL260416256,,baja resolución,14,critica,
OYL260416257,oyl260416257-18-bmw,OYL260416257_frontal_01.jpg,frontal,1,Juego de 4 llantas 18 pulgadas BMW – OYL260416257,,baja resolución,14,critica,
OYL260416373,oyl260416373-20-audi,OYL260416373_frontal_01.jpg,frontal,1,Juego de 4 llantas 20 pulgadas Audi – OYL260416373,,baja resolución,15,critica,
OYL260416374,oyl260416374-20-audi,OYL260416374_frontal_01.jpg,frontal,1,Juego de 4 llantas 20 pulgadas Audi – OYL260416374,,baja resolución,15,critica,
OYL260416375,oyl260416375-20-vehiculos-europeos,OYL260416375_frontal_01.jpg,frontal,1,Juego de 4 llantas 20 pulgadas Vehículos europeos – OYL260416375,,baja resolución,15,critica,
OYL260416376,oyl260416376-20-vehiculos-europeos,OYL260416376_frontal_01.jpg,frontal,1,Juego de 4 llantas 20 pulgadas Vehículos europeos – OYL260416376,,baja resolución,15,critica,
OYL260416378,oyl260416378-21-vehiculos-europeos,OYL260416378_frontal_01.jpg,frontal,1,Juego de 4 llantas 21 pulgadas Vehículos europeos – OYL260416378,,baja resolución,15,critica,
OYL260416309,oyl260416309-19-bmw,OYL260416309_frontal_01.jpg,frontal,1,Juego de 4 llantas 19 pulgadas BMW – OYL260416309,,baja resolución,16,critica,
OYL260416310,oyl260416310-19-bmw,OYL260416310_frontal_01.jpg,frontal,1,Juego de 4 llantas 19 pulgadas BMW – OYL260416310,,baja resolución,16,critica,
OYL260416311,oyl260416311-19-bmw,OYL260416311_frontal_01.jpg,frontal,1,Juego de 4 llantas 19 pulgadas BMW – OYL260416311,,baja resolución,16,critica,
OYL260416312,oyl260416312-19-bmw,OYL260416312_frontal_01.jpg,frontal,1,Juego de 4 llantas 19 pulgadas BMW – OYL260416312,,baja resolución,16,critica,
OYL260416313,oyl260416313-20-bmw,OYL260416313_frontal_01.jpg,frontal,1,Juego de 4 llantas 20 pulgadas BMW – OYL260416313,,baja resolución,16,critica,
OYL260416297,oyl260416297-18-bmw,OYL260416297_frontal_01.jpg,frontal,1,Juego de 4 llantas 18 pulgadas BMW – OYL260416297,,baja resolución,17,critica,
OYL260416298,oyl260416298-19-bmw,OYL260416298_frontal_01.jpg,frontal,1,Juego de 4 llantas 19 pulgadas BMW – OYL260416298,,baja resolución,17,critica,
OYL260416299,oyl260416299-19-bmw,OYL260416299_frontal_01.jpg,frontal,1,Juego de 4 llantas 19 pulgadas BMW – OYL260416299,,baja resolución,17,critica,
OYL260416300,oyl260416300-19-bmw,OYL260416300_frontal_01.jpg,frontal,1,Juego de 4 llantas 19 pulgadas BMW – OYL260416300,,baja resolución,17,critica,
OYL260416301,oyl260416301-19-bmw,OYL260416301_frontal_01.jpg,frontal,1,Juego de 4 llantas 19 pulgadas BMW – OYL260416301,,baja resolución,17,critica,
OYL260416146,oyl260416146-19-mercedes-benz,OYL260416146_frontal_01.jpg,frontal,1,Juego de 4 llantas 19 pulgadas Mercedes-Benz – OYL260416146,,baja resolución,18,critica,
OYL260416147,oyl260416147-19-mercedes-benz,OYL260416147_frontal_01.jpg,frontal,1,Juego de 4 llantas 19 pulgadas Mercedes-Benz – OYL260416147,,baja resolución,18,critica,
OYL260416148,oyl260416148-20-mercedes-benz,OYL260416148_frontal_01.jpg,frontal,1,Juego de 4 llantas 20 pulgadas Mercedes-Benz – OYL260416148,,baja resolución,18,critica,
OYL260416149,oyl260416149-20-mercedes-benz,OYL260416149_frontal_01.jpg,frontal,1,Juego de 4 llantas 20 pulgadas Mercedes-Benz – OYL260416149,,baja resolución,18,critica,
OYL260416150,oyl260416150-20-mercedes-benz,OYL260416150_frontal_01.jpg,frontal,1,Juego de 4 llantas 20 pulgadas Mercedes-Benz – OYL260416150,,baja resolución,18,critica,
OYL260416188,oyl260416188-17-audi,OYL260416188_frontal_01.jpg,frontal,1,Juego de 4 llantas 17 pulgadas Audi – OYL260416188,,baja resolución,19,critica,
OYL260416189,oyl260416189-18-audi,OYL260416189_frontal_01.jpg,frontal,1,Juego de 4 llantas 18 pulgadas Audi – OYL260416189,,baja resolución,19,critica,
OYL260416190,oyl260416190-19-audi,OYL260416190_frontal_01.jpg,frontal,1,Juego de 4 llantas 19 pulgadas Audi – OYL260416190,,baja resolución,19,critica,
OYL260416191,oyl260416191-21-audi,OYL260416191_frontal_01.jpg,frontal,1,Juego de 4 llantas 21 pulgadas Audi – OYL260416191,,baja resolución,19,critica,
OYL260416065,oyl260416065-19-bmw,OYL260416065_frontal_01.jpg,frontal,1,Juego de 4 llantas 19 pulgadas BMW – OYL260416065,,baja resolución,2,critica,
OYL260416066,oyl260416066-19-bmw,OYL260416066_frontal_01.jpg,frontal,1,Juego de 4 llantas 19 pulgadas BMW – OYL260416066,,baja resolución,2,critica,
OYL260416067,oyl260416067-20-bmw,OYL260416067_frontal_01.jpg,frontal,1,Juego de 4 llantas 20 pulgadas BMW – OYL260416067,,baja resolución,2,critica,
OYL260416068,oyl260416068-20-bmw,OYL260416068_frontal_01.jpg,frontal,1,Juego de 4 llantas 20 pulgadas BMW – OYL260416068,,baja resolución,2,critica,
OYL260416069,oyl260416069-20-bmw,OYL260416069_frontal_01.jpg,frontal,1,Juego de 4 llantas 20 pulgadas BMW – OYL260416069,,baja resolución,2,critica,
OYL260416070,oyl260416070-20-bmw,OYL260416070_frontal_01.jpg,frontal,1,Juego de 4 llantas 20 pulgadas BMW – OYL260416070,,baja resolución,2,critica,
OYL260416071,oyl260416071-20-bmw,OYL260416071_frontal_01.jpg,frontal,1,Juego de 4 llantas 20 pulgadas BMW – OYL260416071,,baja resolución,2,critica,
OYL260416072,oyl260416072-20-bmw,OYL260416072_frontal_01.jpg,frontal,1,Juego de 4 llantas 20 pulgadas BMW – OYL260416072,,baja resolución,2,critica,
OYL260416073,oyl260416073-20-bmw,OYL260416073_frontal_01.jpg,frontal,1,Juego de 4 llantas 20 pulgadas BMW – OYL260416073,,baja resolución,2,critica,
OYL260416074,oyl260416074-20-bmw,OYL260416074_frontal_01.jpg,frontal,1,Juego de 4 llantas 20 pulgadas BMW – OYL260416074,,baja resolución,2,critica,
OYL260416075,oyl260416075-22-bmw,OYL260416075_frontal_01.jpg,frontal,1,Juego de 4 llantas 22 pulgadas BMW – OYL260416075,,baja resolución,2,critica,
OYL260416076,oyl260416076-22-bmw,OYL260416076_frontal_01.jpg,frontal,1,Juego de 4 llantas 22 pulgadas BMW – OYL260416076,,baja resolución,2,critica,
OYL260416077,oyl260416077-22-bmw,OYL260416077_frontal_01.jpg,frontal,1,Juego de 4 llantas 22 pulgadas BMW – OYL260416077,,baja resolución,2,critica,
OYL260416078,oyl260416078-22-bmw,OYL260416078_frontal_01.jpg,frontal,1,Juego de 4 llantas 22 pulgadas BMW – OYL260416078,,baja resolución,2,critica,
OYL260416079,oyl260416079-22-bmw,OYL260416079_frontal_01.jpg,frontal,1,Juego de 4 llantas 22 pulgadas BMW – OYL260416079,,baja resolución,2,critica,
OYL260416080,oyl260416080-22-bmw,OYL260416080_frontal_01.jpg,frontal,1,Juego de 4 llantas 22 pulgadas BMW – OYL260416080,,baja resolución,2,critica,
OYL260416151,oyl260416151-19-mercedes-benz,OYL260416151_frontal_01.jpg,frontal,1,Juego de 4 llantas 19 pulgadas Mercedes-Benz – OYL260416151,,baja resolución,20,critica,
OYL260416152,oyl260416152-19-mercedes-benz,OYL260416152_frontal_01.jpg,frontal,1,Juego de 4 llantas 19 pulgadas Mercedes-Benz – OYL260416152,,baja resolución,20,critica,
OYL260416153,oyl260416153-20-mercedes-benz,OYL260416153_frontal_01.jpg,frontal,1,Juego de 4 llantas 20 pulgadas Mercedes-Benz – OYL260416153,,baja resolución,20,critica,
OYL260416154,oyl260416154-20-mercedes-benz,OYL260416154_frontal_01.jpg,frontal,1,Juego de 4 llantas 20 pulgadas Mercedes-Benz – OYL260416154,,baja resolución,20,critica,
OYL260416089,oyl260416089-19-audi,OYL260416089_frontal_01.jpg,frontal,1,Juego de 4 llantas 19 pulgadas Audi – OYL260416089,,baja resolución,21,critica,
OYL260416090,oyl260416090-19-audi,OYL260416090_frontal_01.jpg,frontal,1,Juego de 4 llantas 19 pulgadas Audi – OYL260416090,,baja resolución,21,critica,
OYL260416091,oyl260416091-20-audi,OYL260416091_frontal_01.jpg,frontal,1,Juego de 4 llantas 20 pulgadas Audi – OYL260416091,,baja resolución,21,critica,
OYL260416092,oyl260416092-20-audi,OYL260416092_frontal_01.jpg,frontal,1,Juego de 4 llantas 20 pulgadas Audi – OYL260416092,,baja resolución,21,critica,
OYL260416174,oyl260416174-18-volkswagen,OYL260416174_frontal_01.jpg,frontal,1,Juego de 4 llantas 18 pulgadas Volkswagen – OYL260416174,,baja resolución,22,critica,
OYL260416175,oyl260416175-18-volkswagen,OYL260416175_frontal_01.jpg,frontal,1,Juego de 4 llantas 18 pulgadas Volkswagen – OYL260416175,,baja resolución,22,critica,
OYL260416176,oyl260416176-19-volkswagen,OYL260416176_frontal_01.jpg,frontal,1,Juego de 4 llantas 19 pulgadas Volkswagen – OYL260416176,,baja resolución,22,critica,
OYL260416177,oyl260416177-19-volkswagen,OYL260416177_frontal_01.jpg,frontal,1,Juego de 4 llantas 19 pulgadas Volkswagen – OYL260416177,,baja resolución,22,critica,
OYL260416184,oyl260416184-19-bmw,OYL260416184_frontal_01.jpg,frontal,1,Juego de 4 llantas 19 pulgadas BMW – OYL260416184,,baja resolución,23,critica,
OYL260416185,oyl260416185-19-bmw,OYL260416185_frontal_01.jpg,frontal,1,Juego de 4 llantas 19 pulgadas BMW – OYL260416185,,baja resolución,23,critica,
OYL260416186,oyl260416186-20-bmw,OYL260416186_frontal_01.jpg,frontal,1,Juego de 4 llantas 20 pulgadas BMW – OYL260416186,,baja resolución,23,critica,
OYL260416187,oyl260416187-20-bmw,OYL260416187_frontal_01.jpg,frontal,1,Juego de 4 llantas 20 pulgadas BMW – OYL260416187,,baja resolución,23,critica,
OYL260416211,oyl260416211-21-bmw,OYL260416211_frontal_01.jpg,frontal,1,Juego de 4 llantas 21 pulgadas BMW – OYL260416211,,baja resolución,24,critica,
OYL260416212,oyl260416212-22-bmw,OYL260416212_frontal_01.jpg,frontal,1,Juego de 4 llantas 22 pulgadas BMW – OYL260416212,,baja resolución,24,critica,
OYL260416213,oyl260416213-22-bmw,OYL260416213_frontal_01.jpg,frontal,1,Juego de 4 llantas 22 pulgadas BMW – OYL260416213,,baja resolución,24,critica,
OYL260416214,oyl260416214-22-bmw,OYL260416214_frontal_01.jpg,frontal,1,Juego de 4 llantas 22 pulgadas BMW – OYL260416214,,baja resolución,24,critica,
OYL260416325,oyl260416325-20-bmw,OYL260416325_frontal_01.jpg,frontal,1,Juego de 4 llantas 20 pulgadas BMW – OYL260416325,,baja resolución,25,critica,
OYL260416326,oyl260416326-20-bmw,OYL260416326_frontal_01.jpg,frontal,1,Juego de 4 llantas 20 pulgadas BMW – OYL260416326,,baja resolución,25,critica,
OYL260416327,oyl260416327-20-bmw,OYL260416327_frontal_01.jpg,frontal,1,Juego de 4 llantas 20 pulgadas BMW – OYL260416327,,baja resolución,25,critica,
OYL260416328,oyl260416328-20-bmw,OYL260416328_frontal_01.jpg,frontal,1,Juego de 4 llantas 20 pulgadas BMW – OYL260416328,,baja resolución,25,critica,
OYL260416339,oyl260416339-19-bmw,OYL260416339_frontal_01.jpg,frontal,1,Juego de 4 llantas 19 pulgadas BMW – OYL260416339,,baja resolución,26,critica,
OYL260416340,oyl260416340-19-bmw,OYL260416340_frontal_01.jpg,frontal,1,Juego de 4 llantas 19 pulgadas BMW – OYL260416340,,baja resolución,26,critica,
OYL260416341,oyl260416341-20-bmw,OYL260416341_frontal_01.jpg,frontal,1,Juego de 4 llantas 20 pulgadas BMW – OYL260416341,,baja resolución,26,critica,
OYL260416342,oyl260416342-20-bmw,OYL260416342_frontal_01.jpg,frontal,1,Juego de 4 llantas 20 pulgadas BMW – OYL260416342,,baja resolución,26,critica,
OYL260416302,oyl260416302-18-bmw,OYL260416302_frontal_01.jpg,frontal,1,Juego de 4 llantas 18 pulgadas BMW – OYL260416302,,baja resolución,27,critica,
OYL260416303,oyl260416303-19-bmw,OYL260416303_frontal_01.jpg,frontal,1,Juego de 4 llantas 19 pulgadas BMW – OYL260416303,,baja resolución,27,critica,
OYL260416304,oyl260416304-19-bmw,OYL260416304_frontal_01.jpg,frontal,1,Juego de 4 llantas 19 pulgadas BMW – OYL260416304,,baja resolución,27,critica,
OYL260416305,oyl260416305-19-bmw,OYL260416305_frontal_01.jpg,frontal,1,Juego de 4 llantas 19 pulgadas BMW – OYL260416305,,baja resolución,27,critica,
OYL260416180,oyl260416180-19-mercedes-benz,OYL260416180_frontal_01.jpg,frontal,1,Juego de 4 llantas 19 pulgadas Mercedes-Benz – OYL260416180,,baja resolución,28,critica,
OYL260416181,oyl260416181-19-mercedes-benz,OYL260416181_frontal_01.jpg,frontal,1,Juego de 4 llantas 19 pulgadas Mercedes-Benz – OYL260416181,,baja resolución,28,critica,
OYL260416182,oyl260416182-20-mercedes-benz,OYL260416182_frontal_01.jpg,frontal,1,Juego de 4 llantas 20 pulgadas Mercedes-Benz – OYL260416182,,baja resolución,28,critica,
OYL260416183,oyl260416183-20-mercedes-benz,OYL260416183_frontal_01.jpg,frontal,1,Juego de 4 llantas 20 pulgadas Mercedes-Benz – OYL260416183,,baja resolución,28,critica,
OYL260416194,oyl260416194-19-mercedes-benz,OYL260416194_frontal_01.jpg,frontal,1,Juego de 4 llantas 19 pulgadas Mercedes-Benz – OYL260416194,,baja resolución,29,critica,
OYL260416195,oyl260416195-20-mercedes-benz,OYL260416195_frontal_01.jpg,frontal,1,Juego de 4 llantas 20 pulgadas Mercedes-Benz – OYL260416195,,baja resolución,29,critica,
OYL260416196,oyl260416196-21-mercedes-benz,OYL260416196_frontal_01.jpg,frontal,1,Juego de 4 llantas 21 pulgadas Mercedes-Benz – OYL260416196,,baja resolución,29,critica,
OYL260416197,oyl260416197-21-mercedes-benz,OYL260416197_frontal_01.jpg,frontal,1,Juego de 4 llantas 21 pulgadas Mercedes-Benz – OYL260416197,,baja resolución,29,critica,
OYL260416315,oyl260416315-18-bmw,OYL260416315_frontal_01.jpg,frontal,1,Juego de 4 llantas 18 pulgadas BMW – OYL260416315,,baja resolución,3,critica,
OYL260416316,oyl260416316-18-bmw,OYL260416316_frontal_01.jpg,frontal,1,Juego de 4 llantas 18 pulgadas BMW – OYL260416316,,baja resolución,3,critica,
OYL260416317,oyl260416317-19-bmw,OYL260416317_frontal_01.jpg,frontal,1,Juego de 4 llantas 19 pulgadas BMW – OYL260416317,,baja resolución,3,critica,
OYL260416318,oyl260416318-19-bmw,OYL260416318_frontal_01.jpg,frontal,1,Juego de 4 llantas 19 pulgadas BMW – OYL260416318,,baja resolución,3,critica,
OYL260416319,oyl260416319-19-bmw,OYL260416319_frontal_01.jpg,frontal,1,Juego de 4 llantas 19 pulgadas BMW – OYL260416319,,baja resolución,3,critica,
OYL260416320,oyl260416320-19-bmw,OYL260416320_frontal_01.jpg,frontal,1,Juego de 4 llantas 19 pulgadas BMW – OYL260416320,,baja resolución,3,critica,
OYL260416321,oyl260416321-20-bmw,OYL260416321_frontal_01.jpg,frontal,1,Juego de 4 llantas 20 pulgadas BMW – OYL260416321,,baja resolución,3,critica,
OYL260416322,oyl260416322-20-bmw,OYL260416322_frontal_01.jpg,frontal,1,Juego de 4 llantas 20 pulgadas BMW – OYL260416322,,baja resolución,3,critica,
OYL260416323,oyl260416323-20-bmw,OYL260416323_frontal_01.jpg,frontal,1,Juego de 4 llantas 20 pulgadas BMW – OYL260416323,,baja resolución,3,critica,
OYL260416324,oyl260416324-20-bmw,OYL260416324_frontal_01.jpg,frontal,1,Juego de 4 llantas 20 pulgadas BMW – OYL260416324,,baja resolución,3,critica,
OYL260416249,oyl260416249-19-mercedes-benz,OYL260416249_frontal_01.jpg,frontal,1,Juego de 4 llantas 19 pulgadas Mercedes-Benz – OYL260416249,,baja resolución,30,critica,
OYL260416250,oyl260416250-19-mercedes-benz,OYL260416250_frontal_01.jpg,frontal,1,Juego de 4 llantas 19 pulgadas Mercedes-Benz – OYL260416250,,baja resolución,30,critica,
OYL260416251,oyl260416251-20-mercedes-benz,OYL260416251_frontal_01.jpg,frontal,1,Juego de 4 llantas 20 pulgadas Mercedes-Benz – OYL260416251,,baja resolución,30,critica,
OYL260416252,oyl260416252-20-mercedes-benz,OYL260416252_frontal_01.jpg,frontal,1,Juego de 4 llantas 20 pulgadas Mercedes-Benz – OYL260416252,,baja resolución,30,critica,
OYL260416224,oyl260416224-19-bmw,OYL260416224_frontal_01.jpg,frontal,1,Juego de 4 llantas 19 pulgadas BMW – OYL260416224,,baja resolución,31,critica,
OYL260416225,oyl260416225-19-bmw,OYL260416225_frontal_01.jpg,frontal,1,Juego de 4 llantas 19 pulgadas BMW – OYL260416225,,baja resolución,31,critica,
OYL260416226,oyl260416226-19-bmw,OYL260416226_frontal_01.jpg,frontal,1,Juego de 4 llantas 19 pulgadas BMW – OYL260416226,,baja resolución,31,critica,
OYL260416227,oyl260416227-19-bmw,OYL260416227_frontal_01.jpg,frontal,1,Juego de 4 llantas 19 pulgadas BMW – OYL260416227,,baja resolución,31,critica,
OYL260416049,oyl260416049-20-bmw,OYL260416049_frontal_01.jpg,frontal,1,Juego de 4 llantas 20 pulgadas BMW – OYL260416049,,baja resolución,32,critica,
OYL260416050,oyl260416050-20-bmw,OYL260416050_frontal_01.jpg,frontal,1,Juego de 4 llantas 20 pulgadas BMW – OYL260416050,,baja resolución,32,critica,
OYL260416051,oyl260416051-22-bmw,OYL260416051_frontal_01.jpg,frontal,1,Juego de 4 llantas 22 pulgadas BMW – OYL260416051,,baja resolución,32,critica,
OYL260416085,oyl260416085-17-bmw,OYL260416085_frontal_01.jpg,frontal,1,Juego de 4 llantas 17 pulgadas BMW – OYL260416085,,baja resolución,33,critica,
OYL260416086,oyl260416086-19-bmw,OYL260416086_frontal_01.jpg,frontal,1,Juego de 4 llantas 19 pulgadas BMW – OYL260416086,,baja resolución,33,critica,
OYL260416087,oyl260416087-19-bmw,OYL260416087_frontal_01.jpg,frontal,1,Juego de 4 llantas 19 pulgadas BMW – OYL260416087,,baja resolución,33,critica,
OYL260416351,oyl260416351-19-mercedes-benz,OYL260416351_frontal_01.jpg,frontal,1,Juego de 4 llantas 19 pulgadas Mercedes-Benz – OYL260416351,,baja resolución,34,critica,
OYL260416352,oyl260416352-20-mercedes-benz,OYL260416352_frontal_01.jpg,frontal,1,Juego de 4 llantas 20 pulgadas Mercedes-Benz – OYL260416352,,baja resolución,34,critica,
OYL260416353,oyl260416353-20-mercedes-benz,OYL260416353_frontal_01.jpg,frontal,1,Juego de 4 llantas 20 pulgadas Mercedes-Benz – OYL260416353,,baja resolución,34,critica,
OYL260416364,oyl260416364-20-audi,OYL260416364_frontal_01.jpg,frontal,1,Juego de 4 llantas 20 pulgadas Audi – OYL260416364,,baja resolución,35,critica,
OYL260416365,oyl260416365-22-audi,OYL260416365_frontal_01.jpg,frontal,1,Juego de 4 llantas 22 pulgadas Audi – OYL260416365,,baja resolución,35,critica,
OYL260416366,oyl260416366-22-audi,OYL260416366_frontal_01.jpg,frontal,1,Juego de 4 llantas 22 pulgadas Audi – OYL260416366,,baja resolución,35,critica,
OYL260416052,oyl260416052-22-bmw,OYL260416052_frontal_01.jpg,frontal,1,Juego de 4 llantas 22 pulgadas BMW – OYL260416052,,baja resolución,36,critica,
OYL260416053,oyl260416053-22-bmw,OYL260416053_frontal_01.jpg,frontal,1,Juego de 4 llantas 22 pulgadas BMW – OYL260416053,,baja resolución,36,critica,
OYL260416054,oyl260416054-22-bmw,OYL260416054_frontal_01.jpg,frontal,1,Juego de 4 llantas 22 pulgadas BMW – OYL260416054,,baja resolución,36,critica,
OYL260416329,oyl260416329-17-volkswagen,OYL260416329_frontal_01.jpg,frontal,1,Juego de 4 llantas 17 pulgadas Volkswagen – OYL260416329,,baja resolución,37,critica,
OYL260416330,oyl260416330-19-volkswagen,OYL260416330_frontal_01.jpg,frontal,1,Juego de 4 llantas 19 pulgadas Volkswagen – OYL260416330,,baja resolución,37,critica,
OYL260416331,oyl260416331-20-volkswagen,OYL260416331_frontal_01.jpg,frontal,1,Juego de 4 llantas 20 pulgadas Volkswagen – OYL260416331,,baja resolución,37,critica,
OYL260416294,oyl260416294-18-mercedes-benz,OYL260416294_frontal_01.jpg,frontal,1,Juego de 4 llantas 18 pulgadas Mercedes-Benz – OYL260416294,,baja resolución,38,critica,
OYL260416295,oyl260416295-19-mercedes-benz,OYL260416295_frontal_01.jpg,frontal,1,Juego de 4 llantas 19 pulgadas Mercedes-Benz – OYL260416295,,baja resolución,38,critica,
OYL260416296,oyl260416296-19-mercedes-benz,OYL260416296_frontal_01.jpg,frontal,1,Juego de 4 llantas 19 pulgadas Mercedes-Benz – OYL260416296,,baja resolución,38,critica,
OYL260416244,oyl260416244-18-mercedes-benz,OYL260416244_frontal_01.jpg,frontal,1,Juego de 4 llantas 18 pulgadas Mercedes-Benz – OYL260416244,,baja resolución,39,critica,
OYL260416245,oyl260416245-18-mercedes-benz,OYL260416245_frontal_01.jpg,frontal,1,Juego de 4 llantas 18 pulgadas Mercedes-Benz – OYL260416245,,baja resolución,39,critica,
OYL260416246,oyl260416246-18-mercedes-benz,OYL260416246_frontal_01.jpg,frontal,1,Juego de 4 llantas 18 pulgadas Mercedes-Benz – OYL260416246,,baja resolución,39,critica,
OYL260416235,oyl260416235-18-bmw,OYL260416235_frontal_01.jpg,frontal,1,Juego de 4 llantas 18 pulgadas BMW – OYL260416235,,baja resolución,4,critica,
OYL260416236,oyl260416236-18-bmw,OYL260416236_frontal_01.jpg,frontal,1,Juego de 4 llantas 18 pulgadas BMW – OYL260416236,,baja resolución,4,critica,
OYL260416237,oyl260416237-19-bmw,OYL260416237_frontal_01.jpg,frontal,1,Juego de 4 llantas 19 pulgadas BMW – OYL260416237,,baja resolución,4,critica,
OYL260416238,oyl260416238-19-bmw,OYL260416238_frontal_01.jpg,frontal,1,Juego de 4 llantas 19 pulgadas BMW – OYL260416238,,baja resolución,4,critica,
OYL260416239,oyl260416239-19-bmw,OYL260416239_frontal_01.jpg,frontal,1,Juego de 4 llantas 19 pulgadas BMW – OYL260416239,,baja resolución,4,critica,
OYL260416240,oyl260416240-19-bmw,OYL260416240_frontal_01.jpg,frontal,1,Juego de 4 llantas 19 pulgadas BMW – OYL260416240,,baja resolución,4,critica,
OYL260416241,oyl260416241-19-bmw,OYL260416241_frontal_01.jpg,frontal,1,Juego de 4 llantas 19 pulgadas BMW – OYL260416241,,baja resolución,4,critica,
OYL260416242,oyl260416242-20-bmw,OYL260416242_frontal_01.jpg,frontal,1,Juego de 4 llantas 20 pulgadas BMW – OYL260416242,,baja resolución,4,critica,
OYL260416243,oyl260416243-20-bmw,OYL260416243_frontal_01.jpg,frontal,1,Juego de 4 llantas 20 pulgadas BMW – OYL260416243,,baja resolución,4,critica,
OYL260416306,oyl260416306-18-mercedes-benz,OYL260416306_frontal_01.jpg,frontal,1,Juego de 4 llantas 18 pulgadas Mercedes-Benz – OYL260416306,,baja resolución,40,critica,
OYL260416307,oyl260416307-19-mercedes-benz,OYL260416307_frontal_01.jpg,frontal,1,Juego de 4 llantas 19 pulgadas Mercedes-Benz – OYL260416307,,baja resolución,40,critica,
OYL260416308,oyl260416308-19-mercedes-benz,OYL260416308_frontal_01.jpg,frontal,1,Juego de 4 llantas 19 pulgadas Mercedes-Benz – OYL260416308,,baja resolución,40,critica,
OYL260416387,oyl260416387-19-mercedes-benz,OYL260416387_frontal_01.jpg,frontal,1,Juego de 4 llantas 19 pulgadas Mercedes-Benz – OYL260416387,,baja resolución,41,critica,
OYL260416388,oyl260416388-20-mercedes-benz,OYL260416388_frontal_01.jpg,frontal,1,Juego de 4 llantas 20 pulgadas Mercedes-Benz – OYL260416388,,baja resolución,41,critica,
OYL260416389,oyl260416389-20-mercedes-benz,OYL260416389_frontal_01.jpg,frontal,1,Juego de 4 llantas 20 pulgadas Mercedes-Benz – OYL260416389,,baja resolución,41,critica,
OYL260416380,oyl260416380-18-volkswagen,OYL260416380_frontal_01.jpg,frontal,1,Juego de 4 llantas 18 pulgadas Volkswagen – OYL260416380,,baja resolución,42,critica,
OYL260416381,oyl260416381-18-volkswagen,OYL260416381_frontal_01.jpg,frontal,1,Juego de 4 llantas 18 pulgadas Volkswagen – OYL260416381,,baja resolución,42,critica,
OYL260416382,oyl260416382-19-volkswagen,OYL260416382_frontal_01.jpg,frontal,1,Juego de 4 llantas 19 pulgadas Volkswagen – OYL260416382,,baja resolución,42,critica,
OYL260416198,oyl260416198-18-mercedes-benz,OYL260416198_frontal_01.jpg,frontal,1,Juego de 4 llantas 18 pulgadas Mercedes-Benz – OYL260416198,,baja resolución,43,critica,
OYL260416199,oyl260416199-19-mercedes-benz,OYL260416199_frontal_01.jpg,frontal,1,Juego de 4 llantas 19 pulgadas Mercedes-Benz – OYL260416199,,baja resolución,43,critica,
OYL260416200,oyl260416200-19-mercedes-benz,OYL260416200_frontal_01.jpg,frontal,1,Juego de 4 llantas 19 pulgadas Mercedes-Benz – OYL260416200,,baja resolución,43,critica,
OYL260416372,oyl260416372-19-audi,OYL260416372_frontal_01.jpg,frontal,1,Juego de 4 llantas 19 pulgadas Audi – OYL260416372,,sin imagen,44,critica,
OYL260416377,oyl260416377-21-audi,OYL260416377_frontal_01.jpg,frontal,1,Juego de 4 llantas 21 pulgadas Audi – OYL260416377,,sin imagen,44,critica,
OYL260416014,oyl260416014-18-bmw,OYL260416014_frontal_01.jpg,frontal,1,Juego de 4 llantas 18 pulgadas BMW – OYL260416014,,baja resolución,45,critica,
OYL260416015,oyl260416015-18-bmw,OYL260416015_frontal_01.jpg,frontal,1,Juego de 4 llantas 18 pulgadas BMW – OYL260416015,,baja resolución,45,critica,
OYL260416024,oyl260416024-20-bmw,OYL260416024_frontal_01.jpg,frontal,1,Juego de 4 llantas 20 pulgadas BMW – OYL260416024,,baja resolución,46,critica,
OYL260416025,oyl260416025-20-bmw,OYL260416025_frontal_01.jpg,frontal,1,Juego de 4 llantas 20 pulgadas BMW – OYL260416025,,baja resolución,46,critica,
OYL260416083,oyl260416083-18-bmw,OYL260416083_frontal_01.jpg,frontal,1,Juego de 4 llantas 18 pulgadas BMW – OYL260416083,,baja resolución,47,critica,
OYL260416084,oyl260416084-18-bmw,OYL260416084_frontal_01.jpg,frontal,1,Juego de 4 llantas 18 pulgadas BMW – OYL260416084,,baja resolución,47,critica,
OYL260416337,oyl260416337-20-bmw,OYL260416337_frontal_01.jpg,frontal,1,Juego de 4 llantas 20 pulgadas BMW – OYL260416337,,baja resolución,48,critica,
OYL260416338,oyl260416338-20-bmw,OYL260416338_frontal_01.jpg,frontal,1,Juego de 4 llantas 20 pulgadas BMW – OYL260416338,,baja resolución,48,critica,
OYL260416258,oyl260416258-19-audi,OYL260416258_frontal_01.jpg,frontal,1,Juego de 4 llantas 19 pulgadas Audi – OYL260416258,,baja resolución,49,critica,
OYL260416259,oyl260416259-22-audi,OYL260416259_frontal_01.jpg,frontal,1,Juego de 4 llantas 22 pulgadas Audi – OYL260416259,,baja resolución,49,critica,
OYL260416026,oyl260416026-19-mercedes-benz,OYL260416026_frontal_01.jpg,frontal,1,Juego de 4 llantas 19 pulgadas Mercedes-Benz – OYL260416026,,baja resolución,5,critica,
OYL260416027,oyl260416027-19-mercedes-benz,OYL260416027_frontal_01.jpg,frontal,1,Juego de 4 llantas 19 pulgadas Mercedes-Benz – OYL260416027,,baja resolución,5,critica,
OYL260416028,oyl260416028-20-mercedes-benz,OYL260416028_frontal_01.jpg,frontal,1,Juego de 4 llantas 20 pulgadas Mercedes-Benz – OYL260416028,,baja resolución,5,critica,
OYL260416029,oyl260416029-20-mercedes-benz,OYL260416029_frontal_01.jpg,frontal,1,Juego de 4 llantas 20 pulgadas Mercedes-Benz – OYL260416029,,baja resolución,5,critica,
OYL260416030,oyl260416030-21-mercedes-benz,OYL260416030_frontal_01.jpg,frontal,1,Juego de 4 llantas 21 pulgadas Mercedes-Benz – OYL260416030,,baja resolución,5,critica,
OYL260416031,oyl260416031-21-mercedes-benz,OYL260416031_frontal_01.jpg,frontal,1,Juego de 4 llantas 21 pulgadas Mercedes-Benz – OYL260416031,,baja resolución,5,critica,
OYL260416032,oyl260416032-22-mercedes-benz,OYL260416032_frontal_01.jpg,frontal,1,Juego de 4 llantas 22 pulgadas Mercedes-Benz – OYL260416032,,baja resolución,5,critica,
OYL260416033,oyl260416033-22-mercedes-benz,OYL260416033_frontal_01.jpg,frontal,1,Juego de 4 llantas 22 pulgadas Mercedes-Benz – OYL260416033,,baja resolución,5,critica,
OYL260416209,oyl260416209-19-audi,OYL260416209_frontal_01.jpg,frontal,1,Juego de 4 llantas 19 pulgadas Audi – OYL260416209,,baja resolución,50,critica,
OYL260416210,oyl260416210-19-vehiculos-europeos,OYL260416210_frontal_01.jpg,frontal,1,Juego de 4 llantas 19 pulgadas Vehículos europeos – OYL260416210,,baja resolución,50,critica,
OYL260416192,oyl260416192-20-audi,OYL260416192_frontal_01.jpg,frontal,1,Juego de 4 llantas 20 pulgadas Audi – OYL260416192,,baja resolución,51,critica,
OYL260416193,oyl260416193-22-audi,OYL260416193_frontal_01.jpg,frontal,1,Juego de 4 llantas 22 pulgadas Audi – OYL260416193,,baja resolución,51,critica,
OYL260416247,oyl260416247-22-bmw,OYL260416247_frontal_01.jpg,frontal,1,Juego de 4 llantas 22 pulgadas BMW – OYL260416247,,baja resolución,52,critica,
OYL260416248,oyl260416248-22-bmw,OYL260416248_frontal_01.jpg,frontal,1,Juego de 4 llantas 22 pulgadas BMW – OYL260416248,,baja resolución,52,critica,
OYL260416332,oyl260416332-21-mercedes-benz,OYL260416332_frontal_01.jpg,frontal,1,Juego de 4 llantas 21 pulgadas Mercedes-Benz – OYL260416332,,baja resolución,53,critica,
OYL260416333,oyl260416333-21-mercedes-benz,OYL260416333_frontal_01.jpg,frontal,1,Juego de 4 llantas 21 pulgadas Mercedes-Benz – OYL260416333,,baja resolución,53,critica,
OYL260416334,oyl260416334-19-audi,OYL260416334_frontal_01.jpg,frontal,1,Juego de 4 llantas 19 pulgadas Audi – OYL260416334,,baja resolución,54,critica,
OYL260416335,oyl260416335-20-audi,OYL260416335_frontal_01.jpg,frontal,1,Juego de 4 llantas 20 pulgadas Audi – OYL260416335,,baja resolución,54,critica,
OYL260416178,oyl260416178-17-volkswagen,OYL260416178_frontal_01.jpg,frontal,1,Juego de 4 llantas 17 pulgadas Volkswagen – OYL260416178,,baja resolución,55,critica,
OYL260416179,oyl260416179-18-volkswagen,OYL260416179_frontal_01.jpg,frontal,1,Juego de 4 llantas 18 pulgadas Volkswagen – OYL260416179,,baja resolución,55,critica,
OYL260416055,oyl260416055-18-audi,OYL260416055_frontal_01.jpg,frontal,1,Juego de 4 llantas 18 pulgadas Audi – OYL260416055,,baja resolución,56,critica,
OYL260416056,oyl260416056-19-audi,OYL260416056_frontal_01.jpg,frontal,1,Juego de 4 llantas 19 pulgadas Audi – OYL260416056,,baja resolución,56,critica,
OYL260416222,oyl260416222-20-mercedes-benz,OYL260416222_frontal_01.jpg,frontal,1,Juego de 4 llantas 20 pulgadas Mercedes-Benz – OYL260416222,,baja resolución,57,critica,
OYL260416223,oyl260416223-20-mercedes-benz,OYL260416223_frontal_01.jpg,frontal,1,Juego de 4 llantas 20 pulgadas Mercedes-Benz – OYL260416223,,baja resolución,57,critica,
OYL260416013,oyl260416013-18-mercedes-benz,OYL260416013_frontal_01.jpg,frontal,1,Juego de 4 llantas 18 pulgadas Mercedes-Benz – OYL260416013,,baja resolución,58,critica,
OYL260416010,oyl260416010-18-volkswagen,OYL260416010_frontal_01.jpg,frontal,1,Juego de 4 llantas 18 pulgadas Volkswagen – OYL260416010,,baja resolución,59,critica,
OYL260416228,oyl260416228-20-bmw,OYL260416228_frontal_01.jpg,frontal,1,Juego de 4 llantas 20 pulgadas BMW – OYL260416228,,baja resolución,6,critica,
OYL260416229,oyl260416229-20-bmw,OYL260416229_frontal_01.jpg,frontal,1,Juego de 4 llantas 20 pulgadas BMW – OYL260416229,,baja resolución,6,critica,
OYL260416230,oyl260416230-20-bmw,OYL260416230_frontal_01.jpg,frontal,1,Juego de 4 llantas 20 pulgadas BMW – OYL260416230,,baja resolución,6,critica,
OYL260416231,oyl260416231-22-bmw,OYL260416231_frontal_01.jpg,frontal,1,Juego de 4 llantas 22 pulgadas BMW – OYL260416231,,baja resolución,6,critica,
OYL260416232,oyl260416232-22-bmw,OYL260416232_frontal_01.jpg,frontal,1,Juego de 4 llantas 22 pulgadas BMW – OYL260416232,,baja resolución,6,critica,
OYL260416233,oyl260416233-22-bmw,OYL260416233_frontal_01.jpg,frontal,1,Juego de 4 llantas 22 pulgadas BMW – OYL260416233,,baja resolución,6,critica,
OYL260416234,oyl260416234-22-bmw,OYL260416234_frontal_01.jpg,frontal,1,Juego de 4 llantas 22 pulgadas BMW – OYL260416234,,baja resolución,6,critica,
OYL260416009,oyl260416009-19-audi,OYL260416009_frontal_01.jpg,frontal,1,Juego de 4 llantas 19 pulgadas Audi – OYL260416009,,baja resolución,60,critica,
OYL260416008,oyl260416008-18-volkswagen,OYL260416008_frontal_01.jpg,frontal,1,Juego de 4 llantas 18 pulgadas Volkswagen – OYL260416008,,baja resolución,61,critica,
OYL260416006,oyl260416006-17-mercedes-benz,OYL260416006_frontal_01.jpg,frontal,1,Juego de 4 llantas 17 pulgadas Mercedes-Benz – OYL260416006,,baja resolución,62,critica,
OYL260416007,oyl260416007-18-volkswagen,OYL260416007_frontal_01.jpg,frontal,1,Juego de 4 llantas 18 pulgadas Volkswagen – OYL260416007,,baja resolución,63,critica,
OYL260416004,oyl260416004-18-audi,OYL260416004_frontal_01.jpg,frontal,1,Juego de 4 llantas 18 pulgadas Audi – OYL260416004,,baja resolución,64,critica,
OYL260416022,oyl260416022-18-bmw,OYL260416022_frontal_01.jpg,frontal,1,Juego de 4 llantas 18 pulgadas BMW – OYL260416022,,baja resolución,65,critica,
OYL260416058,oyl260416058-18-bmw,OYL260416058_frontal_01.jpg,frontal,1,Juego de 4 llantas 18 pulgadas BMW – OYL260416058,,baja resolución,66,critica,
OYL260416005,oyl260416005-16-volkswagen,OYL260416005_frontal_01.jpg,frontal,1,Juego de 4 llantas 16 pulgadas Volkswagen – OYL260416005,,baja resolución,67,critica,
OYL260416001,oyl260416001-18-mercedes-benz,OYL260416001_frontal_01.jpg,frontal,1,Juego de 4 llantas 18 pulgadas Mercedes-Benz – OYL260416001,,baja resolución,68,critica,
OYL260416355,oyl260416355-19-volkswagen,OYL260416355_frontal_01.jpg,frontal,1,Juego de 4 llantas 19 pulgadas Volkswagen – OYL260416355,,baja resolución,69,critica,
OYL260416042,oyl260416042-20-bmw,OYL260416042_frontal_01.jpg,frontal,1,Juego de 4 llantas 20 pulgadas BMW – OYL260416042,,baja resolución,7,critica,
OYL260416043,oyl260416043-20-bmw,OYL260416043_frontal_01.jpg,frontal,1,Juego de 4 llantas 20 pulgadas BMW – OYL260416043,,baja resolución,7,critica,
OYL260416044,oyl260416044-20-bmw,OYL260416044_frontal_01.jpg,frontal,1,Juego de 4 llantas 20 pulgadas BMW – OYL260416044,,baja resolución,7,critica,
OYL260416045,oyl260416045-20-bmw,OYL260416045_frontal_01.jpg,frontal,1,Juego de 4 llantas 20 pulgadas BMW – OYL260416045,,baja resolución,7,critica,
OYL260416046,oyl260416046-20-bmw,OYL260416046_frontal_01.jpg,frontal,1,Juego de 4 llantas 20 pulgadas BMW – OYL260416046,,baja resolución,7,critica,
OYL260416047,oyl260416047-20-bmw,OYL260416047_frontal_01.jpg,frontal,1,Juego de 4 llantas 20 pulgadas BMW – OYL260416047,,baja resolución,7,critica,
OYL260416048,oyl260416048-20-bmw,OYL260416048_frontal_01.jpg,frontal,1,Juego de 4 llantas 20 pulgadas BMW – OYL260416048,,baja resolución,7,critica,
OYL260416088,oyl260416088-18-mercedes-benz,OYL260416088_frontal_01.jpg,frontal,1,Juego de 4 llantas 18 pulgadas Mercedes-Benz – OYL260416088,,baja resolución,70,critica,
OYL260416023,oyl260416023-18-bmw,OYL260416023_frontal_01.jpg,frontal,1,Juego de 4 llantas 18 pulgadas BMW – OYL260416023,,baja resolución,71,critica,
OYL260416040,oyl260416040-18-bmw,OYL260416040_frontal_01.jpg,frontal,1,Juego de 4 llantas 18 pulgadas BMW – OYL260416040,,baja resolución,72,critica,
OYL260416003,oyl260416003-17-audi,OYL260416003_frontal_01.jpg,frontal,1,Juego de 4 llantas 17 pulgadas Audi – OYL260416003,,baja resolución,73,critica,
OYL260416041,oyl260416041-17-bmw,OYL260416041_frontal_01.jpg,frontal,1,Juego de 4 llantas 17 pulgadas BMW – OYL260416041,,baja resolución,74,critica,
OYL260416082,oyl260416082-18-bmw,OYL260416082_frontal_01.jpg,frontal,1,Juego de 4 llantas 18 pulgadas BMW – OYL260416082,,baja resolución,75,critica,
OYL260416002,oyl260416002-18-volkswagen,OYL260416002_frontal_01.jpg,frontal,1,Juego de 4 llantas 18 pulgadas Volkswagen – OYL260416002,,baja resolución,76,critica,
OYL260416012,oyl260416012-18-volkswagen,OYL260416012_frontal_01.jpg,frontal,1,Juego de 4 llantas 18 pulgadas Volkswagen – OYL260416012,,baja resolución,77,critica,
OYL260416081,oyl260416081-18-bmw,OYL260416081_frontal_01.jpg,frontal,1,Juego de 4 llantas 18 pulgadas BMW – OYL260416081,,baja resolución,78,critica,
OYL260416349,oyl260416349-17-volkswagen,OYL260416349_frontal_01.jpg,frontal,1,Juego de 4 llantas 17 pulgadas Volkswagen – OYL260416349,,baja resolución,79,critica,
OYL260416215,oyl260416215-18-mercedes-benz,OYL260416215_frontal_01.jpg,frontal,1,Juego de 4 llantas 18 pulgadas Mercedes-Benz – OYL260416215,,baja resolución,8,critica,
OYL260416216,oyl260416216-18-mercedes-benz,OYL260416216_frontal_01.jpg,frontal,1,Juego de 4 llantas 18 pulgadas Mercedes-Benz – OYL260416216,,baja resolución,8,critica,
OYL260416217,oyl260416217-19-mercedes-benz,OYL260416217_frontal_01.jpg,frontal,1,Juego de 4 llantas 19 pulgadas Mercedes-Benz – OYL260416217,,baja resolución,8,critica,
OYL260416218,oyl260416218-19-mercedes-benz,OYL260416218_frontal_01.jpg,frontal,1,Juego de 4 llantas 19 pulgadas Mercedes-Benz – OYL260416218,,baja resolución,8,critica,
OYL260416219,oyl260416219-20-mercedes-benz,OYL260416219_frontal_01.jpg,frontal,1,Juego de 4 llantas 20 pulgadas Mercedes-Benz – OYL260416219,,baja resolución,8,critica,
OYL260416220,oyl260416220-20-mercedes-benz,OYL260416220_frontal_01.jpg,frontal,1,Juego de 4 llantas 20 pulgadas Mercedes-Benz – OYL260416220,,baja resolución,8,critica,
OYL260416221,oyl260416221-21-mercedes-benz,OYL260416221_frontal_01.jpg,frontal,1,Juego de 4 llantas 21 pulgadas Mercedes-Benz – OYL260416221,,baja resolución,8,critica,
OYL260416354,oyl260416354-19-volkswagen,OYL260416354_frontal_01.jpg,frontal,1,Juego de 4 llantas 19 pulgadas Volkswagen – OYL260416354,,baja resolución,80,critica,
OYL260416356,oyl260416356-21-volkswagen,OYL260416356_frontal_01.jpg,frontal,1,Juego de 4 llantas 21 pulgadas Volkswagen – OYL260416356,,baja resolución,81,critica,
OYL260416363,oyl260416363-19-audi,OYL260416363_frontal_01.jpg,frontal,1,Juego de 4 llantas 19 pulgadas Audi – OYL260416363,,baja resolución,82,critica,
OYL260416093,oyl260416093-20-audi,OYL260416093_frontal_01.jpg,frontal,1,Juego de 4 llantas 20 pulgadas Audi – OYL260416093,,baja resolución,83,critica,
OYL260416348,oyl260416348-19-bmw,OYL260416348_frontal_01.jpg,frontal,1,Juego de 4 llantas 19 pulgadas BMW – OYL260416348,,baja resolución,84,critica,
OYL260416057,oyl260416057-19-audi,OYL260416057_frontal_01.jpg,frontal,1,Juego de 4 llantas 19 pulgadas Audi – OYL260416057,,baja resolución,85,critica,
OYL260416346,oyl260416346-18-mercedes-benz,OYL260416346_frontal_01.jpg,frontal,1,Juego de 4 llantas 18 pulgadas Mercedes-Benz – OYL260416346,,baja resolución,86,critica,
OYL260416347,oyl260416347-19-bmw,OYL260416347_frontal_01.jpg,frontal,1,Juego de 4 llantas 19 pulgadas BMW – OYL260416347,,baja resolución,87,critica,
OYL260416390,oyl260416390-17-volkswagen,OYL260416390_frontal_01.jpg,frontal,1,Juego de 4 llantas 17 pulgadas Volkswagen – OYL260416390,,baja resolución,88,critica,
OYL260416350,oyl260416350-19-audi,OYL260416350_frontal_01.jpg,frontal,1,Juego de 4 llantas 19 pulgadas Audi – OYL260416350,,baja resolución,89,critica,
OYL260416016,oyl260416016-17-audi,OYL260416016_frontal_01.jpg,frontal,1,Juego de 4 llantas 17 pulgadas Audi – OYL260416016,,baja resolución,9,critica,
OYL260416017,oyl260416017-18-vehiculos-europeos,OYL260416017_frontal_01.jpg,frontal,1,Juego de 4 llantas 18 pulgadas Vehículos europeos – OYL260416017,,baja resolución,9,critica,
OYL260416018,oyl260416018-19-audi,OYL260416018_frontal_01.jpg,frontal,1,Juego de 4 llantas 19 pulgadas Audi – OYL260416018,,baja resolución,9,critica,
OYL260416019,oyl260416019-19-vehiculos-europeos,OYL260416019_frontal_01.jpg,frontal,1,Juego de 4 llantas 19 pulgadas Vehículos europeos – OYL260416019,,baja resolución,9,critica,
OYL260416020,oyl260416020-20-audi,OYL260416020_frontal_01.jpg,frontal,1,Juego de 4 llantas 20 pulgadas Audi – OYL260416020,,baja resolución,9,critica,
OYL260416021,oyl260416021-21-audi,OYL260416021_frontal_01.jpg,frontal,1,Juego de 4 llantas 21 pulgadas Audi – OYL260416021,,baja resolución,9,critica,
OYL260416314,oyl260416314-17-bmw,OYL260416314_frontal_01.jpg,frontal,1,Juego de 4 llantas 17 pulgadas BMW – OYL260416314,,baja resolución,90,critica,
OYL260416336,oyl260416336-20-audi,OYL260416336_frontal_01.jpg,frontal,1,Juego de 4 llantas 20 pulgadas Audi – OYL260416336,,baja resolución,91,critica,
OYL260416282,oyl260416282-18-bmw,OYL260416282_frontal_01.jpg,frontal,1,Juego de 4 llantas 18 pulgadas BMW – OYL260416282,,baja resolución,92,alta,
OYL260416283,oyl260416283-18-bmw,OYL260416283_frontal_01.jpg,frontal,1,Juego de 4 llantas 18 pulgadas BMW – OYL260416283,,baja resolución,92,alta,
OYL260416284,oyl260416284-18-bmw,OYL260416284_frontal_01.jpg,frontal,1,Juego de 4 llantas 18 pulgadas BMW – OYL260416284,,baja resolución,92,alta,
OYL260416285,oyl260416285-18-bmw,OYL260416285_frontal_01.jpg,frontal,1,Juego de 4 llantas 18 pulgadas BMW – OYL260416285,,baja resolución,92,alta,
OYL260416286,oyl260416286-19-bmw,OYL260416286_frontal_01.jpg,frontal,1,Juego de 4 llantas 19 pulgadas BMW – OYL260416286,,baja resolución,92,alta,
OYL260416287,oyl260416287-19-bmw,OYL260416287_frontal_01.jpg,frontal,1,Juego de 4 llantas 19 pulgadas BMW – OYL260416287,,baja resolución,92,alta,
OYL260416288,oyl260416288-19-bmw,OYL260416288_frontal_01.jpg,frontal,1,Juego de 4 llantas 19 pulgadas BMW – OYL260416288,,baja resolución,92,alta,
OYL260416289,oyl260416289-19-bmw,OYL260416289_frontal_01.jpg,frontal,1,Juego de 4 llantas 19 pulgadas BMW – OYL260416289,,baja resolución,92,alta,
OYL260416290,oyl260416290-20-bmw,OYL260416290_frontal_01.jpg,frontal,1,Juego de 4 llantas 20 pulgadas BMW – OYL260416290,,baja resolución,92,alta,
OYL260416291,oyl260416291-20-bmw,OYL260416291_frontal_01.jpg,frontal,1,Juego de 4 llantas 20 pulgadas BMW – OYL260416291,,baja resolución,92,alta,
OYL260416292,oyl260416292-20-bmw,OYL260416292_frontal_01.jpg,frontal,1,Juego de 4 llantas 20 pulgadas BMW – OYL260416292,,baja resolución,92,alta,
OYL260416293,oyl260416293-20-bmw,OYL260416293_frontal_01.jpg,frontal,1,Juego de 4 llantas 20 pulgadas BMW – OYL260416293,,baja resolución,92,alta,
OYL260416201,oyl260416201-19-bmw,OYL260416201_frontal_01.jpg,frontal,1,Juego de 4 llantas 19 pulgadas BMW – OYL260416201,,baja resolución,93,alta,
OYL260416202,oyl260416202-19-bmw,OYL260416202_frontal_01.jpg,frontal,1,Juego de 4 llantas 19 pulgadas BMW – OYL260416202,,baja resolución,93,alta,
OYL260416203,oyl260416203-20-bmw,OYL260416203_frontal_01.jpg,frontal,1,Juego de 4 llantas 20 pulgadas BMW – OYL260416203,,baja resolución,93,alta,
OYL260416204,oyl260416204-20-bmw,OYL260416204_frontal_01.jpg,frontal,1,Juego de 4 llantas 20 pulgadas BMW – OYL260416204,,baja resolución,93,alta,
OYL260416205,oyl260416205-20-bmw,OYL260416205_frontal_01.jpg,frontal,1,Juego de 4 llantas 20 pulgadas BMW – OYL260416205,,baja resolución,93,alta,
OYL260416206,oyl260416206-20-bmw,OYL260416206_frontal_01.jpg,frontal,1,Juego de 4 llantas 20 pulgadas BMW – OYL260416206,,baja resolución,93,alta,
OYL260416207,oyl260416207-20-bmw,OYL260416207_frontal_01.jpg,frontal,1,Juego de 4 llantas 20 pulgadas BMW – OYL260416207,,baja resolución,93,alta,
OYL260416208,oyl260416208-20-bmw,OYL260416208_frontal_01.jpg,frontal,1,Juego de 4 llantas 20 pulgadas BMW – OYL260416208,,baja resolución,93,alta,
OYL260416397,oyl260416397-20-mercedes-benz,OYL260416397_frontal_01.jpg,frontal,1,Juego de 4 llantas 20 pulgadas Mercedes-Benz – OYL260416397,,baja resolución,94,alta,
OYL260416398,oyl260416398-20-mercedes-benz,OYL260416398_frontal_01.jpg,frontal,1,Juego de 4 llantas 20 pulgadas Mercedes-Benz – OYL260416398,,baja resolución,94,alta,
OYL260416399,oyl260416399-20-mercedes-benz,OYL260416399_frontal_01.jpg,frontal,1,Juego de 4 llantas 20 pulgadas Mercedes-Benz – OYL260416399,,baja resolución,94,alta,
OYL260416400,oyl260416400-20-mercedes-benz,OYL260416400_frontal_01.jpg,frontal,1,Juego de 4 llantas 20 pulgadas Mercedes-Benz – OYL260416400,,baja resolución,94,alta,
OYL260416401,oyl260416401-22-mercedes-benz,OYL260416401_frontal_01.jpg,frontal,1,Juego de 4 llantas 22 pulgadas Mercedes-Benz – OYL260416401,,baja resolución,94,alta,
OYL260416402,oyl260416402-22-mercedes-benz,OYL260416402_frontal_01.jpg,frontal,1,Juego de 4 llantas 22 pulgadas Mercedes-Benz – OYL260416402,,baja resolución,94,alta,
OYL260416416,oyl260416416-21-mercedes-benz,OYL260416416_frontal_01.jpg,frontal,1,Juego de 4 llantas 21 pulgadas Mercedes-Benz – OYL260416416,,baja resolución,95,alta,
OYL260416417,oyl260416417-21-mercedes-benz,OYL260416417_frontal_01.jpg,frontal,1,Juego de 4 llantas 21 pulgadas Mercedes-Benz – OYL260416417,,baja resolución,95,alta,
OYL260416418,oyl260416418-22-mercedes-benz,OYL260416418_frontal_01.jpg,frontal,1,Juego de 4 llantas 22 pulgadas Mercedes-Benz – OYL260416418,,baja resolución,95,alta,
OYL260416419,oyl260416419-22-mercedes-benz,OYL260416419_frontal_01.jpg,frontal,1,Juego de 4 llantas 22 pulgadas Mercedes-Benz – OYL260416419,,baja resolución,95,alta,
OYL260416408,oyl260416408-20-bmw,OYL260416408_frontal_01.jpg,frontal,1,Juego de 4 llantas 20 pulgadas BMW – OYL260416408,,baja resolución,96,alta,
OYL260416409,oyl260416409-20-bmw,OYL260416409_frontal_01.jpg,frontal,1,Juego de 4 llantas 20 pulgadas BMW – OYL260416409,,baja resolución,96,alta,
OYL260416410,oyl260416410-20-bmw,OYL260416410_frontal_01.jpg,frontal,1,Juego de 4 llantas 20 pulgadas BMW – OYL260416410,,baja resolución,96,alta,
OYL260416411,oyl260416411-20-bmw,OYL260416411_frontal_01.jpg,frontal,1,Juego de 4 llantas 20 pulgadas BMW – OYL260416411,,baja resolución,96,alta,
OYL260416412,oyl260416412-21-bmw,OYL260416412_frontal_01.jpg,frontal,1,Juego de 4 llantas 21 pulgadas BMW – OYL260416412,,baja resolución,97,alta,
OYL260416413,oyl260416413-21-bmw,OYL260416413_frontal_01.jpg,frontal,1,Juego de 4 llantas 21 pulgadas BMW – OYL260416413,,baja resolución,97,alta,
OYL260416414,oyl260416414-21-bmw,OYL260416414_frontal_01.jpg,frontal,1,Juego de 4 llantas 21 pulgadas BMW – OYL260416414,,baja resolución,97,alta,
OYL260416415,oyl260416415-21-bmw,OYL260416415_frontal_01.jpg,frontal,1,Juego de 4 llantas 21 pulgadas BMW – OYL260416415,,baja resolución,97,alta,
OYL260416383,oyl260416383-19-mercedes-benz,OYL260416383_frontal_01.jpg,frontal,1,Juego de 4 llantas 19 pulgadas Mercedes-Benz – OYL260416383,,baja resolución,98,alta,
OYL260416384,oyl260416384-19-mercedes-benz,OYL260416384_frontal_01.jpg,frontal,1,Juego de 4 llantas 19 pulgadas Mercedes-Benz – OYL260416384,,baja resolución,98,alta,
OYL260416385,oyl260416385-20-mercedes-benz,OYL260416385_frontal_01.jpg,frontal,1,Juego de 4 llantas 20 pulgadas Mercedes-Benz – OYL260416385,,baja resolución,98,alta,
OYL260416386,oyl260416386-20-mercedes-benz,OYL260416386_frontal_01.jpg,frontal,1,Juego de 4 llantas 20 pulgadas Mercedes-Benz – OYL260416386,,baja resolución,98,alta,
OYL260416426,oyl260416426-19-mercedes-benz,OYL260416426_frontal_01.jpg,frontal,1,Juego de 4 llantas 19 pulgadas Mercedes-Benz – OYL260416426,,baja resolución,99,alta,
OYL260416427,oyl260416427-19-mercedes-benz,OYL260416427_frontal_01.jpg,frontal,1,Juego de 4 llantas 19 pulgadas Mercedes-Benz – OYL260416427,,baja resolución,99,alta,
OYL260416428,oyl260416428-20-mercedes-benz,OYL260416428_frontal_01.jpg,frontal,1,Juego de 4 llantas 20 pulgadas Mercedes-Benz – OYL260416428,,baja resolución,99,alta,
OYL260416429,oyl260416429-20-mercedes-benz,OYL260416429_frontal_01.jpg,frontal,1,Juego de 4 llantas 20 pulgadas Mercedes-Benz – OYL260416429,,baja resolución,99,alta,
