sku,familia,handle,acabado_codigo_proveedor,archivo_imagen,huella_sha256_8,imagen_asignada_url,texto_alternativo,origen_de_la_correspondencia,resultado,nota
OYL260416094,SJW-038,sjw-038-17x7-5-5x112-et35-mb-l,MB+L,038.png,8482ae5d,https://cdn.shopify.com/s/files/1/0995/6920/5581/files/wheel-design-038_e859722e-fb04-406a-a560-0c3d2875d6c1.png,"Juego de llantas 17X7.5 Audi, referencia OYL260416094","Archivo original del propietario, sin cambios: la URL de la auditoría inicial (data/auditoria-productos-publicacion-inicial.csv) coincide con la asignada hoy en Shopify; el nombre del archivo (wheel-design-038) coincide con la familia.",Correcta,El proveedor facilita una sola imagen por diseño; la de SJW-038 corresponde al acabado MB+L.
OYL260416096,SJW-038,sjw-038-18x8-0-5x112-et35-mb-l,MB+L,038.png,8482ae5d,https://cdn.shopify.com/s/files/1/0995/6920/5581/files/wheel-design-038_cde510bb-de6d-4820-b51f-f36a7f4a98e0.png,"Juego de llantas 18X8.0 Audi, referencia OYL260416096","Archivo original del propietario, sin cambios: la URL de la auditoría inicial (data/auditoria-productos-publicacion-inicial.csv) coincide con la asignada hoy en Shopify; el nombre del archivo (wheel-design-038) coincide con la familia.",Correcta,El proveedor facilita una sola imagen por diseño; la de SJW-038 corresponde al acabado MB+L.
OYL260416097,SJW-038,sjw-038-18x8-0-5x112-et35-ybz,YBZ,038.png,8482ae5d,https://cdn.shopify.com/s/files/1/0995/6920/5581/files/wheel-design-038_01eb7669-2b83-4b59-8259-d9ada999a5db.png,"Juego de llantas 18X8.0 Audi, referencia OYL260416097","Archivo original del propietario, sin cambios: la URL de la auditoría inicial (data/auditoria-productos-publicacion-inicial.csv) coincide con la asignada hoy en Shopify; el nombre del archivo (wheel-design-038) coincide con la familia.",Referencia de otro acabado,El proveedor facilita una sola imagen por diseño; la de SJW-038 corresponde al acabado MB+L.
OYL260416099,SJW-038,sjw-038-19x8-5-5x112-et30-mb-l,MB+L,038.png,8482ae5d,https://cdn.shopify.com/s/files/1/0995/6920/5581/files/wheel-design-038_8d61c48d-08bb-409c-9da3-3eb0ef4a4971.png,"Juego de llantas 19X8.5 Audi, referencia OYL260416099","Archivo original del propietario, sin cambios: la URL de la auditoría inicial (data/auditoria-productos-publicacion-inicial.csv) coincide con la asignada hoy en Shopify; el nombre del archivo (wheel-design-038) coincide con la familia.",Correcta,El proveedor facilita una sola imagen por diseño; la de SJW-038 corresponde al acabado MB+L.
OYL260416100,SJW-038,sjw-038-20x9-0-5x112-et30-mb-l,MB+L,038.png,8482ae5d,https://cdn.shopify.com/s/files/1/0995/6920/5581/files/wheel-design-038_28c1acf0-c137-492d-9312-24f844f22ffc.png,"Juego de llantas 20X9.0 Audi, referencia OYL260416100","Archivo original del propietario, sin cambios: la URL de la auditoría inicial (data/auditoria-productos-publicacion-inicial.csv) coincide con la asignada hoy en Shopify; el nombre del archivo (wheel-design-038) coincide con la familia.",Correcta,El proveedor facilita una sola imagen por diseño; la de SJW-038 corresponde al acabado MB+L.
OYL260416101,SJW-038,sjw-038-21x9-0-5x112-et25-mb-l,MB+L,038.png,8482ae5d,https://cdn.shopify.com/s/files/1/0995/6920/5581/files/wheel-design-038_83c576f2-b856-4413-ba40-bec34b25467c.png,"Juego de llantas 21X9.0 Audi, referencia OYL260416101","Archivo original del propietario, sin cambios: la URL de la auditoría inicial (data/auditoria-productos-publicacion-inicial.csv) coincide con la asignada hoy en Shopify; el nombre del archivo (wheel-design-038) coincide con la familia.",Correcta,El proveedor facilita una sola imagen por diseño; la de SJW-038 corresponde al acabado MB+L.
OYL260416104,SJW-040,sjw-040-18x8-0-5x112-et36-mb,MB,040.png,ff18768f,https://cdn.shopify.com/s/files/1/0995/6920/5581/files/wheel-design-040_34184ea2-a495-4635-8a13-e143bc3ad903.png,"Juego de llantas 18X8.0 Mercedes-Benz, referencia OYL260416104","Archivo original del propietario, sin cambios: la URL de la auditoría inicial (data/auditoria-productos-publicacion-inicial.csv) coincide con la asignada hoy en Shopify; el nombre del archivo (wheel-design-040) coincide con la familia.",Correcta,El proveedor facilita una sola imagen por diseño; la de SJW-040 corresponde al acabado MB.
OYL260416105,SJW-040,sjw-040-18x9-0-5x112-et42-mb,MB,040.png,ff18768f,https://cdn.shopify.com/s/files/1/0995/6920/5581/files/wheel-design-040_b109675a-9cc5-4939-8ffd-221fc7a54dd9.png,"Juego de llantas 18X9.0 Mercedes-Benz, referencia OYL260416105","Archivo original del propietario, sin cambios: la URL de la auditoría inicial (data/auditoria-productos-publicacion-inicial.csv) coincide con la asignada hoy en Shopify; el nombre del archivo (wheel-design-040) coincide con la familia.",Correcta,El proveedor facilita una sola imagen por diseño; la de SJW-040 corresponde al acabado MB.
OYL260416106,SJW-040,sjw-040-18x8-0-5x112-et36-mg,MG,040.png,ff18768f,https://cdn.shopify.com/s/files/1/0995/6920/5581/files/wheel-design-040_b231b023-e384-4e95-8bd2-51e3c3cdb41b.png,"Juego de llantas 18X8.0 Mercedes-Benz, referencia OYL260416106","Archivo original del propietario, sin cambios: la URL de la auditoría inicial (data/auditoria-productos-publicacion-inicial.csv) coincide con la asignada hoy en Shopify; el nombre del archivo (wheel-design-040) coincide con la familia.",Referencia de otro acabado,El proveedor facilita una sola imagen por diseño; la de SJW-040 corresponde al acabado MB.
OYL260416107,SJW-040,sjw-040-18x9-0-5x112-et42-mg,MG,040.png,ff18768f,https://cdn.shopify.com/s/files/1/0995/6920/5581/files/wheel-design-040_1148eb1d-321a-4fea-9d40-ab43f052d996.png,Juego de 4 llantas 18 pulgadas Mercedes-Benz – OYL260416107,"Archivo original del propietario, sin cambios: la URL de la auditoría inicial (data/auditoria-productos-publicacion-inicial.csv) coincide con la asignada hoy en Shopify; el nombre del archivo (wheel-design-040) coincide con la familia.",Referencia de otro acabado,El proveedor facilita una sola imagen por diseño; la de SJW-040 corresponde al acabado MB.
OYL260416108,SJW-040,sjw-040-19x9-5-5x112-et43-mg,MG,040.png,ff18768f,https://cdn.shopify.com/s/files/1/0995/6920/5581/files/wheel-design-040_767655f8-c2b7-4acc-ba2b-100db646d5e9.png,"Juego de llantas 19X9.5 Mercedes-Benz, referencia OYL260416108","Archivo original del propietario, sin cambios: la URL de la auditoría inicial (data/auditoria-productos-publicacion-inicial.csv) coincide con la asignada hoy en Shopify; el nombre del archivo (wheel-design-040) coincide con la familia.",Referencia de otro acabado,El proveedor facilita una sola imagen por diseño; la de SJW-040 corresponde al acabado MB.
OYL260416109,SJW-040,sjw-040-19x9-5-5x112-et43-mb,MB,040.png,ff18768f,https://cdn.shopify.com/s/files/1/0995/6920/5581/files/wheel-design-040_0215516e-0ef2-4c1f-9620-26fcf023ff55.png,"Juego de llantas 19X9.5 Mercedes-Benz, referencia OYL260416109","Archivo original del propietario, sin cambios: la URL de la auditoría inicial (data/auditoria-productos-publicacion-inicial.csv) coincide con la asignada hoy en Shopify; el nombre del archivo (wheel-design-040) coincide con la familia.",Correcta,El proveedor facilita una sola imagen por diseño; la de SJW-040 corresponde al acabado MB.
OYL260416110,SJW-040,sjw-040-20x8-5-5x112-et36-mg,MG,040.png,ff18768f,https://cdn.shopify.com/s/files/1/0995/6920/5581/files/wheel-design-040_3f4cfd55-563d-440e-9a6c-9a42d481d256.png,Juego de 4 llantas 20 pulgadas Mercedes-Benz – OYL260416110,"Archivo original del propietario, sin cambios: la URL de la auditoría inicial (data/auditoria-productos-publicacion-inicial.csv) coincide con la asignada hoy en Shopify; el nombre del archivo (wheel-design-040) coincide con la familia.",Referencia de otro acabado,El proveedor facilita una sola imagen por diseño; la de SJW-040 corresponde al acabado MB.
OYL260416111,SJW-040,sjw-040-20x8-5-5x112-et36-mb,MB,040.png,ff18768f,https://cdn.shopify.com/s/files/1/0995/6920/5581/files/wheel-design-040_b29d34a1-6e0a-414e-8e0e-66ee2bb2aca1.png,"Juego de llantas 20X8.5 Mercedes-Benz, referencia OYL260416111","Archivo original del propietario, sin cambios: la URL de la auditoría inicial (data/auditoria-productos-publicacion-inicial.csv) coincide con la asignada hoy en Shopify; el nombre del archivo (wheel-design-040) coincide con la familia.",Correcta,El proveedor facilita una sola imagen por diseño; la de SJW-040 corresponde al acabado MB.
OYL260416112,SJW-040,sjw-040-20x9-5-5x112-et43-mb,MB,040.png,ff18768f,https://cdn.shopify.com/s/files/1/0995/6920/5581/files/wheel-design-040_6be9d283-0302-41de-9468-fdf63bec6f82.png,Juego de 4 llantas 20 pulgadas Mercedes-Benz – OYL260416112,"Archivo original del propietario, sin cambios: la URL de la auditoría inicial (data/auditoria-productos-publicacion-inicial.csv) coincide con la asignada hoy en Shopify; el nombre del archivo (wheel-design-040) coincide con la familia.",Correcta,El proveedor facilita una sola imagen por diseño; la de SJW-040 corresponde al acabado MB.
OYL260416113,SJW-041,sjw-041-18x8-0-5x112-et40-mbi,MBI,041.png,e0b4f4cf,https://cdn.shopify.com/s/files/1/0995/6920/5581/files/wheel-design-041_64e4b67f-647d-4462-a87b-122a32ae4c14.png,"Juego de llantas 18X8.0 Mercedes-Benz, referencia OYL260416113","Archivo original del propietario, sin cambios: la URL de la auditoría inicial (data/auditoria-productos-publicacion-inicial.csv) coincide con la asignada hoy en Shopify; el nombre del archivo (wheel-design-041) coincide con la familia.",Correcta,El proveedor facilita una sola imagen por diseño; la de SJW-041 corresponde al acabado MBI.
OYL260416114,SJW-041,sjw-041-18x9-0-5x112-et45-mbi,MBI,041.png,e0b4f4cf,https://cdn.shopify.com/s/files/1/0995/6920/5581/files/wheel-design-041_7c206ecd-6043-42dd-bfa2-9a77b15b78f7.png,"Juego de llantas 18X9.0 Mercedes-Benz, referencia OYL260416114","Archivo original del propietario, sin cambios: la URL de la auditoría inicial (data/auditoria-productos-publicacion-inicial.csv) coincide con la asignada hoy en Shopify; el nombre del archivo (wheel-design-041) coincide con la familia.",Correcta,El proveedor facilita una sola imagen por diseño; la de SJW-041 corresponde al acabado MBI.
OYL260416115,SJW-041,sjw-041-18x8-0-5x112-et40-mb,MB,041.png,e0b4f4cf,https://cdn.shopify.com/s/files/1/0995/6920/5581/files/wheel-design-041_5fa74d7c-5c1b-4ee4-82a9-12ad0ae67e23.png,"Juego de llantas 18X8.0 Mercedes-Benz, referencia OYL260416115","Archivo original del propietario, sin cambios: la URL de la auditoría inicial (data/auditoria-productos-publicacion-inicial.csv) coincide con la asignada hoy en Shopify; el nombre del archivo (wheel-design-041) coincide con la familia.",Referencia de otro acabado,El proveedor facilita una sola imagen por diseño; la de SJW-041 corresponde al acabado MBI.
OYL260416116,SJW-041,sjw-041-18x9-0-5x112-et45-mb,MB,041.png,e0b4f4cf,https://cdn.shopify.com/s/files/1/0995/6920/5581/files/wheel-design-041_0f508d94-9c95-411d-9b96-57a506b72337.png,"Juego de llantas 18X9.0 Mercedes-Benz, referencia OYL260416116","Archivo original del propietario, sin cambios: la URL de la auditoría inicial (data/auditoria-productos-publicacion-inicial.csv) coincide con la asignada hoy en Shopify; el nombre del archivo (wheel-design-041) coincide con la familia.",Referencia de otro acabado,El proveedor facilita una sola imagen por diseño; la de SJW-041 corresponde al acabado MBI.
OYL260416117,SJW-041,sjw-041-18x8-0-5x112-et35-mbi,MBI,041.png,e0b4f4cf,https://cdn.shopify.com/s/files/1/0995/6920/5581/files/wheel-design-041_9f557e66-0d0d-4596-8b27-cad8ca31d388.png,Juego de 4 llantas 18 pulgadas Vehículos europeos – OYL260416117,"Archivo original del propietario, sin cambios: la URL de la auditoría inicial (data/auditoria-productos-publicacion-inicial.csv) coincide con la asignada hoy en Shopify; el nombre del archivo (wheel-design-041) coincide con la familia.",Correcta,El proveedor facilita una sola imagen por diseño; la de SJW-041 corresponde al acabado MBI.
OYL260416118,SJW-041,sjw-041-19x8-0-5x112-et36-mbi,MBI,041.png,e0b4f4cf,https://cdn.shopify.com/s/files/1/0995/6920/5581/files/wheel-design-041_f59a6d7e-7298-48cf-b53a-ea39116b21f3.png,"Juego de llantas 19X8.0 Mercedes-Benz, referencia OYL260416118","Archivo original del propietario, sin cambios: la URL de la auditoría inicial (data/auditoria-productos-publicacion-inicial.csv) coincide con la asignada hoy en Shopify; el nombre del archivo (wheel-design-041) coincide con la familia.",Correcta,El proveedor facilita una sola imagen por diseño; la de SJW-041 corresponde al acabado MBI.
OYL260416119,SJW-041,sjw-041-19x9-0-5x112-et42-mbi,MBI,041.png,e0b4f4cf,https://cdn.shopify.com/s/files/1/0995/6920/5581/files/wheel-design-041_f45e2401-8637-4431-b62f-d78803048bc8.png,"Juego de llantas 19X9.0 Mercedes-Benz, referencia OYL260416119","Archivo original del propietario, sin cambios: la URL de la auditoría inicial (data/auditoria-productos-publicacion-inicial.csv) coincide con la asignada hoy en Shopify; el nombre del archivo (wheel-design-041) coincide con la familia.",Correcta,El proveedor facilita una sola imagen por diseño; la de SJW-041 corresponde al acabado MBI.
OYL260416120,SJW-041,sjw-041-19x8-0-5x112-et36-mb,MB,041.png,e0b4f4cf,https://cdn.shopify.com/s/files/1/0995/6920/5581/files/wheel-design-041_281b79b4-7b6a-478e-b1bf-703d98010b91.png,Juego de 4 llantas 19 pulgadas Mercedes-Benz – OYL260416120,"Archivo original del propietario, sin cambios: la URL de la auditoría inicial (data/auditoria-productos-publicacion-inicial.csv) coincide con la asignada hoy en Shopify; el nombre del archivo (wheel-design-041) coincide con la familia.",Referencia de otro acabado,El proveedor facilita una sola imagen por diseño; la de SJW-041 corresponde al acabado MBI.
OYL260416121,SJW-041,sjw-041-19x9-0-5x112-et42-mb,MB,041.png,e0b4f4cf,https://cdn.shopify.com/s/files/1/0995/6920/5581/files/wheel-design-041_074a98a7-a577-4b31-aa84-768197d7f89b.png,Juego de 4 llantas 19 pulgadas Mercedes-Benz – OYL260416121,"Archivo original del propietario, sin cambios: la URL de la auditoría inicial (data/auditoria-productos-publicacion-inicial.csv) coincide con la asignada hoy en Shopify; el nombre del archivo (wheel-design-041) coincide con la familia.",Referencia de otro acabado,El proveedor facilita una sola imagen por diseño; la de SJW-041 corresponde al acabado MBI.
OYL260416122,SJW-041,sjw-041-20x8-5-5x112-et36-mb,MB,041.png,e0b4f4cf,https://cdn.shopify.com/s/files/1/0995/6920/5581/files/wheel-design-041_d57ff3ce-c3ae-4f13-abff-625db1f591b7.png,"Juego de llantas 20X8.5 Mercedes-Benz, referencia OYL260416122","Archivo original del propietario, sin cambios: la URL de la auditoría inicial (data/auditoria-productos-publicacion-inicial.csv) coincide con la asignada hoy en Shopify; el nombre del archivo (wheel-design-041) coincide con la familia.",Referencia de otro acabado,El proveedor facilita una sola imagen por diseño; la de SJW-041 corresponde al acabado MBI.
OYL260416123,SJW-041,sjw-041-20x9-5-5x112-et43-mb,MB,041.png,e0b4f4cf,https://cdn.shopify.com/s/files/1/0995/6920/5581/files/wheel-design-041_9dac4849-0938-4898-985d-684069ee4da6.png,"Juego de llantas 20X9.5 Mercedes-Benz, referencia OYL260416123","Archivo original del propietario, sin cambios: la URL de la auditoría inicial (data/auditoria-productos-publicacion-inicial.csv) coincide con la asignada hoy en Shopify; el nombre del archivo (wheel-design-041) coincide con la familia.",Referencia de otro acabado,El proveedor facilita una sola imagen por diseño; la de SJW-041 corresponde al acabado MBI.
OYL260416124,SJW-041,sjw-041-20x8-5-5x112-et36-mib,MIB,041.png,e0b4f4cf,https://cdn.shopify.com/s/files/1/0995/6920/5581/files/wheel-design-041_5efdd395-cad0-430f-8f14-32ecb6577dd9.png,"Juego de llantas 20X8.5 Mercedes-Benz, referencia OYL260416124","Archivo original del propietario, sin cambios: la URL de la auditoría inicial (data/auditoria-productos-publicacion-inicial.csv) coincide con la asignada hoy en Shopify; el nombre del archivo (wheel-design-041) coincide con la familia.",Referencia de otro acabado,El proveedor facilita una sola imagen por diseño; la de SJW-041 corresponde al acabado MBI.
OYL260416125,SJW-041,sjw-041-20x9-5-5x112-et43-mib,MIB,041.png,e0b4f4cf,https://cdn.shopify.com/s/files/1/0995/6920/5581/files/wheel-design-041_f5b1defb-20e0-4ee8-bcfd-c51e8be7a2d6.png,"Juego de llantas 20X9.5 Mercedes-Benz, referencia OYL260416125","Archivo original del propietario, sin cambios: la URL de la auditoría inicial (data/auditoria-productos-publicacion-inicial.csv) coincide con la asignada hoy en Shopify; el nombre del archivo (wheel-design-041) coincide con la familia.",Referencia de otro acabado,El proveedor facilita una sola imagen por diseño; la de SJW-041 corresponde al acabado MBI.
OYL260416127,SJW-043,sjw-043-18x8-0-5x112-et36-mb,MB,043.png,57ee08dc,https://cdn.shopify.com/s/files/1/0995/6920/5581/files/wheel-design-043_2d3e6443-6727-460c-9099-31c40ed0f53e.png,"Juego de llantas 18X8.0 Mercedes-Benz, referencia OYL260416127","Archivo original del propietario, sin cambios: la URL de la auditoría inicial (data/auditoria-productos-publicacion-inicial.csv) coincide con la asignada hoy en Shopify; el nombre del archivo (wheel-design-043) coincide con la familia.",Correcta,El proveedor facilita una sola imagen por diseño; la de SJW-043 corresponde al acabado MB.
OYL260416128,SJW-043,sjw-043-18x9-0-5x112-et42-mb,MB,043.png,57ee08dc,https://cdn.shopify.com/s/files/1/0995/6920/5581/files/wheel-design-043_db3e9723-df8a-48dc-bc19-08d9402eac66.png,"Juego de llantas 18X9.0 Mercedes-Benz, referencia OYL260416128","Archivo original del propietario, sin cambios: la URL de la auditoría inicial (data/auditoria-productos-publicacion-inicial.csv) coincide con la asignada hoy en Shopify; el nombre del archivo (wheel-design-043) coincide con la familia.",Correcta,El proveedor facilita una sola imagen por diseño; la de SJW-043 corresponde al acabado MB.
OYL260416129,SJW-043,sjw-043-19x8-5-5x112-et36-mb,MB,043.png,57ee08dc,https://cdn.shopify.com/s/files/1/0995/6920/5581/files/wheel-design-043_246da483-e9d6-4d60-a92c-d24178f48421.png,"Juego de llantas 19X8.5 Mercedes-Benz, referencia OYL260416129","Archivo original del propietario, sin cambios: la URL de la auditoría inicial (data/auditoria-productos-publicacion-inicial.csv) coincide con la asignada hoy en Shopify; el nombre del archivo (wheel-design-043) coincide con la familia.",Correcta,El proveedor facilita una sola imagen por diseño; la de SJW-043 corresponde al acabado MB.
OYL260416130,SJW-043,sjw-043-19x9-5-5x112-et43-mb,MB,043.png,57ee08dc,https://cdn.shopify.com/s/files/1/0995/6920/5581/files/wheel-design-043_e5dff30c-289d-4a65-89cc-ed0883a9f447.png,"Juego de llantas 19X9.5 Mercedes-Benz, referencia OYL260416130","Archivo original del propietario, sin cambios: la URL de la auditoría inicial (data/auditoria-productos-publicacion-inicial.csv) coincide con la asignada hoy en Shopify; el nombre del archivo (wheel-design-043) coincide con la familia.",Correcta,El proveedor facilita una sola imagen por diseño; la de SJW-043 corresponde al acabado MB.
OYL260416131,SJW-043,sjw-043-20x8-5-5x112-et36-mb,MB,043.png,57ee08dc,https://cdn.shopify.com/s/files/1/0995/6920/5581/files/wheel-design-043_4887dd6f-ad19-4b85-8f94-80299d84d3ff.png,"Juego de llantas 20X8.5 Mercedes-Benz, referencia OYL260416131","Archivo original del propietario, sin cambios: la URL de la auditoría inicial (data/auditoria-productos-publicacion-inicial.csv) coincide con la asignada hoy en Shopify; el nombre del archivo (wheel-design-043) coincide con la familia.",Correcta,El proveedor facilita una sola imagen por diseño; la de SJW-043 corresponde al acabado MB.
OYL260416132,SJW-043,sjw-043-20x9-5-5x112-et43-mb,MB,043.png,57ee08dc,https://cdn.shopify.com/s/files/1/0995/6920/5581/files/wheel-design-043_0bb7f1d8-b7c4-4326-ae54-e99bae9ba159.png,"Juego de llantas 20X9.5 Mercedes-Benz, referencia OYL260416132","Archivo original del propietario, sin cambios: la URL de la auditoría inicial (data/auditoria-productos-publicacion-inicial.csv) coincide con la asignada hoy en Shopify; el nombre del archivo (wheel-design-043) coincide con la familia.",Correcta,El proveedor facilita una sola imagen por diseño; la de SJW-043 corresponde al acabado MB.
OYL260416133,SJW-043,sjw-043-21x9-0-5x112-et34-mb,MB,043.png,57ee08dc,https://cdn.shopify.com/s/files/1/0995/6920/5581/files/wheel-design-043_68fc16a5-3985-46de-ba2b-a710db86f3dd.png,"Juego de llantas 21X9.0 Mercedes-Benz, referencia OYL260416133","Archivo original del propietario, sin cambios: la URL de la auditoría inicial (data/auditoria-productos-publicacion-inicial.csv) coincide con la asignada hoy en Shopify; el nombre del archivo (wheel-design-043) coincide con la familia.",Correcta,El proveedor facilita una sola imagen por diseño; la de SJW-043 corresponde al acabado MB.
OYL260416134,SJW-043,sjw-043-21x10-0-5x112-et48-mb,MB,043.png,57ee08dc,https://cdn.shopify.com/s/files/1/0995/6920/5581/files/wheel-design-043_4ae9e0bb-7dde-405c-930d-debc0082ef35.png,"Juego de llantas 21X10 Mercedes-Benz, referencia OYL260416134","Archivo original del propietario, sin cambios: la URL de la auditoría inicial (data/auditoria-productos-publicacion-inicial.csv) coincide con la asignada hoy en Shopify; el nombre del archivo (wheel-design-043) coincide con la familia.",Correcta,El proveedor facilita una sola imagen por diseño; la de SJW-043 corresponde al acabado MB.
OYL260416135,SJW-044,sjw-044-19x8-5-5x112-et36-mb,MB,044.png,0f812671,https://cdn.shopify.com/s/files/1/0995/6920/5581/files/wheel-design-044_7422b667-1185-483a-802b-0cf2b26825a5.png,"Juego de llantas 19X8.5 Mercedes-Benz, referencia OYL260416135","Archivo original del propietario, sin cambios: la URL de la auditoría inicial (data/auditoria-productos-publicacion-inicial.csv) coincide con la asignada hoy en Shopify; el nombre del archivo (wheel-design-044) coincide con la familia.",Correcta,El proveedor facilita una sola imagen por diseño; la de SJW-044 corresponde al acabado MB.
OYL260416136,SJW-044,sjw-044-19x9-5-5x112-et43-mb,MB,044.png,0f812671,https://cdn.shopify.com/s/files/1/0995/6920/5581/files/wheel-design-044_ee49988c-a4eb-449d-b6fb-7627ab83c428.png,"Juego de llantas 19X9.5 Mercedes-Benz, referencia OYL260416136","Archivo original del propietario, sin cambios: la URL de la auditoría inicial (data/auditoria-productos-publicacion-inicial.csv) coincide con la asignada hoy en Shopify; el nombre del archivo (wheel-design-044) coincide con la familia.",Correcta,El proveedor facilita una sola imagen por diseño; la de SJW-044 corresponde al acabado MB.
OYL260416137,SJW-044,sjw-044-20x8-5-5x112-et36-mb,MB,044.png,0f812671,https://cdn.shopify.com/s/files/1/0995/6920/5581/files/wheel-design-044_b3291c91-ece7-421d-9664-3bbd1f892ed6.png,"Juego de llantas 20X8.5 Mercedes-Benz, referencia OYL260416137","Archivo original del propietario, sin cambios: la URL de la auditoría inicial (data/auditoria-productos-publicacion-inicial.csv) coincide con la asignada hoy en Shopify; el nombre del archivo (wheel-design-044) coincide con la familia.",Correcta,El proveedor facilita una sola imagen por diseño; la de SJW-044 corresponde al acabado MB.
OYL260416138,SJW-044,sjw-044-20x9-5-5x112-et45-mb,MB,044.png,0f812671,https://cdn.shopify.com/s/files/1/0995/6920/5581/files/wheel-design-044_9c20f822-a2ef-4161-85e7-3c29093472e9.png,Juego de 4 llantas 20 pulgadas Mercedes-Benz – OYL260416138,"Archivo original del propietario, sin cambios: la URL de la auditoría inicial (data/auditoria-productos-publicacion-inicial.csv) coincide con la asignada hoy en Shopify; el nombre del archivo (wheel-design-044) coincide con la familia.",Correcta,El proveedor facilita una sola imagen por diseño; la de SJW-044 corresponde al acabado MB.
OYL260416141,SJW-044,sjw-044-21x10-0-5x112-et45-mb,MB,044.png,0f812671,https://cdn.shopify.com/s/files/1/0995/6920/5581/files/wheel-design-044_e48b78fc-6c70-4a76-b2dc-04be7c9c1ce5.png,Juego de 4 llantas 21 pulgadas Mercedes-Benz – OYL260416141,"Archivo original del propietario, sin cambios: la URL de la auditoría inicial (data/auditoria-productos-publicacion-inicial.csv) coincide con la asignada hoy en Shopify; el nombre del archivo (wheel-design-044) coincide con la familia.",Correcta,El proveedor facilita una sola imagen por diseño; la de SJW-044 corresponde al acabado MB.
OYL260416142,SJW-044,sjw-044-21x11-0-5x112-et42-mb,MB,044.png,0f812671,https://cdn.shopify.com/s/files/1/0995/6920/5581/files/wheel-design-044_5ec71541-3ce5-42a3-9b7c-e7f7e8eafc36.png,"Juego de llantas 21X11 Mercedes-Benz, referencia OYL260416142","Archivo original del propietario, sin cambios: la URL de la auditoría inicial (data/auditoria-productos-publicacion-inicial.csv) coincide con la asignada hoy en Shopify; el nombre del archivo (wheel-design-044) coincide con la familia.",Correcta,El proveedor facilita una sola imagen por diseño; la de SJW-044 corresponde al acabado MB.
OYL260416143,SJW-044,sjw-044-22x9-5-5x112-et45-mb,MB,044.png,0f812671,https://cdn.shopify.com/s/files/1/0995/6920/5581/files/wheel-design-044_83acadb8-783b-4d9a-ac8f-6226a456db69.png,"Juego de llantas 22X9.5 Mercedes-Benz, referencia OYL260416143","Archivo original del propietario, sin cambios: la URL de la auditoría inicial (data/auditoria-productos-publicacion-inicial.csv) coincide con la asignada hoy en Shopify; el nombre del archivo (wheel-design-044) coincide con la familia.",Correcta,El proveedor facilita una sola imagen por diseño; la de SJW-044 corresponde al acabado MB.
OYL260416144,SJW-044,sjw-044-22x11-5-5x112-et47-mb,MB,044.png,0f812671,https://cdn.shopify.com/s/files/1/0995/6920/5581/files/wheel-design-044_c5724f54-d096-40ae-9444-ed53d1c563bb.png,"Juego de llantas 22X11.5 Mercedes-Benz, referencia OYL260416144","Archivo original del propietario, sin cambios: la URL de la auditoría inicial (data/auditoria-productos-publicacion-inicial.csv) coincide con la asignada hoy en Shopify; el nombre del archivo (wheel-design-044) coincide con la familia.",Correcta,El proveedor facilita una sola imagen por diseño; la de SJW-044 corresponde al acabado MB.
OYL260416145,SJW-044,sjw-044-22x9-5-5x112-et45-mg,MG,044.png,0f812671,https://cdn.shopify.com/s/files/1/0995/6920/5581/files/wheel-design-044_ac67e6d8-8cd2-4891-9c14-21e6306fe27a.png,"Juego de llantas 22X9.5 Mercedes-Benz, referencia OYL260416145","Archivo original del propietario, sin cambios: la URL de la auditoría inicial (data/auditoria-productos-publicacion-inicial.csv) coincide con la asignada hoy en Shopify; el nombre del archivo (wheel-design-044) coincide con la familia.",Referencia de otro acabado,El proveedor facilita una sola imagen por diseño; la de SJW-044 corresponde al acabado MB.
OYL260416157,SJW-048,sjw-048-19x8-5-5x112-et30-mb,MB,048.png,de7d7427,https://cdn.shopify.com/s/files/1/0995/6920/5581/files/wheel-design-048_76026deb-7811-46b9-8f6b-b54265d7682d.png,"Juego de llantas 19X8.5 BMW, referencia OYL260416157","Archivo original del propietario, sin cambios: la URL de la auditoría inicial (data/auditoria-productos-publicacion-inicial.csv) coincide con la asignada hoy en Shopify; el nombre del archivo (wheel-design-048) coincide con la familia.",Correcta,El proveedor facilita una sola imagen por diseño; la de SJW-048 corresponde al acabado MB.
OYL260416158,SJW-048,sjw-048-19x9-5-5x112-et35-mb,MB,048.png,de7d7427,https://cdn.shopify.com/s/files/1/0995/6920/5581/files/wheel-design-048_754367f5-4059-4e75-891e-284f764333d5.png,"Juego de llantas 19X9.5 BMW, referencia OYL260416158","Archivo original del propietario, sin cambios: la URL de la auditoría inicial (data/auditoria-productos-publicacion-inicial.csv) coincide con la asignada hoy en Shopify; el nombre del archivo (wheel-design-048) coincide con la familia.",Correcta,El proveedor facilita una sola imagen por diseño; la de SJW-048 corresponde al acabado MB.
OYL260416159,SJW-048,sjw-048-19x8-5-5x120-et30-mb,MB,048.png,de7d7427,https://cdn.shopify.com/s/files/1/0995/6920/5581/files/wheel-design-048_4c642a22-9fcd-4ddf-bbb0-c5e4c9575a5f.png,"Juego de llantas 19X8.5 BMW, referencia OYL260416159","Archivo original del propietario, sin cambios: la URL de la auditoría inicial (data/auditoria-productos-publicacion-inicial.csv) coincide con la asignada hoy en Shopify; el nombre del archivo (wheel-design-048) coincide con la familia.",Correcta,El proveedor facilita una sola imagen por diseño; la de SJW-048 corresponde al acabado MB.
OYL260416160,SJW-048,sjw-048-19x9-5-5x120-et35-mb,MB,048.png,de7d7427,https://cdn.shopify.com/s/files/1/0995/6920/5581/files/wheel-design-048_b0187ab6-0094-4b27-9bae-b482a5b2ef67.png,"Juego de llantas 19X9.5 BMW, referencia OYL260416160","Archivo original del propietario, sin cambios: la URL de la auditoría inicial (data/auditoria-productos-publicacion-inicial.csv) coincide con la asignada hoy en Shopify; el nombre del archivo (wheel-design-048) coincide con la familia.",Correcta,El proveedor facilita una sola imagen por diseño; la de SJW-048 corresponde al acabado MB.
OYL260416161,SJW-048,sjw-048-20x8-5-5x112-et25-mb,MB,048.png,de7d7427,https://cdn.shopify.com/s/files/1/0995/6920/5581/files/wheel-design-048_3a2fe9f0-4083-478e-a9cc-a2c06e16cd8f.png,"Juego de llantas 20X8.5 BMW, referencia OYL260416161","Archivo original del propietario, sin cambios: la URL de la auditoría inicial (data/auditoria-productos-publicacion-inicial.csv) coincide con la asignada hoy en Shopify; el nombre del archivo (wheel-design-048) coincide con la familia.",Correcta,El proveedor facilita una sola imagen por diseño; la de SJW-048 corresponde al acabado MB.
OYL260416162,SJW-048,sjw-048-20x8-5-5x120-et25-mb,MB,048.png,de7d7427,https://cdn.shopify.com/s/files/1/0995/6920/5581/files/wheel-design-048_1fc97486-6f6d-4571-83c9-85792d432055.png,"Juego de llantas 20X8.5 BMW, referencia OYL260416162","Archivo original del propietario, sin cambios: la URL de la auditoría inicial (data/auditoria-productos-publicacion-inicial.csv) coincide con la asignada hoy en Shopify; el nombre del archivo (wheel-design-048) coincide con la familia.",Correcta,El proveedor facilita una sola imagen por diseño; la de SJW-048 corresponde al acabado MB.
OYL260416163,SJW-048,sjw-048-20x9-5-5x120-et35-mb,MB,048.png,de7d7427,https://cdn.shopify.com/s/files/1/0995/6920/5581/files/wheel-design-048_f1cba944-b3c7-441f-9d66-91120db931d4.png,"Juego de llantas 20X9.5 BMW, referencia OYL260416163","Archivo original del propietario, sin cambios: la URL de la auditoría inicial (data/auditoria-productos-publicacion-inicial.csv) coincide con la asignada hoy en Shopify; el nombre del archivo (wheel-design-048) coincide con la familia.",Correcta,El proveedor facilita una sola imagen por diseño; la de SJW-048 corresponde al acabado MB.
OYL260416164,SJW-049,sjw-049-20x9-5-5x112-et40-mb,MB,049.png,95aad111,https://cdn.shopify.com/s/files/1/0995/6920/5581/files/wheel-design-049_e32d1817-f946-4aa5-9706-fc8c273014e9.png,"Juego de llantas 20X9.5 BMW, referencia OYL260416164","Archivo original del propietario, sin cambios: la URL de la auditoría inicial (data/auditoria-productos-publicacion-inicial.csv) coincide con la asignada hoy en Shopify; el nombre del archivo (wheel-design-049) coincide con la familia.",Correcta,El proveedor facilita una sola imagen por diseño; la de SJW-049 corresponde al acabado MB.
OYL260416165,SJW-049,sjw-049-20x8-5-5x120-et25-mb,MB,049.png,95aad111,https://cdn.shopify.com/s/files/1/0995/6920/5581/files/wheel-design-049_93f8e6e7-202e-4825-b3cd-c31820ac450d.png,"Juego de llantas 20X8.5 BMW, referencia OYL260416165","Archivo original del propietario, sin cambios: la URL de la auditoría inicial (data/auditoria-productos-publicacion-inicial.csv) coincide con la asignada hoy en Shopify; el nombre del archivo (wheel-design-049) coincide con la familia.",Correcta,El proveedor facilita una sola imagen por diseño; la de SJW-049 corresponde al acabado MB.
OYL260416166,SJW-049,sjw-049-20x9-5-5x120-et40-mb,MB,049.png,95aad111,https://cdn.shopify.com/s/files/1/0995/6920/5581/files/wheel-design-049_b9c64bc8-86e8-4df5-a05c-8aad580b7838.png,"Juego de llantas 20X9.5 BMW, referencia OYL260416166","Archivo original del propietario, sin cambios: la URL de la auditoría inicial (data/auditoria-productos-publicacion-inicial.csv) coincide con la asignada hoy en Shopify; el nombre del archivo (wheel-design-049) coincide con la familia.",Correcta,El proveedor facilita una sola imagen por diseño; la de SJW-049 corresponde al acabado MB.
OYL260416167,SJW-049,sjw-049-21x9-0-5x112-et24-mb,MB,049.png,95aad111,https://cdn.shopify.com/s/files/1/0995/6920/5581/files/wheel-design-049_452d7f94-caef-47f2-990f-4022d88e4517.png,"Juego de llantas 21X9.0 BMW, referencia OYL260416167","Archivo original del propietario, sin cambios: la URL de la auditoría inicial (data/auditoria-productos-publicacion-inicial.csv) coincide con la asignada hoy en Shopify; el nombre del archivo (wheel-design-049) coincide con la familia.",Correcta,El proveedor facilita una sola imagen por diseño; la de SJW-049 corresponde al acabado MB.
OYL260416168,SJW-049,sjw-049-21x10-5-5x112-et44-mb,MB,049.png,95aad111,https://cdn.shopify.com/s/files/1/0995/6920/5581/files/wheel-design-049_626bd61f-948d-4869-9e22-a13ccf6e9d23.png,Juego de 4 llantas 21 pulgadas BMW – OYL260416168,"Archivo original del propietario, sin cambios: la URL de la auditoría inicial (data/auditoria-productos-publicacion-inicial.csv) coincide con la asignada hoy en Shopify; el nombre del archivo (wheel-design-049) coincide con la familia.",Correcta,El proveedor facilita una sola imagen por diseño; la de SJW-049 corresponde al acabado MB.
OYL260416169,SJW-049,sjw-049-21x9-0-5x120-et24-mb,MB,049.png,95aad111,https://cdn.shopify.com/s/files/1/0995/6920/5581/files/wheel-design-049_aa75d792-3c06-4802-8295-d48e6922ca64.png,"Juego de llantas 21X9.0 BMW, referencia OYL260416169","Archivo original del propietario, sin cambios: la URL de la auditoría inicial (data/auditoria-productos-publicacion-inicial.csv) coincide con la asignada hoy en Shopify; el nombre del archivo (wheel-design-049) coincide con la familia.",Correcta,El proveedor facilita una sola imagen por diseño; la de SJW-049 corresponde al acabado MB.
OYL260416170,SJW-049,sjw-049-21x10-5-5x120-et44-mb,MB,049.png,95aad111,https://cdn.shopify.com/s/files/1/0995/6920/5581/files/wheel-design-049_d1e994a7-d74d-4b5c-8f21-2e50acd8147c.png,"Juego de llantas 21X10.5 BMW, referencia OYL260416170","Archivo original del propietario, sin cambios: la URL de la auditoría inicial (data/auditoria-productos-publicacion-inicial.csv) coincide con la asignada hoy en Shopify; el nombre del archivo (wheel-design-049) coincide con la familia.",Correcta,El proveedor facilita una sola imagen por diseño; la de SJW-049 corresponde al acabado MB.
OYL260416201,SJW-059,sjw-059-19x8-0-5x112-et30-b,B,059.png,fc32acc6,https://cdn.shopify.com/s/files/1/0995/6920/5581/files/wheel-design-059_44eb7d5a-b4c0-48f4-815b-f7b007b496d3.png,"Juego de llantas 19X8.0 BMW, referencia OYL260416201","Archivo original del propietario, sin cambios: la URL de la auditoría inicial (data/auditoria-productos-publicacion-inicial.csv) coincide con la asignada hoy en Shopify; el nombre del archivo (wheel-design-059) coincide con la familia.","Correcta (render 3D, no fotografía)",El proveedor facilita una sola imagen por diseño; la de SJW-059 corresponde al acabado B.
OYL260416202,SJW-059,sjw-059-19x9-0-5x120-et35-b,B,059.png,fc32acc6,https://cdn.shopify.com/s/files/1/0995/6920/5581/files/wheel-design-059_8a668226-3815-4307-b4ce-739458f978dc.png,"Juego de llantas 19X9.0 BMW, referencia OYL260416202","Archivo original del propietario, sin cambios: la URL de la auditoría inicial (data/auditoria-productos-publicacion-inicial.csv) coincide con la asignada hoy en Shopify; el nombre del archivo (wheel-design-059) coincide con la familia.","Correcta (render 3D, no fotografía)",El proveedor facilita una sola imagen por diseño; la de SJW-059 corresponde al acabado B.
OYL260416203,SJW-059,sjw-059-20x8-5-5x112-et30-b,B,059.png,fc32acc6,https://cdn.shopify.com/s/files/1/0995/6920/5581/files/wheel-design-059_68f9a27e-5f92-4ec3-ba6f-32aff63b6ed1.png,"Juego de llantas 20X8.5 BMW, referencia OYL260416203","Archivo original del propietario, sin cambios: la URL de la auditoría inicial (data/auditoria-productos-publicacion-inicial.csv) coincide con la asignada hoy en Shopify; el nombre del archivo (wheel-design-059) coincide con la familia.","Correcta (render 3D, no fotografía)",El proveedor facilita una sola imagen por diseño; la de SJW-059 corresponde al acabado B.
OYL260416204,SJW-059,sjw-059-20x9-5-5x112-et35-b,B,059.png,fc32acc6,https://cdn.shopify.com/s/files/1/0995/6920/5581/files/wheel-design-059_c78cd375-a57f-4af2-a0a0-e321c8ec1c91.png,"Juego de llantas 20X9.5 BMW, referencia OYL260416204","Archivo original del propietario, sin cambios: la URL de la auditoría inicial (data/auditoria-productos-publicacion-inicial.csv) coincide con la asignada hoy en Shopify; el nombre del archivo (wheel-design-059) coincide con la familia.","Correcta (render 3D, no fotografía)",El proveedor facilita una sola imagen por diseño; la de SJW-059 corresponde al acabado B.
OYL260416205,SJW-059,sjw-059-20x8-5-5x112-et30-mb,MB,059.png,fc32acc6,https://cdn.shopify.com/s/files/1/0995/6920/5581/files/wheel-design-059_1b1b892e-b09b-4341-85f8-cd1275dee947.png,"Juego de llantas 20X8.5 BMW, referencia OYL260416205","Archivo original del propietario, sin cambios: la URL de la auditoría inicial (data/auditoria-productos-publicacion-inicial.csv) coincide con la asignada hoy en Shopify; el nombre del archivo (wheel-design-059) coincide con la familia.",Referencia de otro acabado (render 3D),El proveedor facilita una sola imagen por diseño; la de SJW-059 corresponde al acabado B.
OYL260416206,SJW-059,sjw-059-20x9-5-5x112-et35-mb,MB,059.png,fc32acc6,https://cdn.shopify.com/s/files/1/0995/6920/5581/files/wheel-design-059_741b3fa3-a1b2-49e9-b4e1-103b33976c21.png,Juego de 4 llantas 20 pulgadas BMW – OYL260416206,"Archivo original del propietario, sin cambios: la URL de la auditoría inicial (data/auditoria-productos-publicacion-inicial.csv) coincide con la asignada hoy en Shopify; el nombre del archivo (wheel-design-059) coincide con la familia.",Referencia de otro acabado (render 3D),El proveedor facilita una sola imagen por diseño; la de SJW-059 corresponde al acabado B.
OYL260416207,SJW-059,sjw-059-20x8-5-5x120-et30-b,B,059.png,fc32acc6,https://cdn.shopify.com/s/files/1/0995/6920/5581/files/wheel-design-059_3a821004-637b-4f4e-a653-cac3da3218f3.png,Juego de 4 llantas 20 pulgadas BMW – OYL260416207,"Archivo original del propietario, sin cambios: la URL de la auditoría inicial (data/auditoria-productos-publicacion-inicial.csv) coincide con la asignada hoy en Shopify; el nombre del archivo (wheel-design-059) coincide con la familia.","Correcta (render 3D, no fotografía)",El proveedor facilita una sola imagen por diseño; la de SJW-059 corresponde al acabado B.
OYL260416208,SJW-059,sjw-059-20x9-5-5x120-et35-b,B,059.png,fc32acc6,https://cdn.shopify.com/s/files/1/0995/6920/5581/files/wheel-design-059_0ec7c1fe-1dd5-48f7-a961-c07e990af93f.png,Juego de 4 llantas 20 pulgadas BMW – OYL260416208,"Archivo original del propietario, sin cambios: la URL de la auditoría inicial (data/auditoria-productos-publicacion-inicial.csv) coincide con la asignada hoy en Shopify; el nombre del archivo (wheel-design-059) coincide con la familia.","Correcta (render 3D, no fotografía)",El proveedor facilita una sola imagen por diseño; la de SJW-059 corresponde al acabado B.
OYL260416282,SJW-074,sjw-074-18x9-0-5x112-et35-mb,MB,074.png,854d01e2,https://cdn.shopify.com/s/files/1/0995/6920/5581/files/wheel-design-074_a3f9f847-72de-4284-bb5b-26cc39f8a869.png,"Juego de llantas 18X9.0 BMW, referencia OYL260416282","Archivo original del propietario, sin cambios: la URL de la auditoría inicial (data/auditoria-productos-publicacion-inicial.csv) coincide con la asignada hoy en Shopify; el nombre del archivo (wheel-design-074) coincide con la familia.","Correcta (render 3D, no fotografía)",El proveedor facilita una sola imagen por diseño; la de SJW-074 corresponde al acabado MB.
OYL260416283,SJW-074,sjw-074-18x9-0-5x120-et35-b,B,074.png,854d01e2,https://cdn.shopify.com/s/files/1/0995/6920/5581/files/wheel-design-074_09ec3487-74db-4680-aca9-d13d2795575f.png,"Juego de llantas 18X9.0 BMW, referencia OYL260416283","Archivo original del propietario, sin cambios: la URL de la auditoría inicial (data/auditoria-productos-publicacion-inicial.csv) coincide con la asignada hoy en Shopify; el nombre del archivo (wheel-design-074) coincide con la familia.",Referencia de otro acabado (render 3D),El proveedor facilita una sola imagen por diseño; la de SJW-074 corresponde al acabado MB.
OYL260416284,SJW-074,sjw-074-18x8-5-5x112-et30-mb,MB,074.png,854d01e2,https://cdn.shopify.com/s/files/1/0995/6920/5581/files/wheel-design-074_7274f44d-93be-4ce3-9c14-9d63b5ef19e4.png,Juego de 4 llantas 18 pulgadas BMW – OYL260416284,"Archivo original del propietario, sin cambios: la URL de la auditoría inicial (data/auditoria-productos-publicacion-inicial.csv) coincide con la asignada hoy en Shopify; el nombre del archivo (wheel-design-074) coincide con la familia.","Correcta (render 3D, no fotografía)",El proveedor facilita una sola imagen por diseño; la de SJW-074 corresponde al acabado MB.
OYL260416285,SJW-074,sjw-074-18x8-5-5x112-et30-b,B,074.png,854d01e2,https://cdn.shopify.com/s/files/1/0995/6920/5581/files/wheel-design-074_89b5b4c7-0934-40c1-9ace-373cfa8997f4.png,"Juego de llantas 18X8.5 BMW, referencia OYL260416285","Archivo original del propietario, sin cambios: la URL de la auditoría inicial (data/auditoria-productos-publicacion-inicial.csv) coincide con la asignada hoy en Shopify; el nombre del archivo (wheel-design-074) coincide con la familia.",Referencia de otro acabado (render 3D),El proveedor facilita una sola imagen por diseño; la de SJW-074 corresponde al acabado MB.
OYL260416286,SJW-074,sjw-074-19x9-5-5x112-et35-mb,MB,074.png,854d01e2,https://cdn.shopify.com/s/files/1/0995/6920/5581/files/wheel-design-074_d449e51c-e9ff-4da9-9d69-ae39f7abcdcb.png,"Juego de llantas 19X9.5 BMW, referencia OYL260416286","Archivo original del propietario, sin cambios: la URL de la auditoría inicial (data/auditoria-productos-publicacion-inicial.csv) coincide con la asignada hoy en Shopify; el nombre del archivo (wheel-design-074) coincide con la familia.","Correcta (render 3D, no fotografía)",El proveedor facilita una sola imagen por diseño; la de SJW-074 corresponde al acabado MB.
OYL260416287,SJW-074,sjw-074-19x8-5-5x120-et30-mb,MB,074.png,854d01e2,https://cdn.shopify.com/s/files/1/0995/6920/5581/files/wheel-design-074_05f4dec7-24aa-4844-b14b-30ea358d7475.png,"Juego de llantas 19X8.5 BMW, referencia OYL260416287","Archivo original del propietario, sin cambios: la URL de la auditoría inicial (data/auditoria-productos-publicacion-inicial.csv) coincide con la asignada hoy en Shopify; el nombre del archivo (wheel-design-074) coincide con la familia.","Correcta (render 3D, no fotografía)",El proveedor facilita una sola imagen por diseño; la de SJW-074 corresponde al acabado MB.
OYL260416288,SJW-074,sjw-074-19x9-5-5x120-et35-mb,MB,074.png,854d01e2,https://cdn.shopify.com/s/files/1/0995/6920/5581/files/wheel-design-074_8ffc30e9-86cb-4be9-91ed-7f39475c7029.png,"Juego de llantas 19X9.5 BMW, referencia OYL260416288","Archivo original del propietario, sin cambios: la URL de la auditoría inicial (data/auditoria-productos-publicacion-inicial.csv) coincide con la asignada hoy en Shopify; el nombre del archivo (wheel-design-074) coincide con la familia.","Correcta (render 3D, no fotografía)",El proveedor facilita una sola imagen por diseño; la de SJW-074 corresponde al acabado MB.
OYL260416289,SJW-074,sjw-074-19x9-5-5x120-et35-b,B,074.png,854d01e2,https://cdn.shopify.com/s/files/1/0995/6920/5581/files/wheel-design-074_742a9421-9264-4903-8470-3a163b352a4b.png,"Juego de llantas 19X9.5 BMW, referencia OYL260416289","Archivo original del propietario, sin cambios: la URL de la auditoría inicial (data/auditoria-productos-publicacion-inicial.csv) coincide con la asignada hoy en Shopify; el nombre del archivo (wheel-design-074) coincide con la familia.",Referencia de otro acabado (render 3D),El proveedor facilita una sola imagen por diseño; la de SJW-074 corresponde al acabado MB.
OYL260416290,SJW-074,sjw-074-20x8-5-5x112-et25-b,B,074.png,854d01e2,https://cdn.shopify.com/s/files/1/0995/6920/5581/files/wheel-design-074_49652d20-0db4-44ea-99b5-08980fcafe8f.png,Juego de 4 llantas 20 pulgadas BMW – OYL260416290,"Archivo original del propietario, sin cambios: la URL de la auditoría inicial (data/auditoria-productos-publicacion-inicial.csv) coincide con la asignada hoy en Shopify; el nombre del archivo (wheel-design-074) coincide con la familia.",Referencia de otro acabado (render 3D),El proveedor facilita una sola imagen por diseño; la de SJW-074 corresponde al acabado MB.
OYL260416291,SJW-074,sjw-074-20x9-5-5x112-et35-b,B,074.png,854d01e2,https://cdn.shopify.com/s/files/1/0995/6920/5581/files/wheel-design-074_e4f3dd5e-1311-406b-aec8-08fe6bf9eaf8.png,"Juego de llantas 20X9.5 BMW, referencia OYL260416291","Archivo original del propietario, sin cambios: la URL de la auditoría inicial (data/auditoria-productos-publicacion-inicial.csv) coincide con la asignada hoy en Shopify; el nombre del archivo (wheel-design-074) coincide con la familia.",Referencia de otro acabado (render 3D),El proveedor facilita una sola imagen por diseño; la de SJW-074 corresponde al acabado MB.
OYL260416292,SJW-074,sjw-074-20x8-5-5x120-et30-b,B,074.png,854d01e2,https://cdn.shopify.com/s/files/1/0995/6920/5581/files/wheel-design-074_e6ef3fd8-918e-4b5e-9f95-6c6be0785d61.png,"Juego de llantas 20X8.5 BMW, referencia OYL260416292","Archivo original del propietario, sin cambios: la URL de la auditoría inicial (data/auditoria-productos-publicacion-inicial.csv) coincide con la asignada hoy en Shopify; el nombre del archivo (wheel-design-074) coincide con la familia.",Referencia de otro acabado (render 3D),El proveedor facilita una sola imagen por diseño; la de SJW-074 corresponde al acabado MB.
OYL260416293,SJW-074,sjw-074-20x9-5-5x120-et35-b,B,074.png,854d01e2,https://cdn.shopify.com/s/files/1/0995/6920/5581/files/wheel-design-074_0d204286-a9a5-4245-b294-410c4f12e880.png,"Juego de llantas 20X9.5 BMW, referencia OYL260416293","Archivo original del propietario, sin cambios: la URL de la auditoría inicial (data/auditoria-productos-publicacion-inicial.csv) coincide con la asignada hoy en Shopify; el nombre del archivo (wheel-design-074) coincide con la familia.",Referencia de otro acabado (render 3D),El proveedor facilita una sola imagen por diseño; la de SJW-074 corresponde al acabado MB.
OYL260416426,SJW-124,sjw-124-19x8-5-5x112-et36-mg,MG,124.png,73ff3b57,https://cdn.shopify.com/s/files/1/0995/6920/5581/files/wheel-design-124_6e35c3dd-74de-45a0-8e76-7e63def56736.png,Juego de 4 llantas 19 pulgadas Mercedes-Benz – OYL260416426,"Archivo original del propietario, sin cambios: la URL de la auditoría inicial (data/auditoria-productos-publicacion-inicial.csv) coincide con la asignada hoy en Shopify; el nombre del archivo (wheel-design-124) coincide con la familia.","Correcta (render 3D, no fotografía)",El proveedor facilita una sola imagen por diseño; la de SJW-124 corresponde al acabado MG.
OYL260416427,SJW-124,sjw-124-19x9-5-5x112-et43-mg,MG,124.png,73ff3b57,https://cdn.shopify.com/s/files/1/0995/6920/5581/files/wheel-design-124_0a7e9816-c19a-4a34-a1e4-554383cedc0b.png,"Juego de llantas 19X9.5 Mercedes-Benz, referencia OYL260416427","Archivo original del propietario, sin cambios: la URL de la auditoría inicial (data/auditoria-productos-publicacion-inicial.csv) coincide con la asignada hoy en Shopify; el nombre del archivo (wheel-design-124) coincide con la familia.","Correcta (render 3D, no fotografía)",El proveedor facilita una sola imagen por diseño; la de SJW-124 corresponde al acabado MG.
OYL260416428,SJW-124,sjw-124-20x8-5-5x112-et36-mg,MG,124.png,73ff3b57,https://cdn.shopify.com/s/files/1/0995/6920/5581/files/wheel-design-124_a9deacff-2e66-4c83-8823-ab7f1b0e2d2d.png,"Juego de llantas 20X8.5 Mercedes-Benz, referencia OYL260416428","Archivo original del propietario, sin cambios: la URL de la auditoría inicial (data/auditoria-productos-publicacion-inicial.csv) coincide con la asignada hoy en Shopify; el nombre del archivo (wheel-design-124) coincide con la familia.","Correcta (render 3D, no fotografía)",El proveedor facilita una sola imagen por diseño; la de SJW-124 corresponde al acabado MG.
OYL260416429,SJW-124,sjw-124-20x9-5-5x112-et43-mg,MG,124.png,73ff3b57,https://cdn.shopify.com/s/files/1/0995/6920/5581/files/wheel-design-124_7b74aef7-40fb-4d6f-a27a-b405bc4a8e49.png,"Juego de llantas 20X9.5 Mercedes-Benz, referencia OYL260416429","Archivo original del propietario, sin cambios: la URL de la auditoría inicial (data/auditoria-productos-publicacion-inicial.csv) coincide con la asignada hoy en Shopify; el nombre del archivo (wheel-design-124) coincide con la familia.","Correcta (render 3D, no fotografía)",El proveedor facilita una sola imagen por diseño; la de SJW-124 corresponde al acabado MG.
