familia,referencias_totales,referencias_publicables,skus_publicables,skus_excluidos,medidas,diametros,anclajes,acabados,img_ancho_min,img_alto_min,img_juicio,p_foto,p_tecnica,p_variedad,p_anclajes,p_coherencia,p_disponibilidad,puntuacion,problemas,notas_proveedor
wheel-design-074,12,12,OYL260416282|OYL260416283|OYL260416284|OYL260416285|OYL260416286|OYL260416287|OYL260416288|OYL260416289|OYL260416290|OYL260416291|OYL260416292|OYL260416293,ninguno,18x8.5|18x9.0|19x8.5|19x9.5|20x8.5|20x9.5,18|19|20,5x112|5x120,B|MB,728,678,"Apta en tarjeta y en galería, móvil y escritorio",35,20,20,10,10,0,95,"El proveedor escribe el mismo buje de dos formas (5x112: 66.5, 66.56 mm; 5x120: 72.56, 72.6 mm); confirmar el valor exacto antes del montaje // Sin disponibilidad documentada: inventario sin seguimiento, sin coste de proveedor",BMW 5系|BMW M/改
wheel-design-059,8,8,OYL260416201|OYL260416202|OYL260416203|OYL260416204|OYL260416205|OYL260416206|OYL260416207|OYL260416208,ninguno,19x8.0|19x9.0|20x8.5|20x9.5,19|20,5x112|5x120,B|MB,624,591,"Apta en tarjeta y en galería, móvil y escritorio",35,20,16,10,10,0,91,"El proveedor escribe el mismo buje de dos formas (5x120: 72.5, 72.56 mm); confirmar el valor exacto antes del montaje // Sin disponibilidad documentada: inventario sin seguimiento, sin coste de proveedor",BMW 3/5系|BMW M4/改
wheel-design-048,7,7,OYL260416157|OYL260416158|OYL260416159|OYL260416160|OYL260416161|OYL260416162|OYL260416163,ninguno,19x8.5|19x9.5|20x8.5|20x9.5,19|20,5x112|5x120,MB,897,906,"Apta en tarjeta y en galería, móvil y escritorio",35,20,16,10,10,0,91,"Sin disponibilidad documentada: inventario sin seguimiento, sin coste de proveedor",BMW 5系7系
wheel-design-049,7,7,OYL260416164|OYL260416165|OYL260416166|OYL260416167|OYL260416168|OYL260416169|OYL260416170,ninguno,20x8.5|20x9.5|21x10.5|21x9.0,20|21,5x112|5x120,MB,915,873,"Apta en tarjeta y en galería, móvil y escritorio",35,20,16,10,10,0,91,"Sin disponibilidad documentada: inventario sin seguimiento, sin coste de proveedor",BMW 7系
wheel-design-041,13,13,OYL260416113|OYL260416114|OYL260416115|OYL260416116|OYL260416117|OYL260416118|OYL260416119|OYL260416120|OYL260416121|OYL260416122|OYL260416123|OYL260416124|OYL260416125,ninguno,18x8.0|18x9.0|19x8.0|19x9.0|20x8.5|20x9.5,18|19|20,5x112,MB|MBI|MIB,893,890,"Apta en tarjeta y en galería, móvil y escritorio",35,20,20,5,10,0,90,"El proveedor escribe el mismo buje de dos formas (5x112: 66.5, 66.6 mm); confirmar el valor exacto antes del montaje // Sin disponibilidad documentada: inventario sin seguimiento, sin coste de proveedor",BENZ E级|Consultar
wheel-design-040,9,9,OYL260416104|OYL260416105|OYL260416106|OYL260416107|OYL260416108|OYL260416109|OYL260416110|OYL260416111|OYL260416112,ninguno,18x8.0|18x9.0|19x9.5|20x8.5|20x9.5,18|19|20,5x112,MB|MG,916,873,"Apta en tarjeta y en galería, móvil y escritorio",35,20,20,5,10,0,90,"Sin disponibilidad documentada: inventario sin seguimiento, sin coste de proveedor",BENZ S级新
wheel-design-044,11,9,OYL260416135|OYL260416136|OYL260416137|OYL260416138|OYL260416141|OYL260416142|OYL260416143|OYL260416144|OYL260416145,OYL260416139|OYL260416140,19x8.5|19x9.5|20x8.5|20x9.5|21x10.0|21x11.0|22x11.5|22x9.5,19|20|21|22,5x112,MB|MG,882,868,"Apta en tarjeta y en galería, móvil y escritorio",35,20,20,5,10,0,90,"Excluidas de la publicación: OYL260416139 (duplicado), OYL260416140 (duplicado) // Sin disponibilidad documentada: inventario sin seguimiento, sin coste de proveedor",BENZ GLS/GLE
wheel-design-043,8,8,OYL260416127|OYL260416128|OYL260416129|OYL260416130|OYL260416131|OYL260416132|OYL260416133|OYL260416134,ninguno,18x8.0|18x9.0|19x8.5|19x9.5|20x8.5|20x9.5|21x10.0|21x9.0,18|19|20|21,5x112,MB,908,888,"Apta en tarjeta y en galería, móvil y escritorio",35,20,20,5,10,0,90,"Sin disponibilidad documentada: inventario sin seguimiento, sin coste de proveedor",BENZ S级贴AMG标
wheel-design-038,8,6,OYL260416094|OYL260416096|OYL260416097|OYL260416099|OYL260416100|OYL260416101,OYL260416095|OYL260416098,17x7.5|18x8.0|19x8.5|20x9.0|21x9.0,17|18|19|20|21,5x112,MB+L|YBZ,927,899,"Apta en tarjeta y en galería, móvil y escritorio",35,20,20,5,10,0,90,"El proveedor escribe el mismo buje de dos formas (5x112: 66.45, 66.5 mm); confirmar el valor exacto antes del montaje // Excluidas de la publicación: OYL260416095 (ficha incompleta), OYL260416098 (ficha incompleta) // Sin disponibilidad documentada: inventario sin seguimiento, sin coste de proveedor",AUDIA6/A8|Consultar
wheel-design-107,4,4,OYL260416383|OYL260416384|OYL260416385|OYL260416386,ninguno,19x8.5|19x9.5|20x8.5|20x9.5,19|20,5x112,MIYB,619,593,"Apta en tarjeta y en galería, móvil y escritorio",35,20,16,5,10,0,86,"Sin disponibilidad documentada: inventario sin seguimiento, sin coste de proveedor",BENZ AMG C63
wheel-design-124,4,4,OYL260416426|OYL260416427|OYL260416428|OYL260416429,ninguno,19x8.5|19x9.5|20x8.5|20x9.5,19|20,5x112,MG,634,596,"Apta en tarjeta y en galería, móvil y escritorio",35,20,16,5,10,0,86,"Sin disponibilidad documentada: inventario sin seguimiento, sin coste de proveedor",BENZ E/S级/改
wheel-design-050,3,3,OYL260416171|OYL260416172|OYL260416173,ninguno,19x8.0|19x9.0,19,5x112|5x120,B|MB,892,930,"Apta en tarjeta y en galería, móvil y escritorio",35,20,8,10,10,0,83,"Sin disponibilidad documentada: inventario sin seguimiento, sin coste de proveedor",BMW 3/5系
wheel-design-103,3,3,OYL260416369|OYL260416370|OYL260416371,ninguno,20x9.0|21x9.0|22x10.0,20|21|22,5x112,MB,630,600,"Apta en tarjeta y en galería, móvil y escritorio",35,20,12,5,10,0,82,"El proveedor escribe el mismo buje de dos formas (5x112: 66.45, 66.5 mm); confirmar el valor exacto antes del montaje // Sin disponibilidad documentada: inventario sin seguimiento, sin coste de proveedor",AUDIS5|AUDISQ5/SQ7-2025/改
wheel-design-047,2,2,OYL260416155|OYL260416156,ninguno,20x10.5,20,5x112|5x120,MB,929,916,"Apta en tarjeta y en galería, móvil y escritorio",35,20,4,10,10,0,79,"Sin disponibilidad documentada: inventario sin seguimiento, sin coste de proveedor",BMW X5X6
wheel-design-039,2,2,OYL260416102|OYL260416103,ninguno,20x9.0|23x10.0,20|23,5x112,B|MB,890,899,"Apta en tarjeta y en galería, móvil y escritorio",35,20,8,5,10,0,78,"El proveedor escribe el mismo buje de dos formas (5x112: 66.45, 66.5 mm); confirmar el valor exacto antes del montaje // Sin disponibilidad documentada: inventario sin seguimiento, sin coste de proveedor",AUDIQ8
wheel-design-111,2,2,OYL260416394|OYL260416395,ninguno,20x8.5|20x9.5,20,5x112,MIYB,663,628,"Apta en tarjeta y en galería, móvil y escritorio",35,20,8,5,10,0,78,"Sin disponibilidad documentada: inventario sin seguimiento, sin coste de proveedor",BENZ E/S/改
wheel-design-121,2,2,OYL260416421|OYL260416422,ninguno,19x8.0|19x8.5,19,5x112,MB,718,672,"Apta en tarjeta y en galería, móvil y escritorio",35,20,8,5,10,0,78,"Sin disponibilidad documentada: inventario sin seguimiento, sin coste de proveedor",BMW 3系-2025
wheel-design-122,2,2,OYL260416423|OYL260416424,ninguno,19x8.0|19x8.5,19,5x112,MB,725,671,"Apta en tarjeta y en galería, móvil y escritorio",35,20,8,5,10,0,78,"Sin disponibilidad documentada: inventario sin seguimiento, sin coste de proveedor",BMW 3系-2025
wheel-design-125,2,2,OYL260416430|OYL260416431,ninguno,20x10.0|20x8.5,20,5x112,MB,921,841,"Apta en tarjeta y en galería, móvil y escritorio",35,20,8,5,10,0,78,"Sin disponibilidad documentada: inventario sin seguimiento, sin coste de proveedor",BMW 530Li-2025(尊享型M运动)BMW 520d-2024欧版
wheel-design-126,2,2,OYL260416432|OYL260416433,ninguno,21x11.0|22x11.5,21|22,5x112,MG,641,595,"Apta en tarjeta y en galería, móvil y escritorio",35,20,8,5,10,0,78,"Sin disponibilidad documentada: inventario sin seguimiento, sin coste de proveedor",BENZ GLS/GLE 450豪华版-2025
wheel-design-130,2,2,OYL260416438|OYL260416439,ninguno,20x10.0|20x8.5,20,5x112,MB,888,849,"Apta en tarjeta y en galería, móvil y escritorio",35,20,8,5,10,0,78,"Sin disponibilidad documentada: inventario sin seguimiento, sin coste de proveedor",BMW 540i-2025(加拿大版)/改
wheel-design-011,1,1,OYL260416011,ninguno,18x8.0,18,5x112,MYB,675,681,"Apta en tarjeta y en galería, móvil y escritorio",35,20,4,5,10,0,74,"Sin disponibilidad documentada: inventario sin seguimiento, sin coste de proveedor",BENZ C级 威霆
wheel-design-042,1,1,OYL260416126,ninguno,19x8.0,19,5x112,MB,910,902,"Apta en tarjeta y en galería, móvil y escritorio",35,20,4,5,10,0,74,"Sin disponibilidad documentada: inventario sin seguimiento, sin coste de proveedor",BENZ GLC
wheel-design-102,2,1,OYL260416368,OYL260416367,21x9.0,21,5x112,B,620,591,"Apta en tarjeta y en galería, móvil y escritorio",35,20,4,5,10,0,74,"Excluidas de la publicación: OYL260416367 (ficha incompleta) // Sin disponibilidad documentada: inventario sin seguimiento, sin coste de proveedor",AUDIA6 Avant 海外版-2025/改）
wheel-design-105,1,1,OYL260416379,ninguno,20x9.0,20,5x112,MB,628,592,"Apta en tarjeta y en galería, móvil y escritorio",35,20,4,5,10,0,74,"Sin disponibilidad documentada: inventario sin seguimiento, sin coste de proveedor",AUDIS3-2021-22海外版/改）
wheel-design-112,1,1,OYL260416396,ninguno,19x8.5,19,5x112,MB,673,630,"Apta en tarjeta y en galería, móvil y escritorio",35,20,4,5,10,0,74,"Sin disponibilidad documentada: inventario sin seguimiento, sin coste de proveedor",AUDIRS3 Sportback-2025/改
wheel-design-120,1,1,OYL260416420,ninguno,20x10.0,20,5x112,MB,666,615,"Apta en tarjeta y en galería, móvil y escritorio",35,20,4,5,10,0,74,"Sin disponibilidad documentada: inventario sin seguimiento, sin coste de proveedor",BMW i5 M60-2024
wheel-design-123,1,1,OYL260416425,ninguno,22x11.5,22,5x112,MB,578,555,"Apta en tarjeta y en galería, móvil y escritorio",35,20,4,5,10,0,74,"Sin disponibilidad documentada: inventario sin seguimiento, sin coste de proveedor",BENZ AMG GLE Coupe-2024/ 改
wheel-design-127,1,1,OYL260416434,ninguno,18x8.0,18,5x112,MB,625,592,"Apta en tarjeta y en galería, móvil y escritorio",35,20,4,5,10,0,74,"Sin disponibilidad documentada: inventario sin seguimiento, sin coste de proveedor",VW西雅特Seat Cupra/改
wheel-design-113,6,6,OYL260416397|OYL260416398|OYL260416399|OYL260416400|OYL260416401|OYL260416402,ninguno,20x8.5|20x9.5|22x10.0,20|22,5x112|5x130,MATT BLACK MACHINED|MB|MG,352,325,Apta en tarjeta y galería móvil; blanda en galería de escritorio,20,20,12,10,10,0,72,"Fotografía insuficiente para la galería de escritorio // Sin disponibilidad documentada: inventario sin seguimiento, sin coste de proveedor",BENZ AMG G63-2025/改
wheel-design-119,4,4,OYL260416416|OYL260416417|OYL260416418|OYL260416419,ninguno,21x10.0|21x11.0|22x10.0|22x11.5,21|22,5x112,MG,335,310,Apta en tarjeta y galería móvil; blanda en galería de escritorio,20,20,16,5,10,0,71,"Fotografía insuficiente para la galería de escritorio // Sin disponibilidad documentada: inventario sin seguimiento, sin coste de proveedor",BENZ AMG GLE53-2025/改
wheel-design-081,10,10,OYL260416315|OYL260416316|OYL260416317|OYL260416318|OYL260416319|OYL260416320|OYL260416321|OYL260416322|OYL260416323|OYL260416324,ninguno,18x8.0|18x9.0|19x8.5|19x9.5|20x8.5|20x9.5,18|19|20,5x112|5x120,B|MB,193,182,Solo apta en tarjeta de colección,8,20,20,10,10,0,68,"El proveedor escribe el mismo buje de dos formas (5x120: 72.56, 72.6 mm); confirmar el valor exacto antes del montaje // Fotografía insuficiente para la galería de escritorio // Sin disponibilidad documentada: inventario sin seguimiento, sin coste de proveedor",BMW 3/5系|BMW M/改
wheel-design-066,9,9,OYL260416235|OYL260416236|OYL260416237|OYL260416238|OYL260416239|OYL260416240|OYL260416241|OYL260416242|OYL260416243,ninguno,18x8.5|19x8.5|19x9.5|20x8.5|20x9.5,18|19|20,5x112|5x120,MB|MG,229,197,Solo apta en tarjeta de colección,8,20,20,10,10,0,68,"Fotografía insuficiente para la galería de escritorio // Sin disponibilidad documentada: inventario sin seguimiento, sin coste de proveedor",BMW 5系7系
wheel-design-089,3,3,OYL260416343|OYL260416344|OYL260416345,ninguno,19x9.5|20x8.5|20x9.5,19|20,5x112,MIYB,484,462,Apta en tarjeta y galería móvil; blanda en galería de escritorio,20,20,12,5,10,0,67,"Fotografía insuficiente para la galería de escritorio // Sin disponibilidad documentada: inventario sin seguimiento, sin coste de proveedor",BENZ E级/S级/改
wheel-design-110,3,3,OYL260416391|OYL260416392|OYL260416393,ninguno,19x8.5|19x9.5|20x8.5,19|20,5x112,MIYB,351,300,Apta en tarjeta y galería móvil; blanda en galería de escritorio,20,20,12,5,10,0,67,"Fotografía insuficiente para la galería de escritorio // Sin disponibilidad documentada: inventario sin seguimiento, sin coste de proveedor",BENZ AMG GT-2024/E350/改；
wheel-design-030,16,16,OYL260416065|OYL260416066|OYL260416067|OYL260416068|OYL260416069|OYL260416070|OYL260416071|OYL260416072|OYL260416073|OYL260416074|OYL260416075|OYL260416076|OYL260416077|OYL260416078|OYL260416079|OYL260416080,ninguno,19x8.5|19x9.5|20x10.5|20x9.0|22x10.5|22x9.5,19|20|22,5x112|5x120,B|MB|MB+B,204,188,Solo apta en tarjeta de colección,8,20,20,10,5,0,63,"Buje contradictorio en el mismo anclaje: 5x120: 72.6, 74.1 mm // El proveedor escribe el mismo buje de dos formas (5x112: 66.5, 66.56 mm); confirmar el valor exacto antes del montaje // Fotografía insuficiente para la galería de escritorio // Sin disponibilidad documentada: inventario sin seguimiento, sin coste de proveedor",BMW|BMW X5M/X6M
wheel-design-072,16,16,OYL260416260|OYL260416261|OYL260416262|OYL260416263|OYL260416264|OYL260416265|OYL260416266|OYL260416267|OYL260416268|OYL260416269|OYL260416270|OYL260416271|OYL260416272|OYL260416273|OYL260416274|OYL260416275,ninguno,19x8.5|20x9.0|21x9.0|22x10.0|23x10.0,19|20|21|22|23,5x112,B|B+P|MATTE BLACK|MB|MB+X,203,187,Solo apta en tarjeta de colección,8,20,20,5,10,0,63,"El proveedor escribe el mismo buje de dos formas (5x112: 66.45, 66.5 mm); confirmar el valor exacto antes del montaje // Fotografía insuficiente para la galería de escritorio // Sin disponibilidad documentada: inventario sin seguimiento, sin coste de proveedor",AUDIA7|AUDIRS6/RS7-2024
wheel-design-019,8,8,OYL260416026|OYL260416027|OYL260416028|OYL260416029|OYL260416030|OYL260416031|OYL260416032|OYL260416033,ninguno,19x8.5|19x9.5|20x8.5|20x9.5|21x10.0|21x11.0|22x11.5,19|20|21|22,5x112,MB|MIYB,199,204,Solo apta en tarjeta de colección,8,20,20,5,10,0,63,"El proveedor escribe el mismo buje de dos formas (5x112: 66.5, 66.56 mm); confirmar el valor exacto antes del montaje // Fotografía insuficiente para la galería de escritorio // Sin disponibilidad documentada: inventario sin seguimiento, sin coste de proveedor",BENZ|BENZ GLS/GLE
wheel-design-062,7,7,OYL260416215|OYL260416216|OYL260416217|OYL260416218|OYL260416219|OYL260416220|OYL260416221,ninguno,18x8.0|18x9.0|19x8.5|19x9.5|20x8.5|20x9.5|21x10.0,18|19|20|21,5x112,MB,208,200,Solo apta en tarjeta de colección,8,20,20,5,10,0,63,"Fotografía insuficiente para la galería de escritorio // Sin disponibilidad documentada: inventario sin seguimiento, sin coste de proveedor",BENZ S级老 迈巴赫|BENZ S级老 迈巴赫(球）
wheel-design-099,6,6,OYL260416357|OYL260416358|OYL260416359|OYL260416360|OYL260416361|OYL260416362,ninguno,17x7.5|18x8.0|19x8.5|19x9.5|20x8.5,17|18|19|20,5x112,MIYB,190,179,Solo apta en tarjeta de colección,8,20,20,5,10,0,63,"El proveedor escribe el mismo buje de dos formas (5x112: 66.45, 66.5 mm); confirmar el valor exacto antes del montaje // Fotografía insuficiente para la galería de escritorio // Sin disponibilidad documentada: inventario sin seguimiento, sin coste de proveedor",BENZ AMG C63S/改|Consultar
wheel-design-117,4,4,OYL260416408|OYL260416409|OYL260416410|OYL260416411,ninguno,20x10.0|20x8.5,20,5x112,MB|MG,343,315,Apta en tarjeta y galería móvil; blanda en galería de escritorio,20,20,8,5,10,0,63,"Fotografía insuficiente para la galería de escritorio // Sin disponibilidad documentada: inventario sin seguimiento, sin coste de proveedor",BMW 530Li-2025(尊享型M运动)
wheel-design-118,4,4,OYL260416412|OYL260416413|OYL260416414|OYL260416415,ninguno,21x10.5|21x9.0,21,5x112,GMF+CHROMEINSERT|MB,347,303,Apta en tarjeta y galería móvil; blanda en galería de escritorio,20,20,8,5,10,0,63,"Fotografía insuficiente para la galería de escritorio // Sin disponibilidad documentada: inventario sin seguimiento, sin coste de proveedor",BMW 740Li-2023(领先/尊享豪华版)
wheel-design-114,2,2,OYL260416403|OYL260416404,ninguno,20x10.5|20x9.0,20,5x112,MB,327,304,Apta en tarjeta y galería móvil; blanda en galería de escritorio,20,20,8,5,10,0,63,"Fotografía insuficiente para la galería de escritorio // Sin disponibilidad documentada: inventario sin seguimiento, sin coste de proveedor",BMW X3-2025/改
wheel-design-116,2,2,OYL260416406|OYL260416407,ninguno,20x8.0|20x9.5,20,5x112,MB,331,317,Apta en tarjeta y galería móvil; blanda en galería de escritorio,20,20,8,5,10,0,63,"Fotografía insuficiente para la galería de escritorio // Sin disponibilidad documentada: inventario sin seguimiento, sin coste de proveedor",BMW X4 M40i-2022/改
wheel-design-129,2,2,OYL260416436|OYL260416437,ninguno,18x8.0|19x8.0,18|19,5x112,MB,513,476,Apta en tarjeta y galería móvil; blanda en galería de escritorio,20,20,8,5,10,0,63,"Fotografía insuficiente para la galería de escritorio // Sin disponibilidad documentada: inventario sin seguimiento, sin coste de proveedor",VW / 改
wheel-design-015,6,6,OYL260416016|OYL260416017|OYL260416018|OYL260416019|OYL260416020|OYL260416021,ninguno,17x7.5|18x8.0|19x8.5|20x9.0|21x9.0,17|18|19|20|21,5x112|5x114.3,MB,156,158,No apta a ningún tamaño real de la tienda,0,20,20,10,10,0,60,"Fotografía insuficiente para la galería de escritorio // Sin disponibilidad documentada: inventario sin seguimiento, sin coste de proveedor",AUDI|AUDIA4/改装车型|AUDIA8/Q7|改装
wheel-design-054,4,4,OYL260416184|OYL260416185|OYL260416186|OYL260416187,ninguno,19x9.5|20x8.5|20x9.5,19|20,5x112|5x120,MB,199,189,Solo apta en tarjeta de colección,8,20,12,10,10,0,60,"Fotografía insuficiente para la galería de escritorio // Sin disponibilidad documentada: inventario sin seguimiento, sin coste de proveedor",BMW M5-2021/改装|BMW 改装
wheel-design-061,4,4,OYL260416211|OYL260416212|OYL260416213|OYL260416214,ninguno,21x10.5|22x10.5|22x9.5,21|22,5x112|5x120,MB,199,151,Solo apta en tarjeta de colección,8,20,12,10,10,0,60,"Fotografía insuficiente para la galería de escritorio // Sin disponibilidad documentada: inventario sin seguimiento, sin coste de proveedor",BMW X5/X7|BMW X7
wheel-design-077,4,4,OYL260416302|OYL260416303|OYL260416304|OYL260416305,ninguno,18x9.0|19x8.5|19x9.5,18|19,5x112|5x120,MB,217,205,Solo apta en tarjeta de colección,8,20,12,10,10,0,60,"Fotografía insuficiente para la galería de escritorio // Sin disponibilidad documentada: inventario sin seguimiento, sin coste de proveedor",BMW
wheel-design-045,5,5,OYL260416146|OYL260416147|OYL260416148|OYL260416149|OYL260416150,ninguno,19x8.5|19x9.5|20x8.5|20x9.5,19|20,5x112,CB|P,190,179,Solo apta en tarjeta de colección,8,20,16,5,10,0,59,"Fotografía insuficiente para la galería de escritorio // Sin disponibilidad documentada: inventario sin seguimiento, sin coste de proveedor",BENZ S级老 迈巴赫威霆
wheel-design-053,4,4,OYL260416180|OYL260416181|OYL260416182|OYL260416183,ninguno,19x8.5|19x9.5|20x8.5|20x9.5,19|20,5x112,MB,225,213,Solo apta en tarjeta de colección,8,20,16,5,10,0,59,"Fotografía insuficiente para la galería de escritorio // Sin disponibilidad documentada: inventario sin seguimiento, sin coste de proveedor",BENZ C43 AMG
wheel-design-057,4,4,OYL260416194|OYL260416195|OYL260416196|OYL260416197,ninguno,19x8.5|20x8.5|21x10.0|21x9.0,19|20|21,5x112,B,230,215,Solo apta en tarjeta de colección,8,20,16,5,10,0,59,"Fotografía insuficiente para la galería de escritorio // Sin disponibilidad documentada: inventario sin seguimiento, sin coste de proveedor",BENZ 迈巴赫改装
wheel-design-069,4,4,OYL260416249|OYL260416250|OYL260416251|OYL260416252,ninguno,19x8.5|19x9.5|20x8.5|20x9.5,19|20,5x112,MB,236,183,Solo apta en tarjeta de colección,8,20,16,5,10,0,59,"Fotografía insuficiente para la galería de escritorio // Sin disponibilidad documentada: inventario sin seguimiento, sin coste de proveedor",BENZ E级
wheel-design-088,4,4,OYL260416339|OYL260416340|OYL260416341|OYL260416342,ninguno,19x8.5|19x9.5|20x8.5|20x9.5,19|20,5x112|5x120,B|MB,202,191,Solo apta en tarjeta de colección,8,20,16,10,5,0,59,"Buje contradictorio en el mismo anclaje: 5x112: 66.5, 72.6 mm // Fotografía insuficiente para la galería de escritorio // Sin disponibilidad documentada: inventario sin seguimiento, sin coste de proveedor",BMW M5新能源-2025/改
wheel-design-115,1,1,OYL260416405,ninguno,18x8.0,18,5x112,MB,341,318,Apta en tarjeta y galería móvil; blanda en galería de escritorio,20,20,4,5,10,0,59,"Fotografía insuficiente para la galería de escritorio // Sin disponibilidad documentada: inventario sin seguimiento, sin coste de proveedor",VW高尔夫GTI-2025/改
wheel-design-128,1,1,OYL260416435,ninguno,18x8.0,18,5x112,MB,508,503,Apta en tarjeta y galería móvil; blanda en galería de escritorio,20,20,4,5,10,0,59,"Fotografía insuficiente para la galería de escritorio // Sin disponibilidad documentada: inventario sin seguimiento, sin coste de proveedor",VW高尔夫GTI / 改
wheel-design-023,7,7,OYL260416042|OYL260416043|OYL260416044|OYL260416045|OYL260416046|OYL260416047|OYL260416048,ninguno,20x10.0|20x11.0,20,5x112|5x120,MB|MG,190,190,Solo apta en tarjeta de colección,8,20,8,10,10,0,56,"El proveedor escribe el mismo buje de dos formas (5x112: 66.5, 66.6 mm); confirmar el valor exacto antes del montaje // Fotografía insuficiente para la galería de escritorio // Sin disponibilidad documentada: inventario sin seguimiento, sin coste de proveedor",BMW *5前轮|BMW *5后轮
wheel-design-065,7,7,OYL260416228|OYL260416229|OYL260416230|OYL260416231|OYL260416232|OYL260416233|OYL260416234,ninguno,20x10.5|20x9.0|22x10.5|22x9.5,20|22,5x112|5x120,MB,183,204,No apta a ningún tamaño real de la tienda,0,20,16,10,10,0,56,"Fotografía insuficiente para la galería de escritorio // Sin disponibilidad documentada: inventario sin seguimiento, sin coste de proveedor",BMW X5/X7
wheel-design-020,6,6,OYL260416034|OYL260416035|OYL260416036|OYL260416037|OYL260416038|OYL260416039,ninguno,19x8.5|19x9.5|20x9.5|22x10.0,19|20|22,5x112|5x130,MIYB|MIYB+R|MYB,174,165,No apta a ningún tamaño real de la tienda,0,20,16,10,10,0,56,"Fotografía insuficiente para la galería de escritorio // Sin disponibilidad documentada: inventario sin seguimiento, sin coste de proveedor",BENZ|BENZ G500/G63
wheel-design-070,5,5,OYL260416253|OYL260416254|OYL260416255|OYL260416256|OYL260416257,ninguno,17x8.0|18x8.0|18x8.5|18x9.0,17|18,5x112|5x120,B|MB,159,148,No apta a ningún tamaño real de la tienda,0,20,16,10,10,0,56,"El proveedor escribe el mismo buje de dos formas (5x112: 66.5, 66.56 mm); confirmar el valor exacto antes del montaje // Fotografía insuficiente para la galería de escritorio // Sin disponibilidad documentada: inventario sin seguimiento, sin coste de proveedor",BMW 3/5系|BMW M4 鸟巢
wheel-design-064,4,4,OYL260416224|OYL260416225|OYL260416226|OYL260416227,ninguno,19x8.0|19x9.0,19,5x112|5x120,SMH,241,211,Solo apta en tarjeta de colección,8,20,8,10,10,0,56,"Fotografía insuficiente para la galería de escritorio // Sin disponibilidad documentada: inventario sin seguimiento, sin coste de proveedor",BMW 3/5系
wheel-design-052,2,2,OYL260416178|OYL260416179,ninguno,17x7.5|18x8.0,17|18,5x100|5x112,MB,197,181,Solo apta en tarjeta de colección,8,20,8,10,10,0,56,"Fotografía insuficiente para la galería de escritorio // Sin disponibilidad documentada: inventario sin seguimiento, sin coste de proveedor",VW全系
wheel-design-073,6,6,OYL260416276|OYL260416277|OYL260416278|OYL260416279|OYL260416280|OYL260416281,ninguno,18x8.0|20x9.0|21x9.0,18|20|21,5x112,B|MB,198,183,Solo apta en tarjeta de colección,8,20,12,5,10,0,55,"Fotografía insuficiente para la galería de escritorio // Sin disponibilidad documentada: inventario sin seguimiento, sin coste de proveedor",AUDIA7
wheel-design-058,3,3,OYL260416198|OYL260416199|OYL260416200,ninguno,18x8.0|19x8.5|19x9.5,18|19,5x112,MB,222,172,Solo apta en tarjeta de colección,8,20,12,5,10,0,55,"Fotografía insuficiente para la galería de escritorio // Sin disponibilidad documentada: inventario sin seguimiento, sin coste de proveedor",BENZ E级
wheel-design-075,3,3,OYL260416294|OYL260416295|OYL260416296,ninguno,18x8.0|19x8.5|19x9.5,18|19,5x112,P,192,190,Solo apta en tarjeta de colección,8,20,12,5,10,0,55,"Fotografía insuficiente para la galería de escritorio // Sin disponibilidad documentada: inventario sin seguimiento, sin coste de proveedor",BENZ 迈巴赫
wheel-design-078,3,3,OYL260416306|OYL260416307|OYL260416308,ninguno,18x8.0|19x8.5|19x9.5,18|19,5x112,MB,202,189,Solo apta en tarjeta de colección,8,20,12,5,10,0,55,"Fotografía insuficiente para la galería de escritorio // Sin disponibilidad documentada: inventario sin seguimiento, sin coste de proveedor",BENZ AMG CLS欧版/改装
wheel-design-083,3,3,OYL260416329|OYL260416330|OYL260416331,ninguno,17x7.5|19x8.0|20x8.5,17|19|20,5x112,MB,190,181,Solo apta en tarjeta de colección,8,20,12,5,10,0,55,"Fotografía insuficiente para la galería de escritorio // Sin disponibilidad documentada: inventario sin seguimiento, sin coste de proveedor",VWCC海外版19寸改18/改
wheel-design-108,3,3,OYL260416387|OYL260416388|OYL260416389,ninguno,19x8.5|20x8.5|20x9.5,19|20,5x112,MIYB,204,193,Solo apta en tarjeta de colección,8,20,12,5,10,0,55,"Fotografía insuficiente para la galería de escritorio // Sin disponibilidad documentada: inventario sin seguimiento, sin coste de proveedor",BENZ AMG CLE53-2024-25/改
wheel-design-076,5,5,OYL260416297|OYL260416298|OYL260416299|OYL260416300|OYL260416301,ninguno,18x8.5|19x8.5|19x9.5,18|19,5x112|5x120,MB,185,184,No apta a ningún tamaño real de la tienda,0,20,12,10,10,0,52,"Fotografía insuficiente para la galería de escritorio // Sin disponibilidad documentada: inventario sin seguimiento, sin coste de proveedor",BMW 5系
wheel-design-067,3,2,OYL260416244|OYL260416245,OYL260416246,18x8.0,18,5x112|5x114.3,MB,198,144,Solo apta en tarjeta de colección,8,20,4,10,10,0,52,"Excluidas de la publicación: OYL260416246 (duplicado) // Fotografía insuficiente para la galería de escritorio // Sin disponibilidad documentada: inventario sin seguimiento, sin coste de proveedor",BENZ C级
wheel-design-029,6,6,OYL260416059|OYL260416060|OYL260416061|OYL260416062|OYL260416063|OYL260416064,ninguno,17x7.5|18x8.0|19x8.5|20x9.0,17|18|19|20,5x112,MB|MG,176,167,No apta a ningún tamaño real de la tienda,0,20,16,5,10,0,51,"Fotografía insuficiente para la galería de escritorio // Sin disponibilidad documentada: inventario sin seguimiento, sin coste de proveedor",AUDIA4/A6|AUDIA6/A8|AUDIA6A8
wheel-design-036,4,4,OYL260416089|OYL260416090|OYL260416091|OYL260416092,ninguno,19x8.5|20x9.0,19|20,5x112,MB|MG,190,167,Solo apta en tarjeta de colección,8,20,8,5,10,0,51,"Fotografía insuficiente para la galería de escritorio // Sin disponibilidad documentada: inventario sin seguimiento, sin coste de proveedor",AUDIA6/A8
wheel-design-046,4,4,OYL260416151|OYL260416152|OYL260416153|OYL260416154,ninguno,19x8.5|19x9.5|20x8.5|20x9.5,19|20,5x112,MB,186,176,No apta a ningún tamaño real de la tienda,0,20,16,5,10,0,51,"Fotografía insuficiente para la galería de escritorio // Sin disponibilidad documentada: inventario sin seguimiento, sin coste de proveedor",BENZ S级老 迈巴赫 威霆
wheel-design-051,4,4,OYL260416174|OYL260416175|OYL260416176|OYL260416177,ninguno,18x8.0|19x8.0,18|19,5x112,B|S,190,165,Solo apta en tarjeta de colección,8,20,8,5,10,0,51,"Fotografía insuficiente para la galería de escritorio // Sin disponibilidad documentada: inventario sin seguimiento, sin coste de proveedor",(VWMagotan-2024/2025/改）|VW全系
wheel-design-055,4,4,OYL260416188|OYL260416189|OYL260416190|OYL260416191,ninguno,17x7.5|18x8.0|19x8.5|21x9.0,17|18|19|21,5x112,MB,176,149,No apta a ningún tamaño real de la tienda,0,20,16,5,10,0,51,"Fotografía insuficiente para la galería de escritorio // Sin disponibilidad documentada: inventario sin seguimiento, sin coste de proveedor",AUDIA4/A6|AUDIA4/A6/改装车型|AUDIA8|AUDIRS6
wheel-design-082,4,4,OYL260416325|OYL260416326|OYL260416327|OYL260416328,ninguno,20x8.0|20x9.5,20,5x112,B|MG,202,194,Solo apta en tarjeta de colección,8,20,8,5,10,0,51,"Fotografía insuficiente para la galería de escritorio // Sin disponibilidad documentada: inventario sin seguimiento, sin coste de proveedor",BMW X3-2023/改
wheel-design-106,3,3,OYL260416380|OYL260416381|OYL260416382,ninguno,18x8.0|19x8.5,18|19,5x112,MB|SMH,206,192,Solo apta en tarjeta de colección,8,20,8,5,10,0,51,"Fotografía insuficiente para la galería de escritorio // Sin disponibilidad documentada: inventario sin seguimiento, sin coste de proveedor",VW途观/高尔夫8 R-line/改
wheel-design-026,2,2,OYL260416055|OYL260416056,ninguno,18x8.0|19x8.5,18|19,5x112,MB,199,156,Solo apta en tarjeta de colección,8,20,8,5,10,0,51,"El proveedor escribe el mismo buje de dos formas (5x112: 66.45, 66.5 mm); confirmar el valor exacto antes del montaje // Fotografía insuficiente para la galería de escritorio // Sin disponibilidad documentada: inventario sin seguimiento, sin coste de proveedor",AUDI|AUDIA3/4/5/6/7/8
wheel-design-063,2,2,OYL260416222|OYL260416223,ninguno,20x8.5|20x9.5,20,5x112,MB,231,186,Solo apta en tarjeta de colección,8,20,8,5,10,0,51,"Fotografía insuficiente para la galería de escritorio // Sin disponibilidad documentada: inventario sin seguimiento, sin coste de proveedor",BENZ S级老 迈巴赫
wheel-design-085,2,2,OYL260416334|OYL260416335,ninguno,19x8.5|20x8.5,19|20,5x112,MATT GUNMETAL MACHINE,190,178,Solo apta en tarjeta de colección,8,20,8,5,10,0,51,"Fotografía insuficiente para la galería de escritorio // Sin disponibilidad documentada: inventario sin seguimiento, sin coste de proveedor",AUDIRS3/改
wheel-design-025,3,3,OYL260416052|OYL260416053|OYL260416054,ninguno,22x10.5|22x9.5,22,5x112|5x120,B|MB,186,160,No apta a ningún tamaño real de la tienda,0,20,8,10,10,0,48,"Fotografía insuficiente para la galería de escritorio // Sin disponibilidad documentada: inventario sin seguimiento, sin coste de proveedor",BMW X5X6
wheel-design-079,5,5,OYL260416309|OYL260416310|OYL260416311|OYL260416312|OYL260416313,ninguno,19x8.5|19x9.5|20x8.5,19|20,5x120,B|MATTE BLACK,178,172,No apta a ningún tamaño real de la tienda,0,20,12,5,10,0,47,"Fotografía insuficiente para la galería de escritorio // Sin disponibilidad documentada: inventario sin seguimiento, sin coste de proveedor",BMW 1/2/3系
wheel-design-095,3,3,OYL260416351|OYL260416352|OYL260416353,ninguno,19x8.5|20x8.5|20x9.5,19|20,5x112,MB,172,180,No apta a ningún tamaño real de la tienda,0,20,12,5,10,0,47,"Fotografía insuficiente para la galería de escritorio // Sin disponibilidad documentada: inventario sin seguimiento, sin coste de proveedor",BENZ E级海外版/改
wheel-design-027,1,1,OYL260416057,ninguno,19x8.5,19,5x112,MB,190,167,Solo apta en tarjeta de colección,8,20,4,5,10,0,47,"Fotografía insuficiente para la galería de escritorio // Sin disponibilidad documentada: inventario sin seguimiento, sin coste de proveedor",AUDIA3/4/5/6/7/8
wheel-design-080,1,1,OYL260416314,ninguno,17x8.0,17,5x120,MG,207,192,Solo apta en tarjeta de colección,8,20,4,5,10,0,47,"Fotografía insuficiente para la galería de escritorio // Sin disponibilidad documentada: inventario sin seguimiento, sin coste de proveedor",BMW 7系
wheel-design-086,1,1,OYL260416336,ninguno,20x8.5,20,5x112,MB,207,198,Solo apta en tarjeta de colección,8,20,4,5,10,0,47,"Fotografía insuficiente para la galería de escritorio // Sin disponibilidad documentada: inventario sin seguimiento, sin coste de proveedor",AUDI/改
wheel-design-090,1,1,OYL260416346,ninguno,18x7.5,18,5x112,MB,198,189,Solo apta en tarjeta de colección,8,20,4,5,10,0,47,"Fotografía insuficiente para la galería de escritorio // Sin disponibilidad documentada: inventario sin seguimiento, sin coste de proveedor",BENZ CLA200-18
wheel-design-091,1,1,OYL260416347,ninguno,19x9.5,19,5x120,MS,198,186,Solo apta en tarjeta de colección,8,20,4,5,10,0,47,"Fotografía insuficiente para la galería de escritorio // Sin disponibilidad documentada: inventario sin seguimiento, sin coste de proveedor",BMW 740/改
wheel-design-094,1,1,OYL260416350,ninguno,19x8.0,19,5x112,MB,204,191,Solo apta en tarjeta de colección,8,20,4,5,10,0,47,"Fotografía insuficiente para la galería de escritorio // Sin disponibilidad documentada: inventario sin seguimiento, sin coste de proveedor",AUDIQ5
wheel-design-109,1,1,OYL260416390,ninguno,17x7.5,17,5x112,MB,198,183,Solo apta en tarjeta de colección,8,20,4,5,10,0,47,"Fotografía insuficiente para la galería de escritorio // Sin disponibilidad documentada: inventario sin seguimiento, sin coste de proveedor",VW高尔夫R海外版-2025/改
wheel-design-060,2,2,OYL260416209|OYL260416210,ninguno,19x8.5,19,5x112|5x114.3,MBI,183,188,No apta a ningún tamaño real de la tienda,0,20,4,10,10,0,44,"Fotografía insuficiente para la galería de escritorio // Sin disponibilidad documentada: inventario sin seguimiento, sin coste de proveedor",AUDIA7|改装
wheel-design-068,2,2,OYL260416247|OYL260416248,ninguno,22x10.5,22,5x112|5x120,MB,188,199,No apta a ningún tamaño real de la tienda,0,20,4,10,10,0,44,"Fotografía insuficiente para la galería de escritorio // Sin disponibilidad documentada: inventario sin seguimiento, sin coste de proveedor",BMW X7
wheel-design-104,5,4,OYL260416373|OYL260416374|OYL260416375|OYL260416378,OYL260416376,20x9.0|21x9.0,20|21,5x112,MB|MS|SGMF,176,39,No apta a ningún tamaño real de la tienda,0,20,8,5,10,0,43,"El proveedor escribe el mismo buje de dos formas (5x112: 66.45, 66.6 mm); confirmar el valor exacto antes del montaje // Excluidas de la publicación: OYL260416376 (duplicado) // Fotografía insuficiente para la galería de escritorio // Sin disponibilidad documentada: inventario sin seguimiento, sin coste de proveedor",AUDIRS5 Avant-2025/改|Consultar
wheel-design-024,3,3,OYL260416049|OYL260416050|OYL260416051,ninguno,20x10.5|22x9.5,20|22,5x112,B|MB,158,158,No apta a ningún tamaño real de la tienda,0,20,8,5,10,0,43,"Fotografía insuficiente para la galería de escritorio // Sin disponibilidad documentada: inventario sin seguimiento, sin coste de proveedor",BMW X5/X6|BMW X5X6
wheel-design-034,3,3,OYL260416085|OYL260416086|OYL260416087,ninguno,17x8.0|19x8.0,17|19,5x120,B|MB,165,160,No apta a ningún tamaño real de la tienda,0,20,8,5,10,0,43,"El proveedor escribe el mismo buje de dos formas (5x120: 72.56, 72.6 mm); confirmar el valor exacto antes del montaje // Fotografía insuficiente para la galería de escritorio // Sin disponibilidad documentada: inventario sin seguimiento, sin coste de proveedor",BMW 3/5系|BMW 5系
wheel-design-101,3,3,OYL260416364|OYL260416365|OYL260416366,ninguno,20x9.0|22x10.0,20|22,5x112,MATTE BLACK|MBI+C|W,179,172,No apta a ningún tamaño real de la tienda,0,20,8,5,10,0,43,"Fotografía insuficiente para la galería de escritorio // Sin disponibilidad documentada: inventario sin seguimiento, sin coste de proveedor",AUDIRS6 Avant GT-2025
sin-diseno,2,2,OYL260416372|OYL260416377,ninguno,19x8.5|21x9.0,19|21,5x112,MB,0,0,No apta a ningún tamaño real de la tienda,0,20,8,5,10,0,43,"Fotografía insuficiente para la galería de escritorio // Sin disponibilidad documentada: inventario sin seguimiento, sin coste de proveedor",AUDIRS5 Avant-2025/改
wheel-design-014,2,2,OYL260416014|OYL260416015,ninguno,18x8.0|18x8.5,18,5x120,B|S,133,126,No apta a ningún tamaño real de la tienda,0,20,8,5,10,0,43,"Fotografía insuficiente para la galería de escritorio // Sin disponibilidad documentada: inventario sin seguimiento, sin coste de proveedor",BMW 3系前轮 2019|BMW 3系后轮 2019
wheel-design-056,2,2,OYL260416192|OYL260416193,ninguno,20x9.0|22x10.0,20|22,5x112,MB,188,190,No apta a ningún tamaño real de la tienda,0,20,8,5,10,0,43,"El proveedor escribe el mismo buje de dos formas (5x112: 66.45, 66.5 mm); confirmar el valor exacto antes del montaje // Fotografía insuficiente para la galería de escritorio // Sin disponibilidad documentada: inventario sin seguimiento, sin coste de proveedor",AUDIQ7
wheel-design-071,2,2,OYL260416258|OYL260416259,ninguno,19x8.5|22x10.0,19|22,5x112,MB,176,168,No apta a ningún tamaño real de la tienda,0,20,8,5,10,0,43,"Fotografía insuficiente para la galería de escritorio // Sin disponibilidad documentada: inventario sin seguimiento, sin coste de proveedor",AUDIQ8
wheel-design-084,2,2,OYL260416332|OYL260416333,ninguno,21x10.0|21x9.5,21,5x112,MBI,188,177,No apta a ningún tamaño real de la tienda,0,20,8,5,10,0,43,"Fotografía insuficiente para la galería de escritorio // Sin disponibilidad documentada: inventario sin seguimiento, sin coste de proveedor",BENZ EQS AMG-2024/改
wheel-design-087,2,2,OYL260416337|OYL260416338,ninguno,20x8.5|20x9.5,20,5x112,MB,175,167,No apta a ningún tamaño real de la tienda,0,20,8,5,10,0,43,"Fotografía insuficiente para la galería de escritorio // Sin disponibilidad documentada: inventario sin seguimiento, sin coste de proveedor",BMW 540i/改
wheel-design-018,2,2,OYL260416024|OYL260416025,ninguno,20x11.0,20,5x120,B|MG,133,121,No apta a ningún tamaño real de la tienda,0,20,4,5,10,0,39,"Fotografía insuficiente para la galería de escritorio // Sin disponibilidad documentada: inventario sin seguimiento, sin coste de proveedor",BMW *5后轮
wheel-design-033,2,2,OYL260416083|OYL260416084,ninguno,18x8.0,18,5x112,MG|MG-D,170,156,No apta a ningún tamaño real de la tienda,0,20,4,5,10,0,39,"Fotografía insuficiente para la galería de escritorio // Sin disponibilidad documentada: inventario sin seguimiento, sin coste de proveedor",BMW 5系
wheel-design-001,1,1,OYL260416001,ninguno,18x8.5,18,5x112,S,151,133,No apta a ningún tamaño real de la tienda,0,20,4,5,10,0,39,"Fotografía insuficiente para la galería de escritorio // Sin disponibilidad documentada: inventario sin seguimiento, sin coste de proveedor",BENZ S350
wheel-design-002,1,1,OYL260416002,ninguno,18x8.0,18,5x112,MB,167,248,No apta a ningún tamaño real de la tienda,0,20,4,5,10,0,39,"Fotografía insuficiente para la galería de escritorio // Sin disponibilidad documentada: inventario sin seguimiento, sin coste de proveedor",VWPassat
wheel-design-003,1,1,OYL260416003,ninguno,17x8.0,17,5x112,S,158,147,No apta a ningún tamaño real de la tienda,0,20,4,5,10,0,39,"Fotografía insuficiente para la galería de escritorio // Sin disponibilidad documentada: inventario sin seguimiento, sin coste de proveedor",AUDIA6L-2012
wheel-design-004,1,1,OYL260416004,ninguno,18x8.0,18,5x112,S,140,131,No apta a ningún tamaño real de la tienda,0,20,4,5,10,0,39,"Fotografía insuficiente para la galería de escritorio // Sin disponibilidad documentada: inventario sin seguimiento, sin coste de proveedor",AUDIA6L
wheel-design-005,1,1,OYL260416005,ninguno,16x7.0,16,5x112,S,147,131,No apta a ningún tamaño real de la tienda,0,20,4,5,10,0,39,"Fotografía insuficiente para la galería de escritorio // Sin disponibilidad documentada: inventario sin seguimiento, sin coste de proveedor",VWPassat领驭 2005
wheel-design-006,1,1,OYL260416006,ninguno,17x7.0,17,5x112,MG,138,138,No apta a ningún tamaño real de la tienda,0,20,4,5,10,0,39,"Fotografía insuficiente para la galería de escritorio // Sin disponibilidad documentada: inventario sin seguimiento, sin coste de proveedor",BENZ C200 2015
wheel-design-007,1,1,OYL260416007,ninguno,18x8.0,18,5x112,MB,138,131,No apta a ningún tamaño real de la tienda,0,20,4,5,10,0,39,"Fotografía insuficiente para la galería de escritorio // Sin disponibilidad documentada: inventario sin seguimiento, sin coste de proveedor",VWPassat 2016
wheel-design-008,1,1,OYL260416008,ninguno,18x8.0,18,5x112,MB,133,126,No apta a ningún tamaño real de la tienda,0,20,4,5,10,0,39,"Fotografía insuficiente para la galería de escritorio // Sin disponibilidad documentada: inventario sin seguimiento, sin coste de proveedor",VWMagotan2017
wheel-design-009,1,1,OYL260416009,ninguno,19x8.5,19,5x112,MB,131,128,No apta a ningún tamaño real de la tienda,0,20,4,5,10,0,39,"Fotografía insuficiente para la galería de escritorio // Sin disponibilidad documentada: inventario sin seguimiento, sin coste de proveedor",AUDIRS7 2016
wheel-design-010,1,1,OYL260416010,ninguno,18x8.0,18,5x112,MB,128,123,No apta a ningún tamaño real de la tienda,0,20,4,5,10,0,39,"Fotografía insuficiente para la galería de escritorio // Sin disponibilidad documentada: inventario sin seguimiento, sin coste de proveedor",VWPassat 2019
wheel-design-012,1,1,OYL260416012,ninguno,18x7.0,18,5x112,MB,167,154,No apta a ningún tamaño real de la tienda,0,20,4,5,10,0,39,"Fotografía insuficiente para la galería de escritorio // Sin disponibilidad documentada: inventario sin seguimiento, sin coste de proveedor",VW途岳
wheel-design-013,1,1,OYL260416013,ninguno,18x8.0,18,5x112,MG,120,116,No apta a ningún tamaño real de la tienda,0,20,4,5,10,0,39,"Fotografía insuficiente para la galería de escritorio // Sin disponibilidad documentada: inventario sin seguimiento, sin coste de proveedor",BENZ E级
wheel-design-016,1,1,OYL260416022,ninguno,18x8.0,18,5x112,MG,141,133,No apta a ningún tamaño real de la tienda,0,20,4,5,10,0,39,"Fotografía insuficiente para la galería de escritorio // Sin disponibilidad documentada: inventario sin seguimiento, sin coste de proveedor",BMW 5系
wheel-design-017,1,1,OYL260416023,ninguno,18x8.0,18,5x120,S,156,151,No apta a ningún tamaño real de la tienda,0,20,4,5,10,0,39,"Fotografía insuficiente para la galería de escritorio // Sin disponibilidad documentada: inventario sin seguimiento, sin coste de proveedor",BMW 730Li
wheel-design-021,1,1,OYL260416040,ninguno,18x8.0,18,5x120,MG,156,151,No apta a ningún tamaño real de la tienda,0,20,4,5,10,0,39,"Fotografía insuficiente para la galería de escritorio // Sin disponibilidad documentada: inventario sin seguimiento, sin coste de proveedor",BMW 5系
wheel-design-022,1,1,OYL260416041,ninguno,17x8.0,17,5x120,S,160,147,No apta a ningún tamaño real de la tienda,0,20,4,5,10,0,39,"Fotografía insuficiente para la galería de escritorio // Sin disponibilidad documentada: inventario sin seguimiento, sin coste de proveedor",BMW 5系
wheel-design-028,1,1,OYL260416058,ninguno,18x8.0,18,5x120,MS,144,142,No apta a ningún tamaño real de la tienda,0,20,4,5,10,0,39,"Fotografía insuficiente para la galería de escritorio // Sin disponibilidad documentada: inventario sin seguimiento, sin coste de proveedor",BMW 5系
wheel-design-031,1,1,OYL260416081,ninguno,18x8.0,18,5x112,S,167,156,No apta a ningún tamaño real de la tienda,0,20,4,5,10,0,39,"Fotografía insuficiente para la galería de escritorio // Sin disponibilidad documentada: inventario sin seguimiento, sin coste de proveedor",BMW 5系
wheel-design-032,1,1,OYL260416082,ninguno,18x8.0,18,5x120,S,163,156,No apta a ningún tamaño real de la tienda,0,20,4,5,10,0,39,"Fotografía insuficiente para la galería de escritorio // Sin disponibilidad documentada: inventario sin seguimiento, sin coste de proveedor",BMW 5系
wheel-design-035,1,1,OYL260416088,ninguno,18x8.0,18,5x112,MG,154,156,No apta a ningún tamaño real de la tienda,0,20,4,5,10,0,39,"Fotografía insuficiente para la galería de escritorio // Sin disponibilidad documentada: inventario sin seguimiento, sin coste de proveedor",BENZ E级
wheel-design-037,1,1,OYL260416093,ninguno,20x9.0,20,5x112,P,183,163,No apta a ningún tamaño real de la tienda,0,20,4,5,10,0,39,"Fotografía insuficiente para la galería de escritorio // Sin disponibilidad documentada: inventario sin seguimiento, sin coste de proveedor",AUDIA6/A8
wheel-design-092,1,1,OYL260416348,ninguno,19x9.5,19,5x112,MG-D,189,176,No apta a ningún tamaño real de la tienda,0,20,4,5,10,0,39,"Fotografía insuficiente para la galería de escritorio // Sin disponibilidad documentada: inventario sin seguimiento, sin coste de proveedor",BMW 730Li M-2021
wheel-design-093,1,1,OYL260416349,ninguno,17x7.0,17,5x112,MB,168,155,No apta a ningún tamaño real de la tienda,0,20,4,5,10,0,39,"Fotografía insuficiente para la galería de escritorio // Sin disponibilidad documentada: inventario sin seguimiento, sin coste de proveedor",VW速腾-2023
wheel-design-096,1,1,OYL260416354,ninguno,19x8.0,19,5x112,G,168,160,No apta a ningún tamaño real de la tienda,0,20,4,5,10,0,39,"Fotografía insuficiente para la galería de escritorio // Sin disponibilidad documentada: inventario sin seguimiento, sin coste de proveedor",VWCC黄金海岸版
wheel-design-097,1,1,OYL260416355,ninguno,19x7.0,19,5x112,MB,151,146,No apta a ningún tamaño real de la tienda,0,20,4,5,10,0,39,"Fotografía insuficiente para la galería de escritorio // Sin disponibilidad documentada: inventario sin seguimiento, sin coste de proveedor",VW途观L/途观X-2021-2025
wheel-design-098,1,1,OYL260416356,ninguno,21x9.0,21,5x112,MB,168,161,No apta a ningún tamaño real de la tienda,0,20,4,5,10,0,39,"Fotografía insuficiente para la galería de escritorio // Sin disponibilidad documentada: inventario sin seguimiento, sin coste de proveedor",VW揽境-2021-2024
wheel-design-100,1,1,OYL260416363,ninguno,19x8.5,19,5x112,MB,170,83,No apta a ningún tamaño real de la tienda,0,20,4,5,10,0,39,"Fotografía insuficiente para la galería de escritorio // Sin disponibilidad documentada: inventario sin seguimiento, sin coste de proveedor",AUDIA4L-2024/2025
