posicion,familia,puntuacion,p_imagen,p_ficha,p_medidas,p_pcd,p_precio,p_sku,p_estetica,p_stock,motivo,num_medidas,num_sku,diametros,pcds,acabados,marcas,calidad_imagenes,problemas,problemas_globales,estado_final
1,wheel-design-044,82.4,17.4,20.0,15,5.0,10.0,10.0,5.0,0.0,"Seleccionada: 8 medidas (19/20/21/22""), PCD 5x112, acabados MB, MG, imagen mediana 868px, ficha técnica completa en los 11 productos.",8,11,19/20/21/22,5x112,MB MG,mercedes-benz,"mediana 868px, mínima 868px",ninguno de calidad,precio = escalera fija por diámetro sin PVP verificado; peso = escalera fija por diámetro; 0 fichas con chino del proveedor visible; stock 0 sin seguimiento; transporte no contempla Canarias y contradice «precio cerrado»,SELECCIONADA — NO PUBLICADA (precio y transporte bloqueantes a nivel de tienda)
,wheel-design-038,76.9,18.0,17.8,13.1,5.0,10.0,10.0,3.0,0.0,Descartada: 2 productos con algún campo técnico ausente,7,8,17/18/19/20/21,5x112,MB+L YBZ,audi,"mediana 899px, mínima 899px",2 productos con algún campo técnico ausente,precio = escalera fija por diámetro sin PVP verificado; peso = escalera fija por diámetro; 2 fichas con chino del proveedor visible; stock 0 sin seguimiento; transporte no contempla Canarias y contradice «precio cerrado»,Descartada
,wheel-design-074,74.7,13.6,14.0,13.1,10.0,10.0,10.0,4.0,0.0,Descartada: 12 imágenes por debajo de 800x800,7,12,18/19/20,5x112 5x120,B MB,bmw,"mediana 678px, mínima 678px",12 imágenes por debajo de 800x800,precio = escalera fija por diámetro sin PVP verificado; peso = escalera fija por diámetro; 12 fichas con chino del proveedor visible; stock 0 sin seguimiento; transporte no contempla Canarias y contradice «precio cerrado»,Descartada
2,wheel-design-041,72.4,17.8,14.5,13.1,5.0,10.0,10.0,2.0,0.0,"Seleccionada: 7 medidas (18/19/20""), PCD 5x112, acabados MB, MBI, MIB, imagen mediana 890px, ficha técnica completa en los 13 productos.",7,13,18/19/20,5x112,MB MBI MIB,mercedes-benz,"mediana 890px, mínima 890px",ninguno de calidad,precio = escalera fija por diámetro sin PVP verificado; peso = escalera fija por diámetro; 12 fichas con chino del proveedor visible; stock 0 sin seguimiento; transporte no contempla Canarias y contradice «precio cerrado»,SELECCIONADA — NO PUBLICADA (precio y transporte bloqueantes a nivel de tienda)
3,wheel-design-043,71.8,17.8,14.0,15,5.0,10.0,10.0,0.0,0.0,"Seleccionada: 8 medidas (18/19/20/21""), PCD 5x112, acabados MB, imagen mediana 888px, ficha técnica completa en los 8 productos.",8,8,18/19/20/21,5x112,MB,mercedes-benz,"mediana 888px, mínima 888px",ninguno de calidad,precio = escalera fija por diámetro sin PVP verificado; peso = escalera fija por diámetro; 8 fichas con chino del proveedor visible; stock 0 sin seguimiento; transporte no contempla Canarias y contradice «precio cerrado»,SELECCIONADA — NO PUBLICADA (precio y transporte bloqueantes a nivel de tienda)
,wheel-design-047,70.2,18.3,20.0,1.9,10.0,10.0,10.0,0.0,0.0,Descartada: solo 1 medidas distintas,1,2,20,5x112 5x120,MB,bmw,"mediana 916px, mínima 916px",solo 1 medidas distintas,precio = escalera fija por diámetro sin PVP verificado; peso = escalera fija por diámetro; 0 fichas con chino del proveedor visible; stock 0 sin seguimiento; transporte no contempla Canarias y contradice «precio cerrado»,Descartada
4,wheel-design-048,69.4,17.9,14.0,7.5,10.0,10.0,10.0,0.0,0.0,"Seleccionada: 4 medidas (19/20""), PCD 5x112, 5x120, acabados MB, imagen mediana 897px, ficha técnica completa en los 7 productos.",4,7,19/20,5x112 5x120,MB,bmw,"mediana 897px, mínima 897px",ninguno de calidad,precio = escalera fija por diámetro sin PVP verificado; peso = escalera fija por diámetro; 7 fichas con chino del proveedor visible; stock 0 sin seguimiento; transporte no contempla Canarias y contradice «precio cerrado»,SELECCIONADA — NO PUBLICADA (precio y transporte bloqueantes a nivel de tienda)
5,wheel-design-049,69.0,17.5,14.0,7.5,10.0,10.0,10.0,0.0,0.0,"Seleccionada: 4 medidas (20/21""), PCD 5x112, 5x120, acabados MB, imagen mediana 873px, ficha técnica completa en los 7 productos.",4,7,20/21,5x112 5x120,MB,bmw,"mediana 873px, mínima 873px",ninguno de calidad,precio = escalera fija por diámetro sin PVP verificado; peso = escalera fija por diámetro; 7 fichas con chino del proveedor visible; stock 0 sin seguimiento; transporte no contempla Canarias y contradice «precio cerrado»,SELECCIONADA — NO PUBLICADA (precio y transporte bloqueantes a nivel de tienda)
,wheel-design-039,67.6,17.8,20.0,3.8,5.0,10.0,10.0,1.0,0.0,Descartada: solo 2 medidas distintas,2,2,20/23,5x112,B MB,audi,"mediana 890px, mínima 890px",solo 2 medidas distintas,precio = escalera fija por diámetro sin PVP verificado; peso = escalera fija por diámetro; 0 fichas con chino del proveedor visible; stock 0 sin seguimiento; transporte no contempla Canarias y contradice «precio cerrado»,Descartada
,wheel-design-030,67.0,3.8,20.0,11.2,10.0,10.0,10.0,2.0,0.0,Descartada: 16 imágenes por debajo de 800x800,6,16,19/20/22,5x112 5x120,B MB MB+B,bmw,"mediana 188px, mínima 188px",16 imágenes por debajo de 800x800,precio = escalera fija por diámetro sin PVP verificado; peso = escalera fija por diámetro; 0 fichas con chino del proveedor visible; stock 0 sin seguimiento; transporte no contempla Canarias y contradice «precio cerrado»,Descartada
,wheel-design-107,66.4,11.9,20.0,7.5,5.0,10.0,10.0,2.0,0.0,Descartada: 4 imágenes por debajo de 800x800,4,4,19/20,5x112,MIYB,mercedes-benz,"mediana 593px, mínima 593px",4 imágenes por debajo de 800x800,precio = escalera fija por diámetro sin PVP verificado; peso = escalera fija por diámetro; 0 fichas con chino del proveedor visible; stock 0 sin seguimiento; transporte no contempla Canarias y contradice «precio cerrado»,Descartada
6,wheel-design-040,65.9,17.5,14.0,9.4,5.0,10.0,10.0,0.0,0.0,"Seleccionada: 5 medidas (18/19/20""), PCD 5x112, acabados MB, MG, imagen mediana 873px, ficha técnica completa en los 9 productos.",5,9,18/19/20,5x112,MB MG,mercedes-benz,"mediana 873px, mínima 873px",ninguno de calidad,precio = escalera fija por diámetro sin PVP verificado; peso = escalera fija por diámetro; 9 fichas con chino del proveedor visible; stock 0 sin seguimiento; transporte no contempla Canarias y contradice «precio cerrado»,SELECCIONADA — NO PUBLICADA (precio y transporte bloqueantes a nivel de tienda)
,wheel-design-050,65.6,17.8,14.0,3.8,10.0,10.0,10.0,0.0,0.0,Descartada: solo 2 medidas distintas,2,3,19,5x112 5x120,B MB,bmw,"mediana 892px, mínima 892px",solo 2 medidas distintas,precio = escalera fija por diámetro sin PVP verificado; peso = escalera fija por diámetro; 3 fichas con chino del proveedor visible; stock 0 sin seguimiento; transporte no contempla Canarias y contradice «precio cerrado»,Descartada
,wheel-design-042,64.9,18.0,20.0,1.9,5.0,10.0,10.0,0.0,0.0,Descartada: solo 1 medidas distintas,1,1,19,5x112,MB,mercedes-benz,"mediana 902px, mínima 902px",solo 1 medidas distintas,precio = escalera fija por diámetro sin PVP verificado; peso = escalera fija por diámetro; 0 fichas con chino del proveedor visible; stock 0 sin seguimiento; transporte no contempla Canarias y contradice «precio cerrado»,Descartada
,wheel-design-020,64.8,3.3,20.0,7.5,10.0,10.0,10.0,4.0,0.0,Descartada: 6 imágenes por debajo de 800x800,4,6,19/20/22,5x112 5x130,MIYB MIYB+R MYB,mercedes-benz,"mediana 165px, mínima 165px",6 imágenes por debajo de 800x800,precio = escalera fija por diámetro sin PVP verificado; peso = escalera fija por diámetro; 0 fichas con chino del proveedor visible; stock 0 sin seguimiento; transporte no contempla Canarias y contradice «precio cerrado»,Descartada
,wheel-design-019,64.1,4.0,20.0,13.1,5.0,10.0,10.0,2.0,0.0,Descartada: 8 imágenes por debajo de 800x800,7,8,19/20/21/22,5x112,MB MIYB,mercedes-benz,"mediana 199px, mínima 199px",8 imágenes por debajo de 800x800,precio = escalera fija por diámetro sin PVP verificado; peso = escalera fija por diámetro; 0 fichas con chino del proveedor visible; stock 0 sin seguimiento; transporte no contempla Canarias y contradice «precio cerrado»,Descartada
,wheel-design-059,63.3,11.8,14.0,7.5,10.0,10.0,10.0,0.0,0.0,Descartada: 8 imágenes por debajo de 800x800,4,8,19/20,5x112 5x120,B MB,bmw,"mediana 591px, mínima 591px",8 imágenes por debajo de 800x800,precio = escalera fija por diámetro sin PVP verificado; peso = escalera fija por diámetro; 8 fichas con chino del proveedor visible; stock 0 sin seguimiento; transporte no contempla Canarias y contradice «precio cerrado»,Descartada
,wheel-design-072,61.9,3.7,20.0,11.2,5.0,10.0,10.0,2.0,0.0,Descartada: 16 imágenes por debajo de 800x800,6,16,19/20/21/22/23,5x112,B B+P MATTE BLACK MB MB+X,audi,"mediana 187px, mínima 187px",16 imágenes por debajo de 800x800,precio = escalera fija por diámetro sin PVP verificado; peso = escalera fija por diámetro; 0 fichas con chino del proveedor visible; stock 0 sin seguimiento; transporte no contempla Canarias y contradice «precio cerrado»,Descartada
,wheel-design-015,61.5,3.1,17.0,9.4,10.0,10.0,10.0,2.0,0.0,Descartada: 6 imágenes por debajo de 800x800,5,6,17/18/19/20/21,5x112 5x114.3,MB,audi,"mediana 156px, mínima 156px",6 imágenes por debajo de 800x800,precio = escalera fija por diámetro sin PVP verificado; peso = escalera fija por diámetro; 3 fichas con chino del proveedor visible; stock 0 sin seguimiento; transporte no contempla Canarias y contradice «precio cerrado»,Descartada
,wheel-design-065,61.2,3.7,20.0,7.5,10.0,10.0,10.0,0.0,0.0,Descartada: 7 imágenes por debajo de 800x800,4,7,20/22,5x112 5x120,MB,bmw,"mediana 183px, mínima 183px",7 imágenes por debajo de 800x800,precio = escalera fija por diámetro sin PVP verificado; peso = escalera fija por diámetro; 0 fichas con chino del proveedor visible; stock 0 sin seguimiento; transporte no contempla Canarias y contradice «precio cerrado»,Descartada
,wheel-design-081,60.7,3.6,14.0,13.1,10.0,10.0,10.0,0.0,0.0,Descartada: 10 imágenes por debajo de 800x800,7,10,18/19/20,5x112 5x120,B MB,bmw,"mediana 182px, mínima 182px",10 imágenes por debajo de 800x800,precio = escalera fija por diámetro sin PVP verificado; peso = escalera fija por diámetro; 10 fichas con chino del proveedor visible; stock 0 sin seguimiento; transporte no contempla Canarias y contradice «precio cerrado»,Descartada
,wheel-design-113,60.1,6.5,14.0,5.6,10.0,10.0,10.0,4.0,0.0,Descartada: solo 3 medidas distintas; 6 imágenes por debajo de 800x800,3,6,20/22,5x112 5x130,MATT BLACK MACHINED MB MG,mercedes-benz,"mediana 325px, mínima 325px",solo 3 medidas distintas; 6 imágenes por debajo de 800x800,precio = escalera fija por diámetro sin PVP verificado; peso = escalera fija por diámetro; 6 fichas con chino del proveedor visible; stock 0 sin seguimiento; transporte no contempla Canarias y contradice «precio cerrado»,Descartada
,wheel-design-130,59.8,17.0,14.0,3.8,5.0,10.0,10.0,0.0,0.0,Descartada: solo 2 medidas distintas,2,2,20,5x112,MB,bmw,"mediana 849px, mínima 849px",solo 2 medidas distintas,precio = escalera fija por diámetro sin PVP verificado; peso = escalera fija por diámetro; 2 fichas con chino del proveedor visible; stock 0 sin seguimiento; transporte no contempla Canarias y contradice «precio cerrado»,Descartada
,wheel-design-077,59.7,4.1,20.0,5.6,10.0,10.0,10.0,0.0,0.0,Descartada: solo 3 medidas distintas; 4 imágenes por debajo de 800x800,3,4,18/19,5x112 5x120,MB,bmw,"mediana 205px, mínima 205px",solo 3 medidas distintas; 4 imágenes por debajo de 800x800,precio = escalera fija por diámetro sin PVP verificado; peso = escalera fija por diámetro; 0 fichas con chino del proveedor visible; stock 0 sin seguimiento; transporte no contempla Canarias y contradice «precio cerrado»,Descartada
,wheel-design-125,59.6,16.8,14.0,3.8,5.0,10.0,10.0,0.0,0.0,Descartada: solo 2 medidas distintas,2,2,20,5x112,MB,bmw,"mediana 841px, mínima 841px",solo 2 medidas distintas,precio = escalera fija por diámetro sin PVP verificado; peso = escalera fija por diámetro; 2 fichas con chino del proveedor visible; stock 0 sin seguimiento; transporte no contempla Canarias y contradice «precio cerrado»,Descartada
,wheel-design-120,59.2,12.3,20.0,1.9,5.0,10.0,10.0,0.0,0.0,Descartada: solo 1 medidas distintas; 1 imágenes por debajo de 800x800,1,1,20,5x112,MB,bmw,"mediana 615px, mínima 615px",solo 1 medidas distintas; 1 imágenes por debajo de 800x800,precio = escalera fija por diámetro sin PVP verificado; peso = escalera fija por diámetro; 0 fichas con chino del proveedor visible; stock 0 sin seguimiento; transporte no contempla Canarias y contradice «precio cerrado»,Descartada
,wheel-design-066,59.1,3.9,14.0,11.2,10.0,10.0,10.0,0.0,0.0,Descartada: 9 imágenes por debajo de 800x800,6,9,18/19/20,5x112 5x120,MB MG,bmw,"mediana 197px, mínima 197px",9 imágenes por debajo de 800x800,precio = escalera fija por diámetro sin PVP verificado; peso = escalera fija por diámetro; 9 fichas con chino del proveedor visible; stock 0 sin seguimiento; transporte no contempla Canarias y contradice «precio cerrado»,Descartada
,wheel-design-061,58.6,3.0,20.0,5.6,10.0,10.0,10.0,0.0,0.0,Descartada: solo 3 medidas distintas; 4 imágenes por debajo de 800x800,3,4,21/22,5x112 5x120,MB,bmw,"mediana 151px, mínima 151px",solo 3 medidas distintas; 4 imágenes por debajo de 800x800,precio = escalera fija por diámetro sin PVP verificado; peso = escalera fija por diámetro; 0 fichas con chino del proveedor visible; stock 0 sin seguimiento; transporte no contempla Canarias y contradice «precio cerrado»,Descartada
,wheel-design-103,58.6,12.0,16.0,5.6,5.0,10.0,10.0,0.0,0.0,Descartada: solo 3 medidas distintas; 3 imágenes por debajo de 800x800,3,3,20/21/22,5x112,MB,audi,"mediana 600px, mínima 600px",solo 3 medidas distintas; 3 imágenes por debajo de 800x800,precio = escalera fija por diámetro sin PVP verificado; peso = escalera fija por diámetro; 2 fichas con chino del proveedor visible; stock 0 sin seguimiento; transporte no contempla Canarias y contradice «precio cerrado»,Descartada
,wheel-design-124,58.4,11.9,14.0,7.5,5.0,10.0,10.0,0.0,0.0,Descartada: 4 imágenes por debajo de 800x800,4,4,19/20,5x112,MG,mercedes-benz,"mediana 596px, mínima 596px",4 imágenes por debajo de 800x800,precio = escalera fija por diámetro sin PVP verificado; peso = escalera fija por diámetro; 4 fichas con chino del proveedor visible; stock 0 sin seguimiento; transporte no contempla Canarias y contradice «precio cerrado»,Descartada
,wheel-design-111,57.4,12.6,14.0,3.8,5.0,10.0,10.0,2.0,0.0,Descartada: solo 2 medidas distintas; 2 imágenes por debajo de 800x800,2,2,20,5x112,MIYB,mercedes-benz,"mediana 628px, mínima 628px",solo 2 medidas distintas; 2 imágenes por debajo de 800x800,precio = escalera fija por diámetro sin PVP verificado; peso = escalera fija por diámetro; 2 fichas con chino del proveedor visible; stock 0 sin seguimiento; transporte no contempla Canarias y contradice «precio cerrado»,Descartada
,wheel-design-025,57.0,3.2,20.0,3.8,10.0,10.0,10.0,0.0,0.0,Descartada: solo 2 medidas distintas; 3 imágenes por debajo de 800x800,2,3,22,5x112 5x120,B MB,bmw,"mediana 160px, mínima 160px",solo 2 medidas distintas; 3 imágenes por debajo de 800x800,precio = escalera fija por diámetro sin PVP verificado; peso = escalera fija por diámetro; 0 fichas con chino del proveedor visible; stock 0 sin seguimiento; transporte no contempla Canarias y contradice «precio cerrado»,Descartada
,wheel-design-099,56.8,3.6,15.0,11.2,5.0,10.0,10.0,2.0,0.0,Descartada: 6 imágenes por debajo de 800x800,6,6,17/18/19/20,5x112,MIYB,mercedes-benz,"mediana 179px, mínima 179px",6 imágenes por debajo de 800x800,precio = escalera fija por diámetro sin PVP verificado; peso = escalera fija por diámetro; 5 fichas con chino del proveedor visible; stock 0 sin seguimiento; transporte no contempla Canarias y contradice «precio cerrado»,Descartada
,wheel-design-053,56.8,4.3,20.0,7.5,5.0,10.0,10.0,0.0,0.0,Descartada: 4 imágenes por debajo de 800x800,4,4,19/20,5x112,MB,mercedes-benz,"mediana 213px, mínima 213px",4 imágenes por debajo de 800x800,precio = escalera fija por diámetro sin PVP verificado; peso = escalera fija por diámetro; 0 fichas con chino del proveedor visible; stock 0 sin seguimiento; transporte no contempla Canarias y contradice «precio cerrado»,Descartada
,wheel-design-011,56.4,13.5,14.0,1.9,5.0,10.0,10.0,2.0,0.0,Descartada: solo 1 medidas distintas; 1 imágenes por debajo de 800x800,1,1,18,5x112,MYB,mercedes-benz,"mediana 675px, mínima 675px",solo 1 medidas distintas; 1 imágenes por debajo de 800x800,precio = escalera fija por diámetro sin PVP verificado; peso = escalera fija por diámetro; 1 fichas con chino del proveedor visible; stock 0 sin seguimiento; transporte no contempla Canarias y contradice «precio cerrado»,Descartada
,wheel-design-121,56.2,13.4,14.0,3.8,5.0,10.0,10.0,0.0,0.0,Descartada: solo 2 medidas distintas; 2 imágenes por debajo de 800x800,2,2,19,5x112,MB,bmw,"mediana 672px, mínima 672px",solo 2 medidas distintas; 2 imágenes por debajo de 800x800,precio = escalera fija por diámetro sin PVP verificado; peso = escalera fija por diámetro; 2 fichas con chino del proveedor visible; stock 0 sin seguimiento; transporte no contempla Canarias y contradice «precio cerrado»,Descartada
,wheel-design-122,56.2,13.4,14.0,3.8,5.0,10.0,10.0,0.0,0.0,Descartada: solo 2 medidas distintas; 2 imágenes por debajo de 800x800,2,2,19,5x112,MB,bmw,"mediana 671px, mínima 671px",solo 2 medidas distintas; 2 imágenes por debajo de 800x800,precio = escalera fija por diámetro sin PVP verificado; peso = escalera fija por diámetro; 2 fichas con chino del proveedor visible; stock 0 sin seguimiento; transporte no contempla Canarias y contradice «precio cerrado»,Descartada
,wheel-design-062,56.1,4.0,14.0,13.1,5.0,10.0,10.0,0.0,0.0,Descartada: 7 imágenes por debajo de 800x800,7,7,18/19/20/21,5x112,MB,mercedes-benz,"mediana 200px, mínima 200px",7 imágenes por debajo de 800x800,precio = escalera fija por diámetro sin PVP verificado; peso = escalera fija por diámetro; 7 fichas con chino del proveedor visible; stock 0 sin seguimiento; transporte no contempla Canarias y contradice «precio cerrado»,Descartada
,wheel-design-029,55.8,3.3,20.0,7.5,5.0,10.0,10.0,0.0,0.0,Descartada: 6 imágenes por debajo de 800x800,4,6,17/18/19/20,5x112,MB MG,audi,"mediana 167px, mínima 167px",6 imágenes por debajo de 800x800,precio = escalera fija por diámetro sin PVP verificado; peso = escalera fija por diámetro; 0 fichas con chino del proveedor visible; stock 0 sin seguimiento; transporte no contempla Canarias y contradice «precio cerrado»,Descartada
,wheel-design-089,55.8,9.2,14.0,5.6,5.0,10.0,10.0,2.0,0.0,Descartada: solo 3 medidas distintas; 3 imágenes por debajo de 800x800,3,3,19/20,5x112,MIYB,mercedes-benz,"mediana 462px, mínima 462px",solo 3 medidas distintas; 3 imágenes por debajo de 800x800,precio = escalera fija por diámetro sin PVP verificado; peso = escalera fija por diámetro; 3 fichas con chino del proveedor visible; stock 0 sin seguimiento; transporte no contempla Canarias y contradice «precio cerrado»,Descartada
,wheel-design-068,55.7,3.8,20.0,1.9,10.0,10.0,10.0,0.0,0.0,Descartada: solo 1 medidas distintas; 2 imágenes por debajo de 800x800,1,2,22,5x112 5x120,MB,bmw,"mediana 188px, mínima 188px",solo 1 medidas distintas; 2 imágenes por debajo de 800x800,precio = escalera fija por diámetro sin PVP verificado; peso = escalera fija por diámetro; 0 fichas con chino del proveedor visible; stock 0 sin seguimiento; transporte no contempla Canarias y contradice «precio cerrado»,Descartada
,wheel-design-088,55.3,3.8,14.0,7.5,10.0,10.0,10.0,0.0,0.0,Descartada: 4 imágenes por debajo de 800x800,4,4,19/20,5x112 5x120,B MB,bmw,"mediana 191px, mínima 191px",4 imágenes por debajo de 800x800,precio = escalera fija por diámetro sin PVP verificado; peso = escalera fija por diámetro; 4 fichas con chino del proveedor visible; stock 0 sin seguimiento; transporte no contempla Canarias y contradice «precio cerrado»,Descartada
,wheel-design-126,54.7,11.9,14.0,3.8,5.0,10.0,10.0,0.0,0.0,Descartada: solo 2 medidas distintas; 2 imágenes por debajo de 800x800,2,2,21/22,5x112,MG,mercedes-benz,"mediana 595px, mínima 595px",solo 2 medidas distintas; 2 imágenes por debajo de 800x800,precio = escalera fija por diámetro sin PVP verificado; peso = escalera fija por diámetro; 2 fichas con chino del proveedor visible; stock 0 sin seguimiento; transporte no contempla Canarias y contradice «precio cerrado»,Descartada
,wheel-design-060,54.6,3.7,17.0,1.9,10.0,10.0,10.0,2.0,0.0,Descartada: solo 1 medidas distintas; 2 imágenes por debajo de 800x800,1,2,19,5x112 5x114.3,MBI,audi,"mediana 183px, mínima 183px",solo 1 medidas distintas; 2 imágenes por debajo de 800x800,precio = escalera fija por diámetro sin PVP verificado; peso = escalera fija por diámetro; 1 fichas con chino del proveedor visible; stock 0 sin seguimiento; transporte no contempla Canarias y contradice «precio cerrado»,Descartada
,wheel-design-070,54.5,3.0,14.0,7.5,10.0,10.0,10.0,0.0,0.0,Descartada: 5 imágenes por debajo de 800x800,4,5,17/18,5x112 5x120,B MB,bmw,"mediana 148px, mínima 148px",5 imágenes por debajo de 800x800,precio = escalera fija por diámetro sin PVP verificado; peso = escalera fija por diámetro; 5 fichas con chino del proveedor visible; stock 0 sin seguimiento; transporte no contempla Canarias y contradice «precio cerrado»,Descartada
,wheel-design-073,54.3,3.7,20.0,5.6,5.0,10.0,10.0,0.0,0.0,Descartada: solo 3 medidas distintas; 6 imágenes por debajo de 800x800,3,6,18/20/21,5x112,B MB,audi,"mediana 183px, mínima 183px",solo 3 medidas distintas; 6 imágenes por debajo de 800x800,precio = escalera fija por diámetro sin PVP verificado; peso = escalera fija por diámetro; 0 fichas con chino del proveedor visible; stock 0 sin seguimiento; transporte no contempla Canarias y contradice «precio cerrado»,Descartada
,wheel-design-101,54.2,3.4,20.0,3.8,5.0,10.0,10.0,2.0,0.0,Descartada: solo 2 medidas distintas; 3 imágenes por debajo de 800x800,2,3,20/22,5x112,MATTE BLACK MBI+C W,audi,"mediana 172px, mínima 172px",solo 2 medidas distintas; 3 imágenes por debajo de 800x800,precio = escalera fija por diámetro sin PVP verificado; peso = escalera fija por diámetro; 0 fichas con chino del proveedor visible; stock 0 sin seguimiento; transporte no contempla Canarias y contradice «precio cerrado»,Descartada
,wheel-design-055,54.0,3.0,18.5,7.5,5.0,10.0,10.0,0.0,0.0,Descartada: 4 imágenes por debajo de 800x800,4,4,17/18/19/21,5x112,MB,audi,"mediana 149px, mínima 149px",4 imágenes por debajo de 800x800,precio = escalera fija por diámetro sin PVP verificado; peso = escalera fija por diámetro; 1 fichas con chino del proveedor visible; stock 0 sin seguimiento; transporte no contempla Canarias y contradice «precio cerrado»,Descartada
,wheel-design-064,54.0,4.2,14.0,3.8,10.0,10.0,10.0,2.0,0.0,Descartada: solo 2 medidas distintas; 4 imágenes por debajo de 800x800,2,4,19,5x112 5x120,SMH,bmw,"mediana 211px, mínima 211px",solo 2 medidas distintas; 4 imágenes por debajo de 800x800,precio = escalera fija por diámetro sin PVP verificado; peso = escalera fija por diámetro; 4 fichas con chino del proveedor visible; stock 0 sin seguimiento; transporte no contempla Canarias y contradice «precio cerrado»,Descartada
,wheel-design-112,53.5,12.6,14.0,1.9,5.0,10.0,10.0,0.0,0.0,Descartada: solo 1 medidas distintas; 1 imágenes por debajo de 800x800,1,1,19,5x112,MB,audi,"mediana 630px, mínima 630px",solo 1 medidas distintas; 1 imágenes por debajo de 800x800,precio = escalera fija por diámetro sin PVP verificado; peso = escalera fija por diámetro; 1 fichas con chino del proveedor visible; stock 0 sin seguimiento; transporte no contempla Canarias y contradice «precio cerrado»,Descartada
,wheel-design-054,53.4,3.8,14.0,5.6,10.0,10.0,10.0,0.0,0.0,Descartada: solo 3 medidas distintas; 4 imágenes por debajo de 800x800,3,4,19/20,5x112 5x120,MB,bmw,"mediana 189px, mínima 189px",solo 3 medidas distintas; 4 imágenes por debajo de 800x800,precio = escalera fija por diámetro sin PVP verificado; peso = escalera fija por diámetro; 4 fichas con chino del proveedor visible; stock 0 sin seguimiento; transporte no contempla Canarias y contradice «precio cerrado»,Descartada
,wheel-design-052,53.4,3.6,14.0,3.8,10.0,10.0,10.0,2.0,0.0,Descartada: solo 2 medidas distintas; 2 imágenes por debajo de 800x800,2,2,17/18,5x100 5x112,MB,volkswagen,"mediana 181px, mínima 181px",solo 2 medidas distintas; 2 imágenes por debajo de 800x800,precio = escalera fija por diámetro sin PVP verificado; peso = escalera fija por diámetro; 2 fichas con chino del proveedor visible; stock 0 sin seguimiento; transporte no contempla Canarias y contradice «precio cerrado»,Descartada
,wheel-design-076,53.3,3.7,14.0,5.6,10.0,10.0,10.0,0.0,0.0,Descartada: solo 3 medidas distintas; 5 imágenes por debajo de 800x800,3,5,18/19,5x112 5x120,MB,bmw,"mediana 184px, mínima 184px",solo 3 medidas distintas; 5 imágenes por debajo de 800x800,precio = escalera fija por diámetro sin PVP verificado; peso = escalera fija por diámetro; 5 fichas con chino del proveedor visible; stock 0 sin seguimiento; transporte no contempla Canarias y contradice «precio cerrado»,Descartada
,wheel-design-102,53.2,11.8,12.6,3.8,5.0,10.0,10.0,0.0,0.0,Descartada: solo 2 medidas distintas; 2 imágenes por debajo de 800x800; 1 productos con algún campo técnico ausente,2,2,20/21,5x112,B,audi,"mediana 591px, mínima 591px",solo 2 medidas distintas; 2 imágenes por debajo de 800x800; 1 productos con algún campo técnico ausente,precio = escalera fija por diámetro sin PVP verificado; peso = escalera fija por diámetro; 2 fichas con chino del proveedor visible; stock 0 sin seguimiento; transporte no contempla Canarias y contradice «precio cerrado»,Descartada
,wheel-design-119,52.7,6.2,14.0,7.5,5.0,10.0,10.0,0.0,0.0,Descartada: 4 imágenes por debajo de 800x800,4,4,21/22,5x112,MG,mercedes-benz,"mediana 310px, mínima 310px",4 imágenes por debajo de 800x800,precio = escalera fija por diámetro sin PVP verificado; peso = escalera fija por diámetro; 4 fichas con chino del proveedor visible; stock 0 sin seguimiento; transporte no contempla Canarias y contradice «precio cerrado»,Descartada
,wheel-design-067,52.7,2.9,14.0,3.8,10.0,10.0,10.0,2.0,0.0,Descartada: solo 2 medidas distintas; 3 imágenes por debajo de 800x800,2,3,18,5x112 5x114.3,MB,mercedes-benz,"mediana 144px, mínima 144px",solo 2 medidas distintas; 3 imágenes por debajo de 800x800,precio = escalera fija por diámetro sin PVP verificado; peso = escalera fija por diámetro; 3 fichas con chino del proveedor visible; stock 0 sin seguimiento; transporte no contempla Canarias y contradice «precio cerrado»,Descartada
,wheel-design-105,52.7,11.8,14.0,1.9,5.0,10.0,10.0,0.0,0.0,Descartada: solo 1 medidas distintas; 1 imágenes por debajo de 800x800,1,1,20,5x112,MB,audi,"mediana 592px, mínima 592px",solo 1 medidas distintas; 1 imágenes por debajo de 800x800,precio = escalera fija por diámetro sin PVP verificado; peso = escalera fija por diámetro; 1 fichas con chino del proveedor visible; stock 0 sin seguimiento; transporte no contempla Canarias y contradice «precio cerrado»,Descartada
,wheel-design-127,52.7,11.8,14.0,1.9,5.0,10.0,10.0,0.0,0.0,Descartada: solo 1 medidas distintas; 1 imágenes por debajo de 800x800,1,1,18,5x112,MB,volkswagen,"mediana 592px, mínima 592px",solo 1 medidas distintas; 1 imágenes por debajo de 800x800,precio = escalera fija por diámetro sin PVP verificado; peso = escalera fija por diámetro; 1 fichas con chino del proveedor visible; stock 0 sin seguimiento; transporte no contempla Canarias y contradice «precio cerrado»,Descartada
,wheel-design-110,52.6,6.0,14.0,5.6,5.0,10.0,10.0,2.0,0.0,Descartada: solo 3 medidas distintas; 3 imágenes por debajo de 800x800,3,3,19/20,5x112,MIYB,mercedes-benz,"mediana 300px, mínima 300px",solo 3 medidas distintas; 3 imágenes por debajo de 800x800,precio = escalera fija por diámetro sin PVP verificado; peso = escalera fija por diámetro; 3 fichas con chino del proveedor visible; stock 0 sin seguimiento; transporte no contempla Canarias y contradice «precio cerrado»,Descartada
,wheel-design-056,52.6,3.8,20.0,3.8,5.0,10.0,10.0,0.0,0.0,Descartada: solo 2 medidas distintas; 2 imágenes por debajo de 800x800,2,2,20/22,5x112,MB,audi,"mediana 188px, mínima 188px",solo 2 medidas distintas; 2 imágenes por debajo de 800x800,precio = escalera fija por diámetro sin PVP verificado; peso = escalera fija por diámetro; 0 fichas con chino del proveedor visible; stock 0 sin seguimiento; transporte no contempla Canarias y contradice «precio cerrado»,Descartada
,wheel-design-092,52.4,3.5,20.0,1.9,5.0,10.0,10.0,2.0,0.0,Descartada: solo 1 medidas distintas; 1 imágenes por debajo de 800x800,1,1,19,5x112,MG-D,bmw,"mediana 176px, mínima 176px",solo 1 medidas distintas; 1 imágenes por debajo de 800x800,precio = escalera fija por diámetro sin PVP verificado; peso = escalera fija por diámetro; 0 fichas con chino del proveedor visible; stock 0 sin seguimiento; transporte no contempla Canarias y contradice «precio cerrado»,Descartada
,wheel-design-129,52.3,9.5,14.0,3.8,5.0,10.0,10.0,0.0,0.0,Descartada: solo 2 medidas distintas; 2 imágenes por debajo de 800x800,2,2,18/19,5x112,MB,volkswagen,"mediana 476px, mínima 476px",solo 2 medidas distintas; 2 imágenes por debajo de 800x800,precio = escalera fija por diámetro sin PVP verificado; peso = escalera fija por diámetro; 2 fichas con chino del proveedor visible; stock 0 sin seguimiento; transporte no contempla Canarias y contradice «precio cerrado»,Descartada
,wheel-design-071,52.2,3.4,20.0,3.8,5.0,10.0,10.0,0.0,0.0,Descartada: solo 2 medidas distintas; 2 imágenes por debajo de 800x800,2,2,19/22,5x112,MB,audi,"mediana 168px, mínima 168px",solo 2 medidas distintas; 2 imágenes por debajo de 800x800,precio = escalera fija por diámetro sin PVP verificado; peso = escalera fija por diámetro; 0 fichas con chino del proveedor visible; stock 0 sin seguimiento; transporte no contempla Canarias y contradice «precio cerrado»,Descartada
,wheel-design-037,52.2,3.3,20.0,1.9,5.0,10.0,10.0,2.0,0.0,Descartada: solo 1 medidas distintas; 1 imágenes por debajo de 800x800,1,1,20,5x112,P,audi,"mediana 163px, mínima 163px",solo 1 medidas distintas; 1 imágenes por debajo de 800x800,precio = escalera fija por diámetro sin PVP verificado; peso = escalera fija por diámetro; 0 fichas con chino del proveedor visible; stock 0 sin seguimiento; transporte no contempla Canarias y contradice «precio cerrado»,Descartada
,wheel-design-045,52.1,3.6,14.0,7.5,5.0,10.0,10.0,2.0,0.0,Descartada: 5 imágenes por debajo de 800x800,4,5,19/20,5x112,CB P,mercedes-benz,"mediana 179px, mínima 179px",5 imágenes por debajo de 800x800,precio = escalera fija por diámetro sin PVP verificado; peso = escalera fija por diámetro; 5 fichas con chino del proveedor visible; stock 0 sin seguimiento; transporte no contempla Canarias y contradice «precio cerrado»,Descartada
,wheel-design-036,52.1,3.3,20.0,3.8,5.0,10.0,10.0,0.0,0.0,Descartada: solo 2 medidas distintas; 4 imágenes por debajo de 800x800,2,4,19/20,5x112,MB MG,audi,"mediana 167px, mínima 167px",solo 2 medidas distintas; 4 imágenes por debajo de 800x800,precio = escalera fija por diámetro sin PVP verificado; peso = escalera fija por diámetro; 0 fichas con chino del proveedor visible; stock 0 sin seguimiento; transporte no contempla Canarias y contradice «precio cerrado»,Descartada
,wheel-design-024,52.0,3.2,20.0,3.8,5.0,10.0,10.0,0.0,0.0,Descartada: solo 2 medidas distintas; 3 imágenes por debajo de 800x800,2,3,20/22,5x112,B MB,bmw,"mediana 158px, mínima 158px",solo 2 medidas distintas; 3 imágenes por debajo de 800x800,precio = escalera fija por diámetro sin PVP verificado; peso = escalera fija por diámetro; 0 fichas con chino del proveedor visible; stock 0 sin seguimiento; transporte no contempla Canarias y contradice «precio cerrado»,Descartada
,wheel-design-123,52.0,11.1,14.0,1.9,5.0,10.0,10.0,0.0,0.0,Descartada: solo 1 medidas distintas; 1 imágenes por debajo de 800x800,1,1,22,5x112,MB,mercedes-benz,"mediana 555px, mínima 555px",solo 1 medidas distintas; 1 imágenes por debajo de 800x800,precio = escalera fija por diámetro sin PVP verificado; peso = escalera fija por diámetro; 1 fichas con chino del proveedor visible; stock 0 sin seguimiento; transporte no contempla Canarias y contradice «precio cerrado»,Descartada
,wheel-design-026,51.9,3.1,20.0,3.8,5.0,10.0,10.0,0.0,0.0,Descartada: solo 2 medidas distintas; 2 imágenes por debajo de 800x800,2,2,18/19,5x112,MB,audi,"mediana 156px, mínima 156px",solo 2 medidas distintas; 2 imágenes por debajo de 800x800,precio = escalera fija por diámetro sin PVP verificado; peso = escalera fija por diámetro; 0 fichas con chino del proveedor visible; stock 0 sin seguimiento; transporte no contempla Canarias y contradice «precio cerrado»,Descartada
,wheel-design-017,51.9,3.0,20.0,1.9,5.0,10.0,10.0,2.0,0.0,Descartada: solo 1 medidas distintas; 1 imágenes por debajo de 800x800,1,1,18,5x120,S,bmw,"mediana 151px, mínima 151px",solo 1 medidas distintas; 1 imágenes por debajo de 800x800,precio = escalera fija por diámetro sin PVP verificado; peso = escalera fija por diámetro; 0 fichas con chino del proveedor visible; stock 0 sin seguimiento; transporte no contempla Canarias y contradice «precio cerrado»,Descartada
,wheel-design-003,51.8,2.9,20.0,1.9,5.0,10.0,10.0,2.0,0.0,Descartada: solo 1 medidas distintas; 1 imágenes por debajo de 800x800,1,1,17,5x112,S,audi,"mediana 147px, mínima 147px",solo 1 medidas distintas; 1 imágenes por debajo de 800x800,precio = escalera fija por diámetro sin PVP verificado; peso = escalera fija por diámetro; 0 fichas con chino del proveedor visible; stock 0 sin seguimiento; transporte no contempla Canarias y contradice «precio cerrado»,Descartada
,wheel-design-023,51.6,3.8,14.0,3.8,10.0,10.0,10.0,0.0,0.0,Descartada: solo 2 medidas distintas; 7 imágenes por debajo de 800x800,2,7,20,5x112 5x120,MB MG,bmw,"mediana 190px, mínima 190px",solo 2 medidas distintas; 7 imágenes por debajo de 800x800,precio = escalera fija por diámetro sin PVP verificado; peso = escalera fija por diámetro; 7 fichas con chino del proveedor visible; stock 0 sin seguimiento; transporte no contempla Canarias y contradice «precio cerrado»,Descartada
,wheel-design-001,51.6,2.7,20.0,1.9,5.0,10.0,10.0,2.0,0.0,Descartada: solo 1 medidas distintas; 1 imágenes por debajo de 800x800,1,1,18,5x112,S,mercedes-benz,"mediana 133px, mínima 133px",solo 1 medidas distintas; 1 imágenes por debajo de 800x800,precio = escalera fija por diámetro sin PVP verificado; peso = escalera fija por diámetro; 0 fichas con chino del proveedor visible; stock 0 sin seguimiento; transporte no contempla Canarias y contradice «precio cerrado»,Descartada
,wheel-design-004,51.5,2.6,20.0,1.9,5.0,10.0,10.0,2.0,0.0,Descartada: solo 1 medidas distintas; 1 imágenes por debajo de 800x800,1,1,18,5x112,S,audi,"mediana 131px, mínima 131px",solo 1 medidas distintas; 1 imágenes por debajo de 800x800,precio = escalera fija por diámetro sin PVP verificado; peso = escalera fija por diámetro; 0 fichas con chino del proveedor visible; stock 0 sin seguimiento; transporte no contempla Canarias y contradice «precio cerrado»,Descartada
,wheel-design-104,51.0,0.8,17.6,5.6,5.0,10.0,10.0,2.0,0.0,Descartada: solo 3 medidas distintas; 5 imágenes por debajo de 800x800,3,5,20/21,5x112,MB MS SGMF,audi,"mediana 39px, mínima 39px",solo 3 medidas distintas; 5 imágenes por debajo de 800x800,precio = escalera fija por diámetro sin PVP verificado; peso = escalera fija por diámetro; 2 fichas con chino del proveedor visible; stock 0 sin seguimiento; transporte no contempla Canarias y contradice «precio cerrado»,Descartada
,wheel-design-128,51.0,10.1,14.0,1.9,5.0,10.0,10.0,0.0,0.0,Descartada: solo 1 medidas distintas; 1 imágenes por debajo de 800x800,1,1,18,5x112,MB,volkswagen,"mediana 503px, mínima 503px",solo 1 medidas distintas; 1 imágenes por debajo de 800x800,precio = escalera fija por diámetro sin PVP verificado; peso = escalera fija por diámetro; 1 fichas con chino del proveedor visible; stock 0 sin seguimiento; transporte no contempla Canarias y contradice «precio cerrado»,Descartada
,wheel-design-118,50.9,6.1,14.0,3.8,5.0,10.0,10.0,2.0,0.0,Descartada: solo 2 medidas distintas; 4 imágenes por debajo de 800x800,2,4,21,5x112,GMF+CHROMEINSERT MB,bmw,"mediana 303px, mínima 303px",solo 2 medidas distintas; 4 imágenes por debajo de 800x800,precio = escalera fija por diámetro sin PVP verificado; peso = escalera fija por diámetro; 4 fichas con chino del proveedor visible; stock 0 sin seguimiento; transporte no contempla Canarias y contradice «precio cerrado»,Descartada
,wheel-design-057,50.8,4.3,14.0,7.5,5.0,10.0,10.0,0.0,0.0,Descartada: 4 imágenes por debajo de 800x800,4,4,19/20/21,5x112,B,mercedes-benz,"mediana 215px, mínima 215px",4 imágenes por debajo de 800x800,precio = escalera fija por diámetro sin PVP verificado; peso = escalera fija por diámetro; 4 fichas con chino del proveedor visible; stock 0 sin seguimiento; transporte no contempla Canarias y contradice «precio cerrado»,Descartada
,wheel-design-090,50.7,3.8,20.0,1.9,5.0,10.0,10.0,0.0,0.0,Descartada: solo 1 medidas distintas; 1 imágenes por debajo de 800x800,1,1,18,5x112,MB,mercedes-benz,"mediana 189px, mínima 189px",solo 1 medidas distintas; 1 imágenes por debajo de 800x800,precio = escalera fija por diámetro sin PVP verificado; peso = escalera fija por diámetro; 0 fichas con chino del proveedor visible; stock 0 sin seguimiento; transporte no contempla Canarias y contradice «precio cerrado»,Descartada
,wheel-design-094,50.7,3.8,20.0,1.9,5.0,10.0,10.0,0.0,0.0,Descartada: solo 1 medidas distintas; 1 imágenes por debajo de 800x800,1,1,19,5x112,MB,audi,"mediana 191px, mínima 191px",solo 1 medidas distintas; 1 imágenes por debajo de 800x800,precio = escalera fija por diámetro sin PVP verificado; peso = escalera fija por diámetro; 0 fichas con chino del proveedor visible; stock 0 sin seguimiento; transporte no contempla Canarias y contradice «precio cerrado»,Descartada
,wheel-design-108,50.5,3.9,14.0,5.6,5.0,10.0,10.0,2.0,0.0,Descartada: solo 3 medidas distintas; 3 imágenes por debajo de 800x800,3,3,19/20,5x112,MIYB,mercedes-benz,"mediana 193px, mínima 193px",solo 3 medidas distintas; 3 imágenes por debajo de 800x800,precio = escalera fija por diámetro sin PVP verificado; peso = escalera fija por diámetro; 3 fichas con chino del proveedor visible; stock 0 sin seguimiento; transporte no contempla Canarias y contradice «precio cerrado»,Descartada
,wheel-design-075,50.4,3.8,14.0,5.6,5.0,10.0,10.0,2.0,0.0,Descartada: solo 3 medidas distintas; 3 imágenes por debajo de 800x800,3,3,18/19,5x112,P,mercedes-benz,"mediana 190px, mínima 190px",solo 3 medidas distintas; 3 imágenes por debajo de 800x800,precio = escalera fija por diámetro sin PVP verificado; peso = escalera fija por diámetro; 3 fichas con chino del proveedor visible; stock 0 sin seguimiento; transporte no contempla Canarias y contradice «precio cerrado»,Descartada
,wheel-design-069,50.2,3.7,14.0,7.5,5.0,10.0,10.0,0.0,0.0,Descartada: 4 imágenes por debajo de 800x800,4,4,19/20,5x112,MB,mercedes-benz,"mediana 183px, mínima 183px",4 imágenes por debajo de 800x800,precio = escalera fija por diámetro sin PVP verificado; peso = escalera fija por diámetro; 4 fichas con chino del proveedor visible; stock 0 sin seguimiento; transporte no contempla Canarias y contradice «precio cerrado»,Descartada
,wheel-design-002,50.2,3.3,20.0,1.9,5.0,10.0,10.0,0.0,0.0,Descartada: solo 1 medidas distintas; 1 imágenes por debajo de 800x800,1,1,18,5x112,MB,volkswagen,"mediana 167px, mínima 167px",solo 1 medidas distintas; 1 imágenes por debajo de 800x800,precio = escalera fija por diámetro sin PVP verificado; peso = escalera fija por diámetro; 0 fichas con chino del proveedor visible; stock 0 sin seguimiento; transporte no contempla Canarias y contradice «precio cerrado»,Descartada
,wheel-design-027,50.2,3.3,20.0,1.9,5.0,10.0,10.0,0.0,0.0,Descartada: solo 1 medidas distintas; 1 imágenes por debajo de 800x800,1,1,19,5x112,MB,audi,"mediana 167px, mínima 167px",solo 1 medidas distintas; 1 imágenes por debajo de 800x800,precio = escalera fija por diámetro sin PVP verificado; peso = escalera fija por diámetro; 0 fichas con chino del proveedor visible; stock 0 sin seguimiento; transporte no contempla Canarias y contradice «precio cerrado»,Descartada
,wheel-design-079,50.0,3.4,14.0,5.6,5.0,10.0,10.0,2.0,0.0,Descartada: solo 3 medidas distintas; 5 imágenes por debajo de 800x800,3,5,19/20,5x120,B MATTE BLACK,bmw,"mediana 172px, mínima 172px",solo 3 medidas distintas; 5 imágenes por debajo de 800x800,precio = escalera fija por diámetro sin PVP verificado; peso = escalera fija por diámetro; 5 fichas con chino del proveedor visible; stock 0 sin seguimiento; transporte no contempla Canarias y contradice «precio cerrado»,Descartada
,wheel-design-046,50.0,3.5,14.0,7.5,5.0,10.0,10.0,0.0,0.0,Descartada: 4 imágenes por debajo de 800x800,4,4,19/20,5x112,MB,mercedes-benz,"mediana 176px, mínima 176px",4 imágenes por debajo de 800x800,precio = escalera fija por diámetro sin PVP verificado; peso = escalera fija por diámetro; 4 fichas con chino del proveedor visible; stock 0 sin seguimiento; transporte no contempla Canarias y contradice «precio cerrado»,Descartada
,wheel-design-006,49.7,2.8,20.0,1.9,5.0,10.0,10.0,0.0,0.0,Descartada: solo 1 medidas distintas; 1 imágenes por debajo de 800x800,1,1,17,5x112,MG,mercedes-benz,"mediana 138px, mínima 138px",solo 1 medidas distintas; 1 imágenes por debajo de 800x800,precio = escalera fija por diámetro sin PVP verificado; peso = escalera fija por diámetro; 0 fichas con chino del proveedor visible; stock 0 sin seguimiento; transporte no contempla Canarias y contradice «precio cerrado»,Descartada
,wheel-design-007,49.5,2.6,20.0,1.9,5.0,10.0,10.0,0.0,0.0,Descartada: solo 1 medidas distintas; 1 imágenes por debajo de 800x800,1,1,18,5x112,MB,volkswagen,"mediana 131px, mínima 131px",solo 1 medidas distintas; 1 imágenes por debajo de 800x800,precio = escalera fija por diámetro sin PVP verificado; peso = escalera fija por diámetro; 0 fichas con chino del proveedor visible; stock 0 sin seguimiento; transporte no contempla Canarias y contradice «precio cerrado»,Descartada
,wheel-design-009,49.5,2.6,20.0,1.9,5.0,10.0,10.0,0.0,0.0,Descartada: solo 1 medidas distintas; 1 imágenes por debajo de 800x800,1,1,19,5x112,MB,audi,"mediana 128px, mínima 128px",solo 1 medidas distintas; 1 imágenes por debajo de 800x800,precio = escalera fija por diámetro sin PVP verificado; peso = escalera fija por diámetro; 0 fichas con chino del proveedor visible; stock 0 sin seguimiento; transporte no contempla Canarias y contradice «precio cerrado»,Descartada
,wheel-design-008,49.4,2.5,20.0,1.9,5.0,10.0,10.0,0.0,0.0,Descartada: solo 1 medidas distintas; 1 imágenes por debajo de 800x800,1,1,18,5x112,MB,volkswagen,"mediana 126px, mínima 126px",solo 1 medidas distintas; 1 imágenes por debajo de 800x800,precio = escalera fija por diámetro sin PVP verificado; peso = escalera fija por diámetro; 0 fichas con chino del proveedor visible; stock 0 sin seguimiento; transporte no contempla Canarias y contradice «precio cerrado»,Descartada
,wheel-design-010,49.4,2.5,20.0,1.9,5.0,10.0,10.0,0.0,0.0,Descartada: solo 1 medidas distintas; 1 imágenes por debajo de 800x800,1,1,18,5x112,MB,volkswagen,"mediana 123px, mínima 123px",solo 1 medidas distintas; 1 imágenes por debajo de 800x800,precio = escalera fija por diámetro sin PVP verificado; peso = escalera fija por diámetro; 0 fichas con chino del proveedor visible; stock 0 sin seguimiento; transporte no contempla Canarias y contradice «precio cerrado»,Descartada
,wheel-design-117,49.1,6.3,14.0,3.8,5.0,10.0,10.0,0.0,0.0,Descartada: solo 2 medidas distintas; 4 imágenes por debajo de 800x800,2,4,20,5x112,MB MG,bmw,"mediana 315px, mínima 315px",solo 2 medidas distintas; 4 imágenes por debajo de 800x800,precio = escalera fija por diámetro sin PVP verificado; peso = escalera fija por diámetro; 4 fichas con chino del proveedor visible; stock 0 sin seguimiento; transporte no contempla Canarias y contradice «precio cerrado»,Descartada
,wheel-design-116,49.1,6.3,14.0,3.8,5.0,10.0,10.0,0.0,0.0,Descartada: solo 2 medidas distintas; 2 imágenes por debajo de 800x800,2,2,20,5x112,MB,bmw,"mediana 317px, mínima 317px",solo 2 medidas distintas; 2 imágenes por debajo de 800x800,precio = escalera fija por diámetro sin PVP verificado; peso = escalera fija por diámetro; 2 fichas con chino del proveedor visible; stock 0 sin seguimiento; transporte no contempla Canarias y contradice «precio cerrado»,Descartada
,wheel-design-114,48.9,6.1,14.0,3.8,5.0,10.0,10.0,0.0,0.0,Descartada: solo 2 medidas distintas; 2 imágenes por debajo de 800x800,2,2,20,5x112,MB,bmw,"mediana 304px, mínima 304px",solo 2 medidas distintas; 2 imágenes por debajo de 800x800,precio = escalera fija por diámetro sin PVP verificado; peso = escalera fija por diámetro; 2 fichas con chino del proveedor visible; stock 0 sin seguimiento; transporte no contempla Canarias y contradice «precio cerrado»,Descartada
,wheel-design-106,48.6,3.8,14.0,3.8,5.0,10.0,10.0,2.0,0.0,Descartada: solo 2 medidas distintas; 3 imágenes por debajo de 800x800,2,3,18/19,5x112,MB SMH,volkswagen,"mediana 192px, mínima 192px",solo 2 medidas distintas; 3 imágenes por debajo de 800x800,precio = escalera fija por diámetro sin PVP verificado; peso = escalera fija por diámetro; 3 fichas con chino del proveedor visible; stock 0 sin seguimiento; transporte no contempla Canarias y contradice «precio cerrado»,Descartada
,wheel-design-100,48.6,1.7,20.0,1.9,5.0,10.0,10.0,0.0,0.0,Descartada: solo 1 medidas distintas; 1 imágenes por debajo de 800x800,1,1,19,5x112,MB,audi,"mediana 83px, mínima 83px",solo 1 medidas distintas; 1 imágenes por debajo de 800x800,precio = escalera fija por diámetro sin PVP verificado; peso = escalera fija por diámetro; 0 fichas con chino del proveedor visible; stock 0 sin seguimiento; transporte no contempla Canarias y contradice «precio cerrado»,Descartada
,wheel-design-078,48.4,3.8,14.0,5.6,5.0,10.0,10.0,0.0,0.0,Descartada: solo 3 medidas distintas; 3 imágenes por debajo de 800x800,3,3,18/19,5x112,MB,mercedes-benz,"mediana 189px, mínima 189px",solo 3 medidas distintas; 3 imágenes por debajo de 800x800,precio = escalera fija por diámetro sin PVP verificado; peso = escalera fija por diámetro; 3 fichas con chino del proveedor visible; stock 0 sin seguimiento; transporte no contempla Canarias y contradice «precio cerrado»,Descartada
,wheel-design-085,48.4,3.6,14.0,3.8,5.0,10.0,10.0,2.0,0.0,Descartada: solo 2 medidas distintas; 2 imágenes por debajo de 800x800,2,2,19/20,5x112,MATT GUNMETAL MACHINE,audi,"mediana 178px, mínima 178px",solo 2 medidas distintas; 2 imágenes por debajo de 800x800,precio = escalera fija por diámetro sin PVP verificado; peso = escalera fija por diámetro; 2 fichas con chino del proveedor visible; stock 0 sin seguimiento; transporte no contempla Canarias y contradice «precio cerrado»,Descartada
,wheel-design-083,48.2,3.6,14.0,5.6,5.0,10.0,10.0,0.0,0.0,Descartada: solo 3 medidas distintas; 3 imágenes por debajo de 800x800,3,3,17/19/20,5x112,MB,volkswagen,"mediana 181px, mínima 181px",solo 3 medidas distintas; 3 imágenes por debajo de 800x800,precio = escalera fija por diámetro sin PVP verificado; peso = escalera fija por diámetro; 3 fichas con chino del proveedor visible; stock 0 sin seguimiento; transporte no contempla Canarias y contradice «precio cerrado»,Descartada
,wheel-design-051,48.1,3.3,14.0,3.8,5.0,10.0,10.0,2.0,0.0,Descartada: solo 2 medidas distintas; 4 imágenes por debajo de 800x800,2,4,18/19,5x112,B S,volkswagen,"mediana 165px, mínima 165px",solo 2 medidas distintas; 4 imágenes por debajo de 800x800,precio = escalera fija por diámetro sin PVP verificado; peso = escalera fija por diámetro; 4 fichas con chino del proveedor visible; stock 0 sin seguimiento; transporte no contempla Canarias y contradice «precio cerrado»,Descartada
,wheel-design-058,48.0,3.4,14.0,5.6,5.0,10.0,10.0,0.0,0.0,Descartada: solo 3 medidas distintas; 3 imágenes por debajo de 800x800,3,3,18/19,5x112,MB,mercedes-benz,"mediana 172px, mínima 172px",solo 3 medidas distintas; 3 imágenes por debajo de 800x800,precio = escalera fija por diámetro sin PVP verificado; peso = escalera fija por diámetro; 3 fichas con chino del proveedor visible; stock 0 sin seguimiento; transporte no contempla Canarias y contradice «precio cerrado»,Descartada
,wheel-design-095,48.0,3.4,14.0,5.6,5.0,10.0,10.0,0.0,0.0,Descartada: solo 3 medidas distintas; 3 imágenes por debajo de 800x800,3,3,19/20,5x112,MB,mercedes-benz,"mediana 172px, mínima 172px",solo 3 medidas distintas; 3 imágenes por debajo de 800x800,precio = escalera fija por diámetro sin PVP verificado; peso = escalera fija por diámetro; 3 fichas con chino del proveedor visible; stock 0 sin seguimiento; transporte no contempla Canarias y contradice «precio cerrado»,Descartada
,wheel-design-014,47.3,2.5,14.0,3.8,5.0,10.0,10.0,2.0,0.0,Descartada: solo 2 medidas distintas; 2 imágenes por debajo de 800x800,2,2,18,5x120,B S,bmw,"mediana 126px, mínima 126px",solo 2 medidas distintas; 2 imágenes por debajo de 800x800,precio = escalera fija por diámetro sin PVP verificado; peso = escalera fija por diámetro; 2 fichas con chino del proveedor visible; stock 0 sin seguimiento; transporte no contempla Canarias y contradice «precio cerrado»,Descartada
,wheel-design-115,47.3,6.4,14.0,1.9,5.0,10.0,10.0,0.0,0.0,Descartada: solo 1 medidas distintas; 1 imágenes por debajo de 800x800,1,1,18,5x112,MB,volkswagen,"mediana 318px, mínima 318px",solo 1 medidas distintas; 1 imágenes por debajo de 800x800,precio = escalera fija por diámetro sin PVP verificado; peso = escalera fija por diámetro; 1 fichas con chino del proveedor visible; stock 0 sin seguimiento; transporte no contempla Canarias y contradice «precio cerrado»,Descartada
,wheel-design-082,46.7,3.9,14.0,3.8,5.0,10.0,10.0,0.0,0.0,Descartada: solo 2 medidas distintas; 4 imágenes por debajo de 800x800,2,4,20,5x112,B MG,bmw,"mediana 194px, mínima 194px",solo 2 medidas distintas; 4 imágenes por debajo de 800x800,precio = escalera fija por diámetro sin PVP verificado; peso = escalera fija por diámetro; 4 fichas con chino del proveedor visible; stock 0 sin seguimiento; transporte no contempla Canarias y contradice «precio cerrado»,Descartada
,wheel-design-091,46.6,3.7,14.0,1.9,5.0,10.0,10.0,2.0,0.0,Descartada: solo 1 medidas distintas; 1 imágenes por debajo de 800x800,1,1,19,5x120,MS,bmw,"mediana 186px, mínima 186px",solo 1 medidas distintas; 1 imágenes por debajo de 800x800,precio = escalera fija por diámetro sin PVP verificado; peso = escalera fija por diámetro; 1 fichas con chino del proveedor visible; stock 0 sin seguimiento; transporte no contempla Canarias y contradice «precio cerrado»,Descartada
,wheel-design-063,46.5,3.7,14.0,3.8,5.0,10.0,10.0,0.0,0.0,Descartada: solo 2 medidas distintas; 2 imágenes por debajo de 800x800,2,2,20,5x112,MB,mercedes-benz,"mediana 186px, mínima 186px",solo 2 medidas distintas; 2 imágenes por debajo de 800x800,precio = escalera fija por diámetro sin PVP verificado; peso = escalera fija por diámetro; 2 fichas con chino del proveedor visible; stock 0 sin seguimiento; transporte no contempla Canarias y contradice «precio cerrado»,Descartada
,wheel-design-005,46.5,2.6,14.0,1.9,5.0,10.0,10.0,3.0,0.0,Descartada: solo 1 medidas distintas; 1 imágenes por debajo de 800x800,1,1,16,5x112,S,volkswagen,"mediana 131px, mínima 131px",solo 1 medidas distintas; 1 imágenes por debajo de 800x800,precio = escalera fija por diámetro sin PVP verificado; peso = escalera fija por diámetro; 1 fichas con chino del proveedor visible; stock 0 sin seguimiento; transporte no contempla Canarias y contradice «precio cerrado»,Descartada
,wheel-design-084,46.3,3.5,14.0,3.8,5.0,10.0,10.0,0.0,0.0,Descartada: solo 2 medidas distintas; 2 imágenes por debajo de 800x800,2,2,21,5x112,MBI,mercedes-benz,"mediana 177px, mínima 177px",solo 2 medidas distintas; 2 imágenes por debajo de 800x800,precio = escalera fija por diámetro sin PVP verificado; peso = escalera fija por diámetro; 2 fichas con chino del proveedor visible; stock 0 sin seguimiento; transporte no contempla Canarias y contradice «precio cerrado»,Descartada
,wheel-design-087,46.1,3.3,14.0,3.8,5.0,10.0,10.0,0.0,0.0,Descartada: solo 2 medidas distintas; 2 imágenes por debajo de 800x800,2,2,20,5x112,MB,bmw,"mediana 167px, mínima 167px",solo 2 medidas distintas; 2 imágenes por debajo de 800x800,precio = escalera fija por diámetro sin PVP verificado; peso = escalera fija por diámetro; 2 fichas con chino del proveedor visible; stock 0 sin seguimiento; transporte no contempla Canarias y contradice «precio cerrado»,Descartada
,wheel-design-096,46.1,3.2,14.0,1.9,5.0,10.0,10.0,2.0,0.0,Descartada: solo 1 medidas distintas; 1 imágenes por debajo de 800x800,1,1,19,5x112,G,volkswagen,"mediana 160px, mínima 160px",solo 1 medidas distintas; 1 imágenes por debajo de 800x800,precio = escalera fija por diámetro sin PVP verificado; peso = escalera fija por diámetro; 1 fichas con chino del proveedor visible; stock 0 sin seguimiento; transporte no contempla Canarias y contradice «precio cerrado»,Descartada
,wheel-design-034,46.0,3.2,14.0,3.8,5.0,10.0,10.0,0.0,0.0,Descartada: solo 2 medidas distintas; 3 imágenes por debajo de 800x800,2,3,17/19,5x120,B MB,bmw,"mediana 160px, mínima 160px",solo 2 medidas distintas; 3 imágenes por debajo de 800x800,precio = escalera fija por diámetro sin PVP verificado; peso = escalera fija por diámetro; 3 fichas con chino del proveedor visible; stock 0 sin seguimiento; transporte no contempla Canarias y contradice «precio cerrado»,Descartada
,wheel-design-033,46.0,3.1,14.0,1.9,5.0,10.0,10.0,2.0,0.0,Descartada: solo 1 medidas distintas; 2 imágenes por debajo de 800x800,1,2,18,5x112,MG MG-D,bmw,"mediana 156px, mínima 156px",solo 1 medidas distintas; 2 imágenes por debajo de 800x800,precio = escalera fija por diámetro sin PVP verificado; peso = escalera fija por diámetro; 2 fichas con chino del proveedor visible; stock 0 sin seguimiento; transporte no contempla Canarias y contradice «precio cerrado»,Descartada
,wheel-design-031,46.0,3.1,14.0,1.9,5.0,10.0,10.0,2.0,0.0,Descartada: solo 1 medidas distintas; 1 imágenes por debajo de 800x800,1,1,18,5x112,S,bmw,"mediana 156px, mínima 156px",solo 1 medidas distintas; 1 imágenes por debajo de 800x800,precio = escalera fija por diámetro sin PVP verificado; peso = escalera fija por diámetro; 1 fichas con chino del proveedor visible; stock 0 sin seguimiento; transporte no contempla Canarias y contradice «precio cerrado»,Descartada
,wheel-design-032,46.0,3.1,14.0,1.9,5.0,10.0,10.0,2.0,0.0,Descartada: solo 1 medidas distintas; 1 imágenes por debajo de 800x800,1,1,18,5x120,S,bmw,"mediana 156px, mínima 156px",solo 1 medidas distintas; 1 imágenes por debajo de 800x800,precio = escalera fija por diámetro sin PVP verificado; peso = escalera fija por diámetro; 1 fichas con chino del proveedor visible; stock 0 sin seguimiento; transporte no contempla Canarias y contradice «precio cerrado»,Descartada
,wheel-design-022,45.8,2.9,14.0,1.9,5.0,10.0,10.0,2.0,0.0,Descartada: solo 1 medidas distintas; 1 imágenes por debajo de 800x800,1,1,17,5x120,S,bmw,"mediana 147px, mínima 147px",solo 1 medidas distintas; 1 imágenes por debajo de 800x800,precio = escalera fija por diámetro sin PVP verificado; peso = escalera fija por diámetro; 1 fichas con chino del proveedor visible; stock 0 sin seguimiento; transporte no contempla Canarias y contradice «precio cerrado»,Descartada
,wheel-design-028,45.7,2.8,14.0,1.9,5.0,10.0,10.0,2.0,0.0,Descartada: solo 1 medidas distintas; 1 imágenes por debajo de 800x800,1,1,18,5x120,MS,bmw,"mediana 142px, mínima 142px",solo 1 medidas distintas; 1 imágenes por debajo de 800x800,precio = escalera fija por diámetro sin PVP verificado; peso = escalera fija por diámetro; 1 fichas con chino del proveedor visible; stock 0 sin seguimiento; transporte no contempla Canarias y contradice «precio cerrado»,Descartada
,wheel-design-086,44.9,4.0,14.0,1.9,5.0,10.0,10.0,0.0,0.0,Descartada: solo 1 medidas distintas; 1 imágenes por debajo de 800x800,1,1,20,5x112,MB,audi,"mediana 198px, mínima 198px",solo 1 medidas distintas; 1 imágenes por debajo de 800x800,precio = escalera fija por diámetro sin PVP verificado; peso = escalera fija por diámetro; 1 fichas con chino del proveedor visible; stock 0 sin seguimiento; transporte no contempla Canarias y contradice «precio cerrado»,Descartada
,wheel-design-080,44.7,3.8,14.0,1.9,5.0,10.0,10.0,0.0,0.0,Descartada: solo 1 medidas distintas; 1 imágenes por debajo de 800x800,1,1,17,5x120,MG,bmw,"mediana 192px, mínima 192px",solo 1 medidas distintas; 1 imágenes por debajo de 800x800,precio = escalera fija por diámetro sin PVP verificado; peso = escalera fija por diámetro; 1 fichas con chino del proveedor visible; stock 0 sin seguimiento; transporte no contempla Canarias y contradice «precio cerrado»,Descartada
,wheel-design-109,44.6,3.7,14.0,1.9,5.0,10.0,10.0,0.0,0.0,Descartada: solo 1 medidas distintas; 1 imágenes por debajo de 800x800,1,1,17,5x112,MB,volkswagen,"mediana 183px, mínima 183px",solo 1 medidas distintas; 1 imágenes por debajo de 800x800,precio = escalera fija por diámetro sin PVP verificado; peso = escalera fija por diámetro; 1 fichas con chino del proveedor visible; stock 0 sin seguimiento; transporte no contempla Canarias y contradice «precio cerrado»,Descartada
,wheel-design-098,44.1,3.2,14.0,1.9,5.0,10.0,10.0,0.0,0.0,Descartada: solo 1 medidas distintas; 1 imágenes por debajo de 800x800,1,1,21,5x112,MB,volkswagen,"mediana 161px, mínima 161px",solo 1 medidas distintas; 1 imágenes por debajo de 800x800,precio = escalera fija por diámetro sin PVP verificado; peso = escalera fija por diámetro; 1 fichas con chino del proveedor visible; stock 0 sin seguimiento; transporte no contempla Canarias y contradice «precio cerrado»,Descartada
,wheel-design-012,44.0,3.1,14.0,1.9,5.0,10.0,10.0,0.0,0.0,Descartada: solo 1 medidas distintas; 1 imágenes por debajo de 800x800,1,1,18,5x112,MB,volkswagen,"mediana 154px, mínima 154px",solo 1 medidas distintas; 1 imágenes por debajo de 800x800,precio = escalera fija por diámetro sin PVP verificado; peso = escalera fija por diámetro; 1 fichas con chino del proveedor visible; stock 0 sin seguimiento; transporte no contempla Canarias y contradice «precio cerrado»,Descartada
,wheel-design-035,44.0,3.1,14.0,1.9,5.0,10.0,10.0,0.0,0.0,Descartada: solo 1 medidas distintas; 1 imágenes por debajo de 800x800,1,1,18,5x112,MG,mercedes-benz,"mediana 154px, mínima 154px",solo 1 medidas distintas; 1 imágenes por debajo de 800x800,precio = escalera fija por diámetro sin PVP verificado; peso = escalera fija por diámetro; 1 fichas con chino del proveedor visible; stock 0 sin seguimiento; transporte no contempla Canarias y contradice «precio cerrado»,Descartada
,wheel-design-093,44.0,3.1,14.0,1.9,5.0,10.0,10.0,0.0,0.0,Descartada: solo 1 medidas distintas; 1 imágenes por debajo de 800x800,1,1,17,5x112,MB,volkswagen,"mediana 155px, mínima 155px",solo 1 medidas distintas; 1 imágenes por debajo de 800x800,precio = escalera fija por diámetro sin PVP verificado; peso = escalera fija por diámetro; 1 fichas con chino del proveedor visible; stock 0 sin seguimiento; transporte no contempla Canarias y contradice «precio cerrado»,Descartada
,wheel-design-021,43.9,3.0,14.0,1.9,5.0,10.0,10.0,0.0,0.0,Descartada: solo 1 medidas distintas; 1 imágenes por debajo de 800x800,1,1,18,5x120,MG,bmw,"mediana 151px, mínima 151px",solo 1 medidas distintas; 1 imágenes por debajo de 800x800,precio = escalera fija por diámetro sin PVP verificado; peso = escalera fija por diámetro; 1 fichas con chino del proveedor visible; stock 0 sin seguimiento; transporte no contempla Canarias y contradice «precio cerrado»,Descartada
,wheel-design-097,43.8,2.9,14.0,1.9,5.0,10.0,10.0,0.0,0.0,Descartada: solo 1 medidas distintas; 1 imágenes por debajo de 800x800,1,1,19,5x112,MB,volkswagen,"mediana 146px, mínima 146px",solo 1 medidas distintas; 1 imágenes por debajo de 800x800,precio = escalera fija por diámetro sin PVP verificado; peso = escalera fija por diámetro; 1 fichas con chino del proveedor visible; stock 0 sin seguimiento; transporte no contempla Canarias y contradice «precio cerrado»,Descartada
,wheel-design-016,43.6,2.7,14.0,1.9,5.0,10.0,10.0,0.0,0.0,Descartada: solo 1 medidas distintas; 1 imágenes por debajo de 800x800,1,1,18,5x112,MG,bmw,"mediana 133px, mínima 133px",solo 1 medidas distintas; 1 imágenes por debajo de 800x800,precio = escalera fija por diámetro sin PVP verificado; peso = escalera fija por diámetro; 1 fichas con chino del proveedor visible; stock 0 sin seguimiento; transporte no contempla Canarias y contradice «precio cerrado»,Descartada
,wheel-design-018,43.3,2.4,14.0,1.9,5.0,10.0,10.0,0.0,0.0,Descartada: solo 1 medidas distintas; 2 imágenes por debajo de 800x800,1,2,20,5x120,B MG,bmw,"mediana 121px, mínima 121px",solo 1 medidas distintas; 2 imágenes por debajo de 800x800,precio = escalera fija por diámetro sin PVP verificado; peso = escalera fija por diámetro; 2 fichas con chino del proveedor visible; stock 0 sin seguimiento; transporte no contempla Canarias y contradice «precio cerrado»,Descartada
,wheel-design-013,43.2,2.3,14.0,1.9,5.0,10.0,10.0,0.0,0.0,Descartada: solo 1 medidas distintas; 1 imágenes por debajo de 800x800,1,1,18,5x112,MG,mercedes-benz,"mediana 116px, mínima 116px",solo 1 medidas distintas; 1 imágenes por debajo de 800x800,precio = escalera fija por diámetro sin PVP verificado; peso = escalera fija por diámetro; 1 fichas con chino del proveedor visible; stock 0 sin seguimiento; transporte no contempla Canarias y contradice «precio cerrado»,Descartada
,sin-diseno,42.8,0,14.0,3.8,5.0,10.0,10.0,0.0,0.0,Descartada: solo 2 medidas distintas; 2 productos sin imagen,2,2,19/21,5x112,MB,audi,"mediana 0px, mínima 0px",solo 2 medidas distintas; 2 productos sin imagen,precio = escalera fija por diámetro sin PVP verificado; peso = escalera fija por diámetro; 2 fichas con chino del proveedor visible; stock 0 sin seguimiento; transporte no contempla Canarias y contradice «precio cerrado»,Descartada
